setting,detector,test,size_mult,session,episode,score,ratio,hit,small_filled,threshold
main,Principle (accounts),spoof_calm,1,0,0,0.0,0.0,False,True,10.0
main,Principle (accounts),spoof_calm,1,0,1,0.0,0.0,False,True,10.0
main,Untaught IForest (accounts),spoof_calm,1,0,0,0.5899497502815828,0.7613631195088254,False,True,0.7748598995209728
main,Untaught IForest (accounts),spoof_calm,1,0,1,0.5899497502815828,0.7613631195088254,False,True,0.7748598995209728
main,Principle (accounts),spoof_calm,1,1,0,0.0,0.0,False,True,10.0
main,Principle (accounts),spoof_calm,1,1,1,0.0,0.0,False,True,10.0
main,Untaught IForest (accounts),spoof_calm,1,1,0,0.5899497502815828,0.7613631195088254,False,True,0.7748598995209728
main,Untaught IForest (accounts),spoof_calm,1,1,1,0.5899497502815828,0.7613631195088254,False,True,0.7748598995209728
main,Principle (accounts),spoof_calm,1,2,0,0.0,0.0,False,True,10.0
main,Principle (accounts),spoof_calm,1,2,1,0.0,0.0,False,True,10.0
main,Untaught IForest (accounts),spoof_calm,1,2,0,0.5850010013601273,0.7549764824864232,False,True,0.7748598995209728
main,Untaught IForest (accounts),spoof_calm,1,2,1,0.5850010013601273,0.7549764824864232,False,True,0.7748598995209728
main,Principle (accounts),spoof_calm,1,3,0,0.0,0.0,False,False,10.0
main,Principle (accounts),spoof_calm,1,3,1,0.0,0.0,False,True,10.0
main,Untaught IForest (accounts),spoof_calm,1,3,0,0.5780484512996218,0.746003828120384,False,False,0.7748598995209728
main,Untaught IForest (accounts),spoof_calm,1,3,1,0.5899497502815828,0.7613631195088254,False,True,0.7748598995209728
main,Principle (accounts),spoof_calm,1,4,0,0.0,0.0,False,True,10.0
main,Principle (accounts),spoof_calm,1,4,1,0.0,0.0,False,False,10.0
main,Untaught IForest (accounts),spoof_calm,1,4,0,0.5899497502815828,0.7613631195088254,False,True,0.7748598995209728
main,Untaught IForest (accounts),spoof_calm,1,4,1,0.5780484512996218,0.746003828120384,False,False,0.7748598995209728
main,Principle (accounts),spoof_calm,1,5,0,0.0,0.0,False,False,10.0
main,Principle (accounts),spoof_calm,1,5,1,0.0,0.0,False,True,10.0
main,Untaught IForest (accounts),spoof_calm,1,5,0,0.5780484512996218,0.746003828120384,False,False,0.7748598995209728
main,Untaught IForest (accounts),spoof_calm,1,5,1,0.5850010013601273,0.7549764824864232,False,True,0.7748598995209728
main,Principle (accounts),spoof_calm,1,6,0,0.0,0.0,False,True,10.0
main,Principle (accounts),spoof_calm,1,6,1,0.0,0.0,False,True,10.0
main,Untaught IForest (accounts),spoof_calm,1,6,0,0.5899497502815828,0.7613631195088254,False,True,0.7748598995209728
main,Untaught IForest (accounts),spoof_calm,1,6,1,0.5899497502815828,0.7613631195088254,False,True,0.7748598995209728
main,Principle (accounts),spoof_calm,1,7,0,0.0,0.0,False,False,10.0
main,Principle (accounts),spoof_calm,1,7,1,0.0,0.0,False,True,10.0
main,Untaught IForest (accounts),spoof_calm,1,7,0,0.5780484512996218,0.746003828120384,False,False,0.7748598995209728
main,Untaught IForest (accounts),spoof_calm,1,7,1,0.5899497502815828,0.7613631195088254,False,True,0.7748598995209728
main,Principle (accounts),spoof_calm,1,8,0,0.0,0.0,False,False,10.0
main,Principle (accounts),spoof_calm,1,8,1,0.0,0.0,False,False,10.0
main,Untaught IForest (accounts),spoof_calm,1,8,0,0.5780484512996218,0.746003828120384,False,False,0.7748598995209728
main,Untaught IForest (accounts),spoof_calm,1,8,1,0.5780484512996218,0.746003828120384,False,False,0.7748598995209728
main,Principle (accounts),spoof_calm,1,9,0,0.0,0.0,False,True,10.0
main,Principle (accounts),spoof_calm,1,9,1,0.0,0.0,False,True,10.0
main,Untaught IForest (accounts),spoof_calm,1,9,0,0.5850010013601273,0.7549764824864232,False,True,0.7748598995209728
main,Untaught IForest (accounts),spoof_calm,1,9,1,0.5899497502815828,0.7613631195088254,False,True,0.7748598995209728
main,Principle (accounts),spoof_calm,1,10,0,0.0,0.0,False,False,10.0
main,Principle (accounts),spoof_calm,1,10,1,0.0,0.0,False,True,10.0
main,Untaught IForest (accounts),spoof_calm,1,10,0,0.5941034815828674,0.7667237418663024,False,False,0.7748598995209728
main,Untaught IForest (accounts),spoof_calm,1,10,1,0.5850010013601273,0.7549764824864232,False,True,0.7748598995209728
main,Principle (accounts),spoof_calm,1,11,0,0.0,0.0,False,True,10.0
main,Principle (accounts),spoof_calm,1,11,1,0.0,0.0,False,True,10.0
main,Untaught IForest (accounts),spoof_calm,1,11,0,0.5899497502815828,0.7613631195088254,False,True,0.7748598995209728
main,Untaught IForest (accounts),spoof_calm,1,11,1,0.5850010013601273,0.7549764824864232,False,True,0.7748598995209728
main,Principle (accounts),spoof_calm,1,12,0,0.0,0.0,False,True,10.0
main,Principle (accounts),spoof_calm,1,12,1,0.0,0.0,False,True,10.0
main,Untaught IForest (accounts),spoof_calm,1,12,0,0.5899497502815828,0.7613631195088254,False,True,0.7748598995209728
main,Untaught IForest (accounts),spoof_calm,1,12,1,0.5899497502815828,0.7613631195088254,False,True,0.7748598995209728
main,Principle (accounts),spoof_calm,1,13,0,0.0,0.0,False,True,10.0
main,Principle (accounts),spoof_calm,1,13,1,0.0,0.0,False,False,10.0
main,Untaught IForest (accounts),spoof_calm,1,13,0,0.5899497502815828,0.7613631195088254,False,True,0.7748598995209728
main,Untaught IForest (accounts),spoof_calm,1,13,1,0.5780484512996218,0.746003828120384,False,False,0.7748598995209728
main,Principle (accounts),spoof_calm,1,14,0,0.0,0.0,False,False,10.0
main,Principle (accounts),spoof_calm,1,14,1,0.0,0.0,False,True,10.0
main,Untaught IForest (accounts),spoof_calm,1,14,0,0.5899497502815828,0.7613631195088254,False,False,0.7748598995209728
main,Untaught IForest (accounts),spoof_calm,1,14,1,0.5899497502815828,0.7613631195088254,False,True,0.7748598995209728
main,Principle (accounts),spoof_calm,1,15,0,0.0,0.0,False,True,10.0
main,Principle (accounts),spoof_calm,1,15,1,0.0,0.0,False,True,10.0
main,Untaught IForest (accounts),spoof_calm,1,15,0,0.5899497502815828,0.7613631195088254,False,True,0.7748598995209728
main,Untaught IForest (accounts),spoof_calm,1,15,1,0.5850010013601273,0.7549764824864232,False,True,0.7748598995209728
main,Principle (accounts),spoof_calm,1,16,0,0.0,0.0,False,True,10.0
main,Principle (accounts),spoof_calm,1,16,1,0.0,0.0,False,False,10.0
main,Untaught IForest (accounts),spoof_calm,1,16,0,0.5850010013601273,0.7549764824864232,False,True,0.7748598995209728
main,Untaught IForest (accounts),spoof_calm,1,16,1,0.6032638187759272,0.778545668899464,False,False,0.7748598995209728
main,Principle (accounts),spoof_calm,1,17,0,0.0,0.0,False,True,10.0
main,Principle (accounts),spoof_calm,1,17,1,0.0,0.0,False,False,10.0
main,Untaught IForest (accounts),spoof_calm,1,17,0,0.5850010013601273,0.7549764824864232,False,True,0.7748598995209728
main,Untaught IForest (accounts),spoof_calm,1,17,1,0.5985195129684919,0.7724228771401173,False,False,0.7748598995209728
main,Principle (accounts),spoof_calm,1,18,0,0.0,0.0,False,True,10.0
main,Principle (accounts),spoof_calm,1,18,1,0.0,0.0,False,False,10.0
main,Untaught IForest (accounts),spoof_calm,1,18,0,0.5899497502815828,0.7613631195088254,False,True,0.7748598995209728
main,Untaught IForest (accounts),spoof_calm,1,18,1,0.598880942332381,0.7728893219311207,False,False,0.7748598995209728
main,Principle (accounts),spoof_calm,1,19,0,0.0,0.0,False,True,10.0
main,Principle (accounts),spoof_calm,1,19,1,0.0,0.0,False,True,10.0
main,Untaught IForest (accounts),spoof_calm,1,19,0,0.5850010013601273,0.7549764824864232,False,True,0.7748598995209728
main,Untaught IForest (accounts),spoof_calm,1,19,1,0.5899497502815828,0.7613631195088254,False,True,0.7748598995209728
main,Principle (accounts),spoof_calm,1,20,0,0.0,0.0,False,True,10.0
main,Principle (accounts),spoof_calm,1,20,1,0.0,0.0,False,True,10.0
main,Untaught IForest (accounts),spoof_calm,1,20,0,0.6075720212373195,0.7841056449210075,False,True,0.7748598995209728
main,Untaught IForest (accounts),spoof_calm,1,20,1,0.5899497502815828,0.7613631195088254,False,True,0.7748598995209728
main,Principle (accounts),spoof_calm,1,21,0,0.0,0.0,False,False,10.0
main,Principle (accounts),spoof_calm,1,21,1,0.0,0.0,False,True,10.0
main,Untaught IForest (accounts),spoof_calm,1,21,0,0.5780484512996218,0.746003828120384,False,False,0.7748598995209728
main,Untaught IForest (accounts),spoof_calm,1,21,1,0.5899497502815828,0.7613631195088254,False,True,0.7748598995209728
main,Principle (accounts),spoof_calm,1,22,0,0.0,0.0,False,True,10.0
main,Principle (accounts),spoof_calm,1,22,1,0.0,0.0,False,True,10.0
main,Untaught IForest (accounts),spoof_calm,1,22,0,0.5850010013601273,0.7549764824864232,False,True,0.7748598995209728
main,Untaught IForest (accounts),spoof_calm,1,22,1,0.5850010013601273,0.7549764824864232,False,True,0.7748598995209728
main,Principle (accounts),spoof_calm,1,23,0,0.0,0.0,False,False,10.0
main,Principle (accounts),spoof_calm,1,23,1,0.0,0.0,False,False,10.0
main,Untaught IForest (accounts),spoof_calm,1,23,0,0.5780484512996218,0.746003828120384,False,False,0.7748598995209728
main,Untaught IForest (accounts),spoof_calm,1,23,1,0.5780484512996218,0.746003828120384,False,False,0.7748598995209728
main,Principle (accounts),spoof_calm,1,24,0,0.0,0.0,False,True,10.0
main,Principle (accounts),spoof_calm,1,24,1,0.0,0.0,False,True,10.0
main,Untaught IForest (accounts),spoof_calm,1,24,0,0.5850010013601273,0.7549764824864232,False,True,0.7748598995209728
main,Untaught IForest (accounts),spoof_calm,1,24,1,0.5899497502815828,0.7613631195088254,False,True,0.7748598995209728
main,Principle (accounts),spoof_calm,1,25,0,0.0,0.0,False,True,10.0
main,Principle (accounts),spoof_calm,1,25,1,0.0,0.0,False,True,10.0
main,Untaught IForest (accounts),spoof_calm,1,25,0,0.5850010013601273,0.7549764824864232,False,True,0.7748598995209728
main,Untaught IForest (accounts),spoof_calm,1,25,1,0.5850010013601273,0.7549764824864232,False,True,0.7748598995209728
main,Principle (accounts),spoof_calm,1,26,0,0.0,0.0,False,False,10.0
main,Principle (accounts),spoof_calm,1,26,1,0.0,0.0,False,True,10.0
main,Untaught IForest (accounts),spoof_calm,1,26,0,0.6149036076938955,0.7935674669369727,False,False,0.7748598995209728
main,Untaught IForest (accounts),spoof_calm,1,26,1,0.5850010013601273,0.7549764824864232,False,True,0.7748598995209728
main,Principle (accounts),spoof_calm,1,27,0,0.0,0.0,False,True,10.0
main,Principle (accounts),spoof_calm,1,27,1,0.0,0.0,False,True,10.0
main,Untaught IForest (accounts),spoof_calm,1,27,0,0.5850010013601273,0.7549764824864232,False,True,0.7748598995209728
main,Untaught IForest (accounts),spoof_calm,1,27,1,0.5899497502815828,0.7613631195088254,False,True,0.7748598995209728
main,Principle (accounts),spoof_calm,1,28,0,0.0,0.0,False,True,10.0
main,Principle (accounts),spoof_calm,1,28,1,0.0,0.0,False,False,10.0
main,Untaught IForest (accounts),spoof_calm,1,28,0,0.6072130356115322,0.783642353910582,False,True,0.7748598995209728
main,Untaught IForest (accounts),spoof_calm,1,28,1,0.5780484512996218,0.746003828120384,False,False,0.7748598995209728
main,Principle (accounts),spoof_calm,1,29,0,0.0,0.0,False,True,10.0
main,Principle (accounts),spoof_calm,1,29,1,0.0,0.0,False,True,10.0
main,Untaught IForest (accounts),spoof_calm,1,29,0,0.5850010013601273,0.7549764824864232,False,True,0.7748598995209728
main,Untaught IForest (accounts),spoof_calm,1,29,1,0.5899497502815828,0.7613631195088254,False,True,0.7748598995209728
main,Principle (accounts),spoof_calm,1,30,0,0.0,0.0,False,True,10.0
main,Principle (accounts),spoof_calm,1,30,1,0.0,0.0,False,True,10.0
main,Untaught IForest (accounts),spoof_calm,1,30,0,0.5899497502815828,0.7613631195088254,False,True,0.7748598995209728
main,Untaught IForest (accounts),spoof_calm,1,30,1,0.5850010013601273,0.7549764824864232,False,True,0.7748598995209728
main,Principle (accounts),spoof_calm,1,31,0,0.0,0.0,False,True,10.0
main,Principle (accounts),spoof_calm,1,31,1,0.0,0.0,False,True,10.0
main,Untaught IForest (accounts),spoof_calm,1,31,0,0.5899497502815828,0.7613631195088254,False,True,0.7748598995209728
main,Untaught IForest (accounts),spoof_calm,1,31,1,0.5899497502815828,0.7613631195088254,False,True,0.7748598995209728
main,Principle (accounts),spoof_calm,1,32,0,0.0,0.0,False,False,10.0
main,Principle (accounts),spoof_calm,1,32,1,0.0,0.0,False,True,10.0
main,Untaught IForest (accounts),spoof_calm,1,32,0,0.5780484512996218,0.746003828120384,False,False,0.7748598995209728
main,Untaught IForest (accounts),spoof_calm,1,32,1,0.5850010013601273,0.7549764824864232,False,True,0.7748598995209728
main,Principle (accounts),spoof_calm,1,33,0,0.0,0.0,False,True,10.0
main,Principle (accounts),spoof_calm,1,33,1,0.0,0.0,False,False,10.0
main,Untaught IForest (accounts),spoof_calm,1,33,0,0.5850010013601273,0.7549764824864232,False,True,0.7748598995209728
main,Untaught IForest (accounts),spoof_calm,1,33,1,0.5780484512996218,0.746003828120384,False,False,0.7748598995209728
main,Principle (accounts),spoof_calm,1,34,0,0.0,0.0,False,False,10.0
main,Principle (accounts),spoof_calm,1,34,1,0.0,0.0,False,True,10.0
main,Untaught IForest (accounts),spoof_calm,1,34,0,0.5780484512996218,0.746003828120384,False,False,0.7748598995209728
main,Untaught IForest (accounts),spoof_calm,1,34,1,0.5850010013601273,0.7549764824864232,False,True,0.7748598995209728
main,Principle (accounts),spoof_calm,1,35,0,0.0,0.0,False,True,10.0
main,Principle (accounts),spoof_calm,1,35,1,0.0,0.0,False,False,10.0
main,Untaught IForest (accounts),spoof_calm,1,35,0,0.5899497502815828,0.7613631195088254,False,True,0.7748598995209728
main,Untaught IForest (accounts),spoof_calm,1,35,1,0.6119741308441145,0.7897868133612849,False,False,0.7748598995209728
main,Principle (accounts),spoof_calm,1,36,0,0.0,0.0,False,True,10.0
main,Principle (accounts),spoof_calm,1,36,1,0.0,0.0,False,True,10.0
main,Untaught IForest (accounts),spoof_calm,1,36,0,0.5899497502815828,0.7613631195088254,False,True,0.7748598995209728
main,Untaught IForest (accounts),spoof_calm,1,36,1,0.5850010013601273,0.7549764824864232,False,True,0.7748598995209728
main,Principle (accounts),spoof_calm,1,37,0,0.0,0.0,False,True,10.0
main,Principle (accounts),spoof_calm,1,37,1,0.0,0.0,False,True,10.0
main,Untaught IForest (accounts),spoof_calm,1,37,0,0.5850010013601273,0.7549764824864232,False,True,0.7748598995209728
main,Untaught IForest (accounts),spoof_calm,1,37,1,0.5850010013601273,0.7549764824864232,False,True,0.7748598995209728
main,Principle (accounts),spoof_calm,1,38,0,0.0,0.0,False,True,10.0
main,Principle (accounts),spoof_calm,1,38,1,0.0,0.0,False,True,10.0
main,Untaught IForest (accounts),spoof_calm,1,38,0,0.5850010013601273,0.7549764824864232,False,True,0.7748598995209728
main,Untaught IForest (accounts),spoof_calm,1,38,1,0.5899497502815828,0.7613631195088254,False,True,0.7748598995209728
main,Principle (accounts),spoof_calm,1,39,0,0.0,0.0,False,True,10.0
main,Principle (accounts),spoof_calm,1,39,1,0.0,0.0,False,True,10.0
main,Untaught IForest (accounts),spoof_calm,1,39,0,0.5899497502815828,0.7613631195088254,False,True,0.7748598995209728
main,Untaught IForest (accounts),spoof_calm,1,39,1,0.5899497502815828,0.7613631195088254,False,True,0.7748598995209728
main,Principle (accounts),spoof_calm,2,0,0,3.0,0.3,False,True,10.0
main,Principle (accounts),spoof_calm,2,0,1,3.0,0.3,False,True,10.0
main,Untaught IForest (accounts),spoof_calm,2,0,0,0.6070124840121224,0.7833835308645917,False,True,0.7748598995209728
main,Untaught IForest (accounts),spoof_calm,2,0,1,0.6129722332846419,0.7910749203353901,False,True,0.7748598995209728
main,Principle (accounts),spoof_calm,2,1,0,3.0,0.3,False,True,10.0
main,Principle (accounts),spoof_calm,2,1,1,3.0,0.3,False,True,10.0
main,Untaught IForest (accounts),spoof_calm,2,1,0,0.6070124840121224,0.7833835308645917,False,True,0.7748598995209728
main,Untaught IForest (accounts),spoof_calm,2,1,1,0.6070124840121224,0.7833835308645917,False,True,0.7748598995209728
main,Principle (accounts),spoof_calm,2,2,0,3.0,0.3,False,True,10.0
main,Principle (accounts),spoof_calm,2,2,1,0.0,0.0,False,False,10.0
main,Untaught IForest (accounts),spoof_calm,2,2,0,0.6070124840121224,0.7833835308645917,False,True,0.7748598995209728
main,Untaught IForest (accounts),spoof_calm,2,2,1,0.6022417190363484,0.7772265920699485,False,False,0.7748598995209728
main,Principle (accounts),spoof_calm,2,3,0,0.0,0.0,False,False,10.0
main,Principle (accounts),spoof_calm,2,3,1,3.0,0.3,False,True,10.0
main,Untaught IForest (accounts),spoof_calm,2,3,0,0.6081938150599442,0.7849081045953423,False,False,0.7748598995209728
main,Untaught IForest (accounts),spoof_calm,2,3,1,0.6129722332846419,0.7910749203353901,False,True,0.7748598995209728
main,Principle (accounts),spoof_calm,2,4,0,3.0,0.3,False,True,10.0
main,Principle (accounts),spoof_calm,2,4,1,3.0,0.3,False,True,10.0
main,Untaught IForest (accounts),spoof_calm,2,4,0,0.6070124840121224,0.7833835308645917,False,True,0.7748598995209728
main,Untaught IForest (accounts),spoof_calm,2,4,1,0.6129722332846419,0.7910749203353901,False,True,0.7748598995209728
main,Principle (accounts),spoof_calm,2,5,0,3.0,0.3,False,True,10.0
main,Principle (accounts),spoof_calm,2,5,1,3.0,0.3,False,True,10.0
main,Untaught IForest (accounts),spoof_calm,2,5,0,0.6129722332846419,0.7910749203353901,False,True,0.7748598995209728
main,Untaught IForest (accounts),spoof_calm,2,5,1,0.6070124840121224,0.7833835308645917,False,True,0.7748598995209728
main,Principle (accounts),spoof_calm,2,6,0,3.0,0.3,False,True,10.0
main,Principle (accounts),spoof_calm,2,6,1,0.0,0.0,False,False,10.0
main,Untaught IForest (accounts),spoof_calm,2,6,0,0.6129722332846419,0.7910749203353901,False,True,0.7748598995209728
main,Untaught IForest (accounts),spoof_calm,2,6,1,0.6035562732637907,0.7789230977585961,False,False,0.7748598995209728
main,Principle (accounts),spoof_calm,2,7,0,3.0,0.3,False,True,10.0
main,Principle (accounts),spoof_calm,2,7,1,3.0,0.3,False,True,10.0
main,Untaught IForest (accounts),spoof_calm,2,7,0,0.6129722332846419,0.7910749203353901,False,True,0.7748598995209728
main,Untaught IForest (accounts),spoof_calm,2,7,1,0.6129722332846419,0.7910749203353901,False,True,0.7748598995209728
main,Principle (accounts),spoof_calm,2,8,0,0.0,0.0,False,False,10.0
main,Principle (accounts),spoof_calm,2,8,1,3.0,0.3,False,True,10.0
main,Untaught IForest (accounts),spoof_calm,2,8,0,0.6022417190363484,0.7772265920699485,False,False,0.7748598995209728
main,Untaught IForest (accounts),spoof_calm,2,8,1,0.6070124840121224,0.7833835308645917,False,True,0.7748598995209728
main,Principle (accounts),spoof_calm,2,9,0,3.0,0.3,False,True,10.0
main,Principle (accounts),spoof_calm,2,9,1,3.0,0.3,False,True,10.0
main,Untaught IForest (accounts),spoof_calm,2,9,0,0.6129722332846419,0.7910749203353901,False,True,0.7748598995209728
main,Untaught IForest (accounts),spoof_calm,2,9,1,0.6129722332846419,0.7910749203353901,False,True,0.7748598995209728
main,Principle (accounts),spoof_calm,2,10,0,0.0,0.0,False,False,10.0
main,Principle (accounts),spoof_calm,2,10,1,3.0,0.3,False,True,10.0
main,Untaught IForest (accounts),spoof_calm,2,10,0,0.6081938150599442,0.7849081045953423,False,False,0.7748598995209728
main,Untaught IForest (accounts),spoof_calm,2,10,1,0.6129722332846419,0.7910749203353901,False,True,0.7748598995209728
main,Principle (accounts),spoof_calm,2,11,0,3.0,0.3,False,True,10.0
main,Principle (accounts),spoof_calm,2,11,1,3.0,0.3,False,True,10.0
main,Untaught IForest (accounts),spoof_calm,2,11,0,0.6129722332846419,0.7910749203353901,False,True,0.7748598995209728
main,Untaught IForest (accounts),spoof_calm,2,11,1,0.6129722332846419,0.7910749203353901,False,True,0.7748598995209728
main,Principle (accounts),spoof_calm,2,12,0,3.0,0.3,False,True,10.0
main,Principle (accounts),spoof_calm,2,12,1,3.0,0.3,False,True,10.0
main,Untaught IForest (accounts),spoof_calm,2,12,0,0.6070124840121224,0.7833835308645917,False,True,0.7748598995209728
main,Untaught IForest (accounts),spoof_calm,2,12,1,0.6129722332846419,0.7910749203353901,False,True,0.7748598995209728
main,Principle (accounts),spoof_calm,2,13,0,3.0,0.3,False,True,10.0
main,Principle (accounts),spoof_calm,2,13,1,3.0,0.3,False,True,10.0
main,Untaught IForest (accounts),spoof_calm,2,13,0,0.6070124840121224,0.7833835308645917,False,True,0.7748598995209728
main,Untaught IForest (accounts),spoof_calm,2,13,1,0.6129722332846419,0.7910749203353901,False,True,0.7748598995209728
main,Principle (accounts),spoof_calm,2,14,0,0.0,0.0,False,False,10.0
main,Principle (accounts),spoof_calm,2,14,1,0.0,0.0,False,False,10.0
main,Untaught IForest (accounts),spoof_calm,2,14,0,0.6081938150599442,0.7849081045953423,False,False,0.7748598995209728
main,Untaught IForest (accounts),spoof_calm,2,14,1,0.6341054277851016,0.8183484887746969,False,False,0.7748598995209728
main,Principle (accounts),spoof_calm,2,15,0,3.0,0.3,False,True,10.0
main,Principle (accounts),spoof_calm,2,15,1,3.0,0.3,False,True,10.0
main,Untaught IForest (accounts),spoof_calm,2,15,0,0.6070124840121224,0.7833835308645917,False,True,0.7748598995209728
main,Untaught IForest (accounts),spoof_calm,2,15,1,0.6070124840121224,0.7833835308645917,False,True,0.7748598995209728
main,Principle (accounts),spoof_calm,2,16,0,3.0,0.3,False,True,10.0
main,Principle (accounts),spoof_calm,2,16,1,0.0,0.0,False,False,10.0
main,Untaught IForest (accounts),spoof_calm,2,16,0,0.6070124840121224,0.7833835308645917,False,True,0.7748598995209728
main,Untaught IForest (accounts),spoof_calm,2,16,1,0.6388171371885252,0.8244292130531586,False,False,0.7748598995209728
main,Principle (accounts),spoof_calm,2,17,0,3.0,0.3,False,True,10.0
main,Principle (accounts),spoof_calm,2,17,1,3.0,0.3,False,True,10.0
main,Untaught IForest (accounts),spoof_calm,2,17,0,0.6070124840121224,0.7833835308645917,False,True,0.7748598995209728
main,Untaught IForest (accounts),spoof_calm,2,17,1,0.6070124840121224,0.7833835308645917,False,True,0.7748598995209728
main,Principle (accounts),spoof_calm,2,18,0,3.0,0.3,False,False,10.0
main,Principle (accounts),spoof_calm,2,18,1,3.0,0.3,False,True,10.0
main,Untaught IForest (accounts),spoof_calm,2,18,0,0.6210825919622748,0.8015417914209202,False,False,0.7748598995209728
main,Untaught IForest (accounts),spoof_calm,2,18,1,0.6070124840121224,0.7833835308645917,False,True,0.7748598995209728
main,Principle (accounts),spoof_calm,2,19,0,3.0,0.3,False,True,10.0
main,Principle (accounts),spoof_calm,2,19,1,3.0,0.3,False,True,10.0
main,Untaught IForest (accounts),spoof_calm,2,19,0,0.6129722332846419,0.7910749203353901,False,True,0.7748598995209728
main,Untaught IForest (accounts),spoof_calm,2,19,1,0.6070124840121224,0.7833835308645917,False,True,0.7748598995209728
main,Principle (accounts),spoof_calm,2,20,0,3.0,0.3,False,True,10.0
main,Principle (accounts),spoof_calm,2,20,1,0.0,0.0,False,False,10.0
main,Untaught IForest (accounts),spoof_calm,2,20,0,0.6070124840121224,0.7833835308645917,False,True,0.7748598995209728
main,Untaught IForest (accounts),spoof_calm,2,20,1,0.6081938150599442,0.7849081045953423,False,False,0.7748598995209728
main,Principle (accounts),spoof_calm,2,21,0,0.0,0.0,False,False,10.0
main,Principle (accounts),spoof_calm,2,21,1,3.0,0.3,False,True,10.0
main,Untaught IForest (accounts),spoof_calm,2,21,0,0.619944854583463,0.8000734777560692,False,False,0.7748598995209728
main,Untaught IForest (accounts),spoof_calm,2,21,1,0.6070124840121224,0.7833835308645917,False,True,0.7748598995209728
main,Principle (accounts),spoof_calm,2,22,0,3.0,0.3,False,True,10.0
main,Principle (accounts),spoof_calm,2,22,1,3.0,0.3,False,True,10.0
main,Untaught IForest (accounts),spoof_calm,2,22,0,0.6070124840121224,0.7833835308645917,False,True,0.7748598995209728
main,Untaught IForest (accounts),spoof_calm,2,22,1,0.6129722332846419,0.7910749203353901,False,True,0.7748598995209728
main,Principle (accounts),spoof_calm,2,23,0,3.0,0.3,False,True,10.0
main,Principle (accounts),spoof_calm,2,23,1,3.0,0.3,False,True,10.0
main,Untaught IForest (accounts),spoof_calm,2,23,0,0.6070124840121224,0.7833835308645917,False,True,0.7748598995209728
main,Untaught IForest (accounts),spoof_calm,2,23,1,0.6129722332846419,0.7910749203353901,False,True,0.7748598995209728
main,Principle (accounts),spoof_calm,2,24,0,0.0,0.0,False,False,10.0
main,Principle (accounts),spoof_calm,2,24,1,0.0,0.0,False,False,10.0
main,Untaught IForest (accounts),spoof_calm,2,24,0,0.6081938150599442,0.7849081045953423,False,False,0.7748598995209728
main,Untaught IForest (accounts),spoof_calm,2,24,1,0.6022417190363484,0.7772265920699485,False,False,0.7748598995209728
main,Principle (accounts),spoof_calm,2,25,0,0.0,0.0,False,False,10.0
main,Principle (accounts),spoof_calm,2,25,1,0.0,0.0,False,False,10.0
main,Untaught IForest (accounts),spoof_calm,2,25,0,0.6022417190363484,0.7772265920699485,False,False,0.7748598995209728
main,Untaught IForest (accounts),spoof_calm,2,25,1,0.6410038518619333,0.8272512905342104,False,False,0.7748598995209728
main,Principle (accounts),spoof_calm,2,26,0,3.0,0.3,False,True,10.0
main,Principle (accounts),spoof_calm,2,26,1,3.0,0.3,False,True,10.0
main,Untaught IForest (accounts),spoof_calm,2,26,0,0.6070124840121224,0.7833835308645917,False,True,0.7748598995209728
main,Untaught IForest (accounts),spoof_calm,2,26,1,0.6070124840121224,0.7833835308645917,False,True,0.7748598995209728
main,Principle (accounts),spoof_calm,2,27,0,3.0,0.3,False,True,10.0
main,Principle (accounts),spoof_calm,2,27,1,3.0,0.3,False,True,10.0
main,Untaught IForest (accounts),spoof_calm,2,27,0,0.6129722332846419,0.7910749203353901,False,True,0.7748598995209728
main,Untaught IForest (accounts),spoof_calm,2,27,1,0.6070124840121224,0.7833835308645917,False,True,0.7748598995209728
main,Principle (accounts),spoof_calm,2,28,0,0.0,0.0,False,False,10.0
main,Principle (accounts),spoof_calm,2,28,1,3.0,0.3,False,False,10.0
main,Untaught IForest (accounts),spoof_calm,2,28,0,0.6341054277851016,0.8183484887746969,False,False,0.7748598995209728
main,Untaught IForest (accounts),spoof_calm,2,28,1,0.6210825919622748,0.8015417914209202,False,False,0.7748598995209728
main,Principle (accounts),spoof_calm,2,29,0,0.0,0.0,False,False,10.0
main,Principle (accounts),spoof_calm,2,29,1,0.0,0.0,False,False,10.0
main,Untaught IForest (accounts),spoof_calm,2,29,0,0.6285881867343425,0.8112281808917235,False,False,0.7748598995209728
main,Untaught IForest (accounts),spoof_calm,2,29,1,0.6022417190363484,0.7772265920699485,False,False,0.7748598995209728
main,Principle (accounts),spoof_calm,2,30,0,3.0,0.3,False,True,10.0
main,Principle (accounts),spoof_calm,2,30,1,3.0,0.3,False,True,10.0
main,Untaught IForest (accounts),spoof_calm,2,30,0,0.6129722332846419,0.7910749203353901,False,True,0.7748598995209728
main,Untaught IForest (accounts),spoof_calm,2,30,1,0.6070124840121224,0.7833835308645917,False,True,0.7748598995209728
main,Principle (accounts),spoof_calm,2,31,0,3.0,0.3,False,True,10.0
main,Principle (accounts),spoof_calm,2,31,1,3.0,0.3,False,True,10.0
main,Untaught IForest (accounts),spoof_calm,2,31,0,0.6129722332846419,0.7910749203353901,False,True,0.7748598995209728
main,Untaught IForest (accounts),spoof_calm,2,31,1,0.6070124840121224,0.7833835308645917,False,True,0.7748598995209728
main,Principle (accounts),spoof_calm,2,32,0,3.0,0.3,False,True,10.0
main,Principle (accounts),spoof_calm,2,32,1,3.0,0.3,False,True,10.0
main,Untaught IForest (accounts),spoof_calm,2,32,0,0.6070124840121224,0.7833835308645917,False,True,0.7748598995209728
main,Untaught IForest (accounts),spoof_calm,2,32,1,0.6070124840121224,0.7833835308645917,False,True,0.7748598995209728
main,Principle (accounts),spoof_calm,2,33,0,3.0,0.3,False,True,10.0
main,Principle (accounts),spoof_calm,2,33,1,3.0,0.3,False,True,10.0
main,Untaught IForest (accounts),spoof_calm,2,33,0,0.6129722332846419,0.7910749203353901,False,True,0.7748598995209728
main,Untaught IForest (accounts),spoof_calm,2,33,1,0.6070124840121224,0.7833835308645917,False,True,0.7748598995209728
main,Principle (accounts),spoof_calm,2,34,0,0.0,0.0,False,False,10.0
main,Principle (accounts),spoof_calm,2,34,1,3.0,0.3,False,True,10.0
main,Untaught IForest (accounts),spoof_calm,2,34,0,0.6081938150599442,0.7849081045953423,False,False,0.7748598995209728
main,Untaught IForest (accounts),spoof_calm,2,34,1,0.6129722332846419,0.7910749203353901,False,True,0.7748598995209728
main,Principle (accounts),spoof_calm,2,35,0,3.0,0.3,False,True,10.0
main,Principle (accounts),spoof_calm,2,35,1,3.0,0.3,False,True,10.0
main,Untaught IForest (accounts),spoof_calm,2,35,0,0.6070124840121224,0.7833835308645917,False,True,0.7748598995209728
main,Untaught IForest (accounts),spoof_calm,2,35,1,0.6070124840121224,0.7833835308645917,False,True,0.7748598995209728
main,Principle (accounts),spoof_calm,2,36,0,3.0,0.3,False,True,10.0
main,Principle (accounts),spoof_calm,2,36,1,3.0,0.3,False,True,10.0
main,Untaught IForest (accounts),spoof_calm,2,36,0,0.6070124840121224,0.7833835308645917,False,True,0.7748598995209728
main,Untaught IForest (accounts),spoof_calm,2,36,1,0.6129722332846419,0.7910749203353901,False,True,0.7748598995209728
main,Principle (accounts),spoof_calm,2,37,0,3.0,0.3,False,True,10.0
main,Principle (accounts),spoof_calm,2,37,1,0.0,0.0,False,False,10.0
main,Untaught IForest (accounts),spoof_calm,2,37,0,0.6129722332846419,0.7910749203353901,False,True,0.7748598995209728
main,Untaught IForest (accounts),spoof_calm,2,37,1,0.6081938150599442,0.7849081045953423,False,False,0.7748598995209728
main,Principle (accounts),spoof_calm,2,38,0,0.0,0.0,False,False,10.0
main,Principle (accounts),spoof_calm,2,38,1,0.0,0.0,False,False,10.0
main,Untaught IForest (accounts),spoof_calm,2,38,0,0.6081938150599442,0.7849081045953423,False,False,0.7748598995209728
main,Untaught IForest (accounts),spoof_calm,2,38,1,0.6081938150599442,0.7849081045953423,False,False,0.7748598995209728
main,Principle (accounts),spoof_calm,2,39,0,0.0,0.0,False,False,10.0
main,Principle (accounts),spoof_calm,2,39,1,3.0,0.3,False,True,10.0
main,Untaught IForest (accounts),spoof_calm,2,39,0,0.6282527335731897,0.8107952598419181,False,False,0.7748598995209728
main,Untaught IForest (accounts),spoof_calm,2,39,1,0.6070124840121224,0.7833835308645917,False,True,0.7748598995209728
main,Principle (accounts),spoof_calm,4,0,0,9.0,0.9,False,True,10.0
main,Principle (accounts),spoof_calm,4,0,1,9.0,0.9,False,True,10.0
main,Untaught IForest (accounts),spoof_calm,4,0,0,0.6521861466260994,0.8416826668011705,False,True,0.7748598995209728
main,Untaught IForest (accounts),spoof_calm,4,0,1,0.6521861466260994,0.8416826668011705,False,True,0.7748598995209728
main,Principle (accounts),spoof_calm,4,1,0,9.0,0.9,False,True,10.0
main,Principle (accounts),spoof_calm,4,1,1,9.0,0.9,False,True,10.0
main,Untaught IForest (accounts),spoof_calm,4,1,0,0.6521861466260994,0.8416826668011705,False,True,0.7748598995209728
main,Untaught IForest (accounts),spoof_calm,4,1,1,0.667130872733295,0.860969670963387,False,True,0.7748598995209728
main,Principle (accounts),spoof_calm,4,2,0,0.0,0.0,False,False,10.0
main,Principle (accounts),spoof_calm,4,2,1,9.0,0.9,False,True,10.0
main,Untaught IForest (accounts),spoof_calm,4,2,0,0.6506076734303285,0.8396455589359336,False,False,0.7748598995209728
main,Untaught IForest (accounts),spoof_calm,4,2,1,0.6521861466260994,0.8416826668011705,False,True,0.7748598995209728
main,Principle (accounts),spoof_calm,4,3,0,0.0,0.0,False,False,10.0
main,Principle (accounts),spoof_calm,4,3,1,9.0,0.9,False,True,10.0
main,Untaught IForest (accounts),spoof_calm,4,3,0,0.6506076734303285,0.8396455589359336,False,False,0.7748598995209728
main,Untaught IForest (accounts),spoof_calm,4,3,1,0.6522767380181542,0.8417995800549224,False,True,0.7748598995209728
main,Principle (accounts),spoof_calm,4,4,0,9.0,0.9,False,False,10.0
main,Principle (accounts),spoof_calm,4,4,1,9.0,0.9,False,True,10.0
main,Untaught IForest (accounts),spoof_calm,4,4,0,0.6638184589705669,0.8566948159027806,False,False,0.7748598995209728
main,Untaught IForest (accounts),spoof_calm,4,4,1,0.6521861466260994,0.8416826668011705,False,True,0.7748598995209728
main,Principle (accounts),spoof_calm,4,5,0,9.0,0.9,False,True,10.0
main,Principle (accounts),spoof_calm,4,5,1,0.0,0.0,False,False,10.0
main,Untaught IForest (accounts),spoof_calm,4,5,0,0.6522767380181542,0.8417995800549224,False,True,0.7748598995209728
main,Untaught IForest (accounts),spoof_calm,4,5,1,0.6761393773156794,0.8725956495279682,False,False,0.7748598995209728
main,Principle (accounts),spoof_calm,4,6,0,9.0,0.9,False,True,10.0
main,Principle (accounts),spoof_calm,4,6,1,0.0,0.0,False,False,10.0
main,Untaught IForest (accounts),spoof_calm,4,6,0,0.6521861466260994,0.8416826668011705,False,True,0.7748598995209728
main,Untaught IForest (accounts),spoof_calm,4,6,1,0.650546900659073,0.8395671282786068,False,False,0.7748598995209728
main,Principle (accounts),spoof_calm,4,7,0,9.0,0.9,False,True,10.0
main,Principle (accounts),spoof_calm,4,7,1,9.0,0.9,False,True,10.0
main,Untaught IForest (accounts),spoof_calm,4,7,0,0.6522767380181542,0.8417995800549224,False,True,0.7748598995209728
main,Untaught IForest (accounts),spoof_calm,4,7,1,0.6521861466260994,0.8416826668011705,False,True,0.7748598995209728
main,Principle (accounts),spoof_calm,4,8,0,9.0,0.9,False,True,10.0
main,Principle (accounts),spoof_calm,4,8,1,9.0,0.9,False,True,10.0
main,Untaught IForest (accounts),spoof_calm,4,8,0,0.6522767380181542,0.8417995800549224,False,True,0.7748598995209728
main,Untaught IForest (accounts),spoof_calm,4,8,1,0.6522767380181542,0.8417995800549224,False,True,0.7748598995209728
main,Principle (accounts),spoof_calm,4,9,0,9.0,0.9,False,True,10.0
main,Principle (accounts),spoof_calm,4,9,1,9.0,0.9,False,True,10.0
main,Untaught IForest (accounts),spoof_calm,4,9,0,0.6521861466260994,0.8416826668011705,False,True,0.7748598995209728
main,Untaught IForest (accounts),spoof_calm,4,9,1,0.6521861466260994,0.8416826668011705,False,True,0.7748598995209728
main,Principle (accounts),spoof_calm,4,10,0,0.0,0.0,False,False,10.0
main,Principle (accounts),spoof_calm,4,10,1,9.0,0.9,False,True,10.0
main,Untaught IForest (accounts),spoof_calm,4,10,0,0.6765356659755857,0.8731070821884417,False,False,0.7748598995209728
main,Untaught IForest (accounts),spoof_calm,4,10,1,0.6521861466260994,0.8416826668011705,False,True,0.7748598995209728
main,Principle (accounts),spoof_calm,4,11,0,9.0,0.9,False,True,10.0
main,Principle (accounts),spoof_calm,4,11,1,9.0,0.9,False,True,10.0
main,Untaught IForest (accounts),spoof_calm,4,11,0,0.6521861466260994,0.8416826668011705,False,True,0.7748598995209728
main,Untaught IForest (accounts),spoof_calm,4,11,1,0.6522767380181542,0.8417995800549224,False,True,0.7748598995209728
main,Principle (accounts),spoof_calm,4,12,0,9.0,0.9,False,True,10.0
main,Principle (accounts),spoof_calm,4,12,1,9.0,0.9,False,True,10.0
main,Untaught IForest (accounts),spoof_calm,4,12,0,0.6521861466260994,0.8416826668011705,False,True,0.7748598995209728
main,Untaught IForest (accounts),spoof_calm,4,12,1,0.6521861466260994,0.8416826668011705,False,True,0.7748598995209728
main,Principle (accounts),spoof_calm,4,13,0,0.0,0.0,False,False,10.0
main,Principle (accounts),spoof_calm,4,13,1,0.0,0.0,False,False,10.0
main,Untaught IForest (accounts),spoof_calm,4,13,0,0.6680347777061237,0.8621362108416121,False,False,0.7748598995209728
main,Untaught IForest (accounts),spoof_calm,4,13,1,0.6761393773156794,0.8725956495279682,False,False,0.7748598995209728
main,Principle (accounts),spoof_calm,4,14,0,9.0,0.9,False,True,10.0
main,Principle (accounts),spoof_calm,4,14,1,9.0,0.9,False,True,10.0
main,Untaught IForest (accounts),spoof_calm,4,14,0,0.6521861466260994,0.8416826668011705,False,True,0.7748598995209728
main,Untaught IForest (accounts),spoof_calm,4,14,1,0.6522767380181542,0.8417995800549224,False,True,0.7748598995209728
main,Principle (accounts),spoof_calm,4,15,0,9.0,0.9,False,True,10.0
main,Principle (accounts),spoof_calm,4,15,1,0.0,0.0,False,False,10.0
main,Untaught IForest (accounts),spoof_calm,4,15,0,0.6522767380181542,0.8417995800549224,False,True,0.7748598995209728
main,Untaught IForest (accounts),spoof_calm,4,15,1,0.6577015494949157,0.8488006024076278,False,False,0.7748598995209728
main,Principle (accounts),spoof_calm,4,16,0,0.0,0.0,False,False,10.0
main,Principle (accounts),spoof_calm,4,16,1,0.0,0.0,False,False,10.0
main,Untaught IForest (accounts),spoof_calm,4,16,0,0.6506076734303285,0.8396455589359336,False,False,0.7748598995209728
main,Untaught IForest (accounts),spoof_calm,4,16,1,0.650546900659073,0.8395671282786068,False,False,0.7748598995209728
main,Principle (accounts),spoof_calm,4,17,0,0.0,0.0,False,False,10.0
main,Principle (accounts),spoof_calm,4,17,1,9.0,0.9,False,False,10.0
main,Untaught IForest (accounts),spoof_calm,4,17,0,0.6506076734303285,0.8396455589359336,False,False,0.7748598995209728
main,Untaught IForest (accounts),spoof_calm,4,17,1,0.6638184589705669,0.8566948159027806,False,False,0.7748598995209728
main,Principle (accounts),spoof_calm,4,18,0,9.0,0.9,False,True,10.0
main,Principle (accounts),spoof_calm,4,18,1,9.0,0.9,False,True,10.0
main,Untaught IForest (accounts),spoof_calm,4,18,0,0.6521861466260994,0.8416826668011705,False,True,0.7748598995209728
main,Untaught IForest (accounts),spoof_calm,4,18,1,0.6521861466260994,0.8416826668011705,False,True,0.7748598995209728
main,Principle (accounts),spoof_calm,4,19,0,0.0,0.0,False,False,10.0
main,Principle (accounts),spoof_calm,4,19,1,9.0,0.9,False,True,10.0
main,Untaught IForest (accounts),spoof_calm,4,19,0,0.650546900659073,0.8395671282786068,False,False,0.7748598995209728
main,Untaught IForest (accounts),spoof_calm,4,19,1,0.6689203896861579,0.8632791425904116,False,True,0.7748598995209728
main,Principle (accounts),spoof_calm,4,20,0,0.0,0.0,False,False,10.0
main,Principle (accounts),spoof_calm,4,20,1,9.0,0.9,False,True,10.0
main,Untaught IForest (accounts),spoof_calm,4,20,0,0.6680347777061237,0.8621362108416121,False,False,0.7748598995209728
main,Untaught IForest (accounts),spoof_calm,4,20,1,0.6521861466260994,0.8416826668011705,False,True,0.7748598995209728
main,Principle (accounts),spoof_calm,4,21,0,9.0,0.9,False,True,10.0
main,Principle (accounts),spoof_calm,4,21,1,9.0,0.9,False,True,10.0
main,Untaught IForest (accounts),spoof_calm,4,21,0,0.6522767380181542,0.8417995800549224,False,True,0.7748598995209728
main,Untaught IForest (accounts),spoof_calm,4,21,1,0.6521861466260994,0.8416826668011705,False,True,0.7748598995209728
main,Principle (accounts),spoof_calm,4,22,0,0.0,0.0,False,False,10.0
main,Principle (accounts),spoof_calm,4,22,1,9.0,0.9,False,True,10.0
main,Untaught IForest (accounts),spoof_calm,4,22,0,0.650546900659073,0.8395671282786068,False,False,0.7748598995209728
main,Untaught IForest (accounts),spoof_calm,4,22,1,0.6522767380181542,0.8417995800549224,False,True,0.7748598995209728
main,Principle (accounts),spoof_calm,4,23,0,0.0,0.0,False,False,10.0
main,Principle (accounts),spoof_calm,4,23,1,9.0,0.9,False,True,10.0
main,Untaught IForest (accounts),spoof_calm,4,23,0,0.650546900659073,0.8395671282786068,False,False,0.7748598995209728
main,Untaught IForest (accounts),spoof_calm,4,23,1,0.6522767380181542,0.8417995800549224,False,True,0.7748598995209728
main,Principle (accounts),spoof_calm,4,24,0,9.0,0.9,False,True,10.0
main,Principle (accounts),spoof_calm,4,24,1,9.0,0.9,False,True,10.0
main,Untaught IForest (accounts),spoof_calm,4,24,0,0.6522767380181542,0.8417995800549224,False,True,0.7748598995209728
main,Untaught IForest (accounts),spoof_calm,4,24,1,0.6522767380181542,0.8417995800549224,False,True,0.7748598995209728
main,Principle (accounts),spoof_calm,4,25,0,9.0,0.9,False,True,10.0
main,Principle (accounts),spoof_calm,4,25,1,9.0,0.9,False,True,10.0
main,Untaught IForest (accounts),spoof_calm,4,25,0,0.6521861466260994,0.8416826668011705,False,True,0.7748598995209728
main,Untaught IForest (accounts),spoof_calm,4,25,1,0.6521861466260994,0.8416826668011705,False,True,0.7748598995209728
main,Principle (accounts),spoof_calm,4,26,0,9.0,0.9,False,False,10.0
main,Principle (accounts),spoof_calm,4,26,1,9.0,0.9,False,True,10.0
main,Untaught IForest (accounts),spoof_calm,4,26,0,0.6645890631624591,0.8576893236742741,False,False,0.7748598995209728
main,Untaught IForest (accounts),spoof_calm,4,26,1,0.6522767380181542,0.8417995800549224,False,True,0.7748598995209728
main,Principle (accounts),spoof_calm,4,27,0,9.0,0.9,False,True,10.0
main,Principle (accounts),spoof_calm,4,27,1,0.0,0.0,False,False,10.0
main,Untaught IForest (accounts),spoof_calm,4,27,0,0.6522767380181542,0.8417995800549224,False,True,0.7748598995209728
main,Untaught IForest (accounts),spoof_calm,4,27,1,0.650546900659073,0.8395671282786068,False,False,0.7748598995209728
main,Principle (accounts),spoof_calm,4,28,0,9.0,0.9,False,True,10.0
main,Principle (accounts),spoof_calm,4,28,1,9.0,0.9,False,True,10.0
main,Untaught IForest (accounts),spoof_calm,4,28,0,0.6522767380181542,0.8417995800549224,False,True,0.7748598995209728
main,Untaught IForest (accounts),spoof_calm,4,28,1,0.6521861466260994,0.8416826668011705,False,True,0.7748598995209728
main,Principle (accounts),spoof_calm,4,29,0,9.0,0.9,False,True,10.0
main,Principle (accounts),spoof_calm,4,29,1,0.0,0.0,False,True,10.0
main,Untaught IForest (accounts),spoof_calm,4,29,0,0.6521861466260994,0.8416826668011705,False,True,0.7748598995209728
main,Untaught IForest (accounts),spoof_calm,4,29,1,0.6781120338012752,0.8751414729559391,False,True,0.7748598995209728
main,Principle (accounts),spoof_calm,4,30,0,9.0,0.9,False,True,10.0
main,Principle (accounts),spoof_calm,4,30,1,9.0,0.9,False,True,10.0
main,Untaught IForest (accounts),spoof_calm,4,30,0,0.6521861466260994,0.8416826668011705,False,True,0.7748598995209728
main,Untaught IForest (accounts),spoof_calm,4,30,1,0.6522767380181542,0.8417995800549224,False,True,0.7748598995209728
main,Principle (accounts),spoof_calm,4,31,0,9.0,0.9,False,True,10.0
main,Principle (accounts),spoof_calm,4,31,1,0.0,0.0,False,False,10.0
main,Untaught IForest (accounts),spoof_calm,4,31,0,0.6521861466260994,0.8416826668011705,False,True,0.7748598995209728
main,Untaught IForest (accounts),spoof_calm,4,31,1,0.6506076734303285,0.8396455589359336,False,False,0.7748598995209728
main,Principle (accounts),spoof_calm,4,32,0,9.0,0.9,False,True,10.0
main,Principle (accounts),spoof_calm,4,32,1,9.0,0.9,False,True,10.0
main,Untaught IForest (accounts),spoof_calm,4,32,0,0.6521861466260994,0.8416826668011705,False,True,0.7748598995209728
main,Untaught IForest (accounts),spoof_calm,4,32,1,0.6522767380181542,0.8417995800549224,False,True,0.7748598995209728
main,Principle (accounts),spoof_calm,4,33,0,9.0,0.9,False,True,10.0
main,Principle (accounts),spoof_calm,4,33,1,9.0,0.9,False,True,10.0
main,Untaught IForest (accounts),spoof_calm,4,33,0,0.6522767380181542,0.8417995800549224,False,True,0.7748598995209728
main,Untaught IForest (accounts),spoof_calm,4,33,1,0.6521861466260994,0.8416826668011705,False,True,0.7748598995209728
main,Principle (accounts),spoof_calm,4,34,0,0.0,0.0,False,False,10.0
main,Principle (accounts),spoof_calm,4,34,1,0.0,0.0,False,False,10.0
main,Untaught IForest (accounts),spoof_calm,4,34,0,0.6506076734303285,0.8396455589359336,False,False,0.7748598995209728
main,Untaught IForest (accounts),spoof_calm,4,34,1,0.6506076734303285,0.8396455589359336,False,False,0.7748598995209728
main,Principle (accounts),spoof_calm,4,35,0,9.0,0.9,False,True,10.0
main,Principle (accounts),spoof_calm,4,35,1,0.0,0.0,False,False,10.0
main,Untaught IForest (accounts),spoof_calm,4,35,0,0.6522767380181542,0.8417995800549224,False,True,0.7748598995209728
main,Untaught IForest (accounts),spoof_calm,4,35,1,0.6870749584114111,0.8867086280192957,False,False,0.7748598995209728
main,Principle (accounts),spoof_calm,4,36,0,9.0,0.9,False,True,10.0
main,Principle (accounts),spoof_calm,4,36,1,9.0,0.9,False,True,10.0
main,Untaught IForest (accounts),spoof_calm,4,36,0,0.6522767380181542,0.8417995800549224,False,True,0.7748598995209728
main,Untaught IForest (accounts),spoof_calm,4,36,1,0.6522767380181542,0.8417995800549224,False,True,0.7748598995209728
main,Principle (accounts),spoof_calm,4,37,0,0.0,0.0,False,False,10.0
main,Principle (accounts),spoof_calm,4,37,1,9.0,0.9,False,True,10.0
main,Untaught IForest (accounts),spoof_calm,4,37,0,0.6577015494949157,0.8488006024076278,False,False,0.7748598995209728
main,Untaught IForest (accounts),spoof_calm,4,37,1,0.6522767380181542,0.8417995800549224,False,True,0.7748598995209728
main,Principle (accounts),spoof_calm,4,38,0,0.0,0.0,False,False,10.0
main,Principle (accounts),spoof_calm,4,38,1,9.0,0.9,False,True,10.0
main,Untaught IForest (accounts),spoof_calm,4,38,0,0.650546900659073,0.8395671282786068,False,False,0.7748598995209728
main,Untaught IForest (accounts),spoof_calm,4,38,1,0.667130872733295,0.860969670963387,False,True,0.7748598995209728
main,Principle (accounts),spoof_calm,4,39,0,9.0,0.9,False,True,10.0
main,Principle (accounts),spoof_calm,4,39,1,9.0,0.9,False,True,10.0
main,Untaught IForest (accounts),spoof_calm,4,39,0,0.6521861466260994,0.8416826668011705,False,True,0.7748598995209728
main,Untaught IForest (accounts),spoof_calm,4,39,1,0.6522767380181542,0.8417995800549224,False,True,0.7748598995209728
main,Principle (accounts),spoof_calm,8,0,0,21.0,2.1,True,True,10.0
main,Principle (accounts),spoof_calm,8,0,1,21.0,2.1,True,True,10.0
main,Untaught IForest (accounts),spoof_calm,8,0,0,0.6647416978489064,0.8578863072664584,False,True,0.7748598995209728
main,Untaught IForest (accounts),spoof_calm,8,0,1,0.6650005885595985,0.8582204201955856,False,True,0.7748598995209728
main,Principle (accounts),spoof_calm,8,1,0,21.0,2.1,True,True,10.0
main,Principle (accounts),spoof_calm,8,1,1,21.0,2.1,True,True,10.0
main,Untaught IForest (accounts),spoof_calm,8,1,0,0.6647416978489064,0.8578863072664584,False,True,0.7748598995209728
main,Untaught IForest (accounts),spoof_calm,8,1,1,0.6647416978489064,0.8578863072664584,False,True,0.7748598995209728
main,Principle (accounts),spoof_calm,8,2,0,21.0,2.1,True,True,10.0
main,Principle (accounts),spoof_calm,8,2,1,21.0,2.1,True,True,10.0
main,Untaught IForest (accounts),spoof_calm,8,2,0,0.6647416978489064,0.8578863072664584,False,True,0.7748598995209728
main,Untaught IForest (accounts),spoof_calm,8,2,1,0.6647416978489064,0.8578863072664584,False,True,0.7748598995209728
main,Principle (accounts),spoof_calm,8,3,0,0.0,0.0,False,False,10.0
main,Principle (accounts),spoof_calm,8,3,1,0.0,0.0,False,False,10.0
main,Untaught IForest (accounts),spoof_calm,8,3,0,0.6676609216127183,0.861653728661754,False,False,0.7748598995209728
main,Untaught IForest (accounts),spoof_calm,8,3,1,0.6628164733522282,0.8554016974707155,False,False,0.7748598995209728
main,Principle (accounts),spoof_calm,8,4,0,21.0,2.1,True,True,10.0
main,Principle (accounts),spoof_calm,8,4,1,21.0,2.1,True,True,10.0
main,Untaught IForest (accounts),spoof_calm,8,4,0,0.6650005885595985,0.8582204201955856,False,True,0.7748598995209728
main,Untaught IForest (accounts),spoof_calm,8,4,1,0.6650005885595985,0.8582204201955856,False,True,0.7748598995209728
main,Principle (accounts),spoof_calm,8,5,0,21.0,2.1,True,True,10.0
main,Principle (accounts),spoof_calm,8,5,1,21.0,2.1,True,True,10.0
main,Untaught IForest (accounts),spoof_calm,8,5,0,0.6647416978489064,0.8578863072664584,False,True,0.7748598995209728
main,Untaught IForest (accounts),spoof_calm,8,5,1,0.6650005885595985,0.8582204201955856,False,True,0.7748598995209728
main,Principle (accounts),spoof_calm,8,6,0,21.0,2.1,True,True,10.0
main,Principle (accounts),spoof_calm,8,6,1,21.0,2.1,True,True,10.0
main,Untaught IForest (accounts),spoof_calm,8,6,0,0.6650005885595985,0.8582204201955856,False,True,0.7748598995209728
main,Untaught IForest (accounts),spoof_calm,8,6,1,0.6647416978489064,0.8578863072664584,False,True,0.7748598995209728
main,Principle (accounts),spoof_calm,8,7,0,21.0,2.1,True,True,10.0
main,Principle (accounts),spoof_calm,8,7,1,0.0,0.0,False,False,10.0
main,Untaught IForest (accounts),spoof_calm,8,7,0,0.6647416978489064,0.8578863072664584,False,True,0.7748598995209728
main,Untaught IForest (accounts),spoof_calm,8,7,1,0.6676609216127183,0.861653728661754,False,False,0.7748598995209728
main,Principle (accounts),spoof_calm,8,8,0,21.0,2.1,True,True,10.0
main,Principle (accounts),spoof_calm,8,8,1,21.0,2.1,True,True,10.0
main,Untaught IForest (accounts),spoof_calm,8,8,0,0.6650005885595985,0.8582204201955856,False,True,0.7748598995209728
main,Untaught IForest (accounts),spoof_calm,8,8,1,0.6650005885595985,0.8582204201955856,False,True,0.7748598995209728
main,Principle (accounts),spoof_calm,8,9,0,0.0,0.0,False,False,10.0
main,Principle (accounts),spoof_calm,8,9,1,21.0,2.1,True,True,10.0
main,Untaught IForest (accounts),spoof_calm,8,9,0,0.6676609216127183,0.861653728661754,False,False,0.7748598995209728
main,Untaught IForest (accounts),spoof_calm,8,9,1,0.6650005885595985,0.8582204201955856,False,True,0.7748598995209728
main,Principle (accounts),spoof_calm,8,10,0,21.0,2.1,True,True,10.0
main,Principle (accounts),spoof_calm,8,10,1,0.0,0.0,False,False,10.0
main,Untaught IForest (accounts),spoof_calm,8,10,0,0.6647416978489064,0.8578863072664584,False,True,0.7748598995209728
main,Untaught IForest (accounts),spoof_calm,8,10,1,0.6676609216127183,0.861653728661754,False,False,0.7748598995209728
main,Principle (accounts),spoof_calm,8,11,0,21.0,2.1,True,True,10.0
main,Principle (accounts),spoof_calm,8,11,1,21.0,2.1,True,True,10.0
main,Untaught IForest (accounts),spoof_calm,8,11,0,0.6650005885595985,0.8582204201955856,False,True,0.7748598995209728
main,Untaught IForest (accounts),spoof_calm,8,11,1,0.6647416978489064,0.8578863072664584,False,True,0.7748598995209728
main,Principle (accounts),spoof_calm,8,12,0,21.0,2.1,True,True,10.0
main,Principle (accounts),spoof_calm,8,12,1,21.0,2.1,True,True,10.0
main,Untaught IForest (accounts),spoof_calm,8,12,0,0.6647416978489064,0.8578863072664584,False,True,0.7748598995209728
main,Untaught IForest (accounts),spoof_calm,8,12,1,0.6650005885595985,0.8582204201955856,False,True,0.7748598995209728
main,Principle (accounts),spoof_calm,8,13,0,21.0,2.1,True,True,10.0
main,Principle (accounts),spoof_calm,8,13,1,21.0,2.1,True,True,10.0
main,Untaught IForest (accounts),spoof_calm,8,13,0,0.6650005885595985,0.8582204201955856,False,True,0.7748598995209728
main,Untaught IForest (accounts),spoof_calm,8,13,1,0.6647416978489064,0.8578863072664584,False,True,0.7748598995209728
main,Principle (accounts),spoof_calm,8,14,0,21.0,2.1,True,True,10.0
main,Principle (accounts),spoof_calm,8,14,1,21.0,2.1,True,True,10.0
main,Untaught IForest (accounts),spoof_calm,8,14,0,0.6647416978489064,0.8578863072664584,False,True,0.7748598995209728
main,Untaught IForest (accounts),spoof_calm,8,14,1,0.6647416978489064,0.8578863072664584,False,True,0.7748598995209728
main,Principle (accounts),spoof_calm,8,15,0,21.0,2.1,True,True,10.0
main,Principle (accounts),spoof_calm,8,15,1,21.0,2.1,True,True,10.0
main,Untaught IForest (accounts),spoof_calm,8,15,0,0.6650005885595985,0.8582204201955856,False,True,0.7748598995209728
main,Untaught IForest (accounts),spoof_calm,8,15,1,0.6647416978489064,0.8578863072664584,False,True,0.7748598995209728
main,Principle (accounts),spoof_calm,8,16,0,21.0,2.1,True,True,10.0
main,Principle (accounts),spoof_calm,8,16,1,21.0,2.1,True,True,10.0
main,Untaught IForest (accounts),spoof_calm,8,16,0,0.6647416978489064,0.8578863072664584,False,True,0.7748598995209728
main,Untaught IForest (accounts),spoof_calm,8,16,1,0.6650005885595985,0.8582204201955856,False,True,0.7748598995209728
main,Principle (accounts),spoof_calm,8,17,0,21.0,2.1,True,True,10.0
main,Principle (accounts),spoof_calm,8,17,1,21.0,2.1,True,True,10.0
main,Untaught IForest (accounts),spoof_calm,8,17,0,0.6650005885595985,0.8582204201955856,False,True,0.7748598995209728
main,Untaught IForest (accounts),spoof_calm,8,17,1,0.6650005885595985,0.8582204201955856,False,True,0.7748598995209728
main,Principle (accounts),spoof_calm,8,18,0,21.0,2.1,True,True,10.0
main,Principle (accounts),spoof_calm,8,18,1,0.0,0.0,False,False,10.0
main,Untaught IForest (accounts),spoof_calm,8,18,0,0.6647416978489064,0.8578863072664584,False,True,0.7748598995209728
main,Untaught IForest (accounts),spoof_calm,8,18,1,0.6823262242698184,0.8805801212472606,False,False,0.7748598995209728
main,Principle (accounts),spoof_calm,8,19,0,21.0,2.1,True,True,10.0
main,Principle (accounts),spoof_calm,8,19,1,0.0,0.0,False,False,10.0
main,Untaught IForest (accounts),spoof_calm,8,19,0,0.6647416978489064,0.8578863072664584,False,True,0.7748598995209728
main,Untaught IForest (accounts),spoof_calm,8,19,1,0.6628164733522282,0.8554016974707155,False,False,0.7748598995209728
main,Principle (accounts),spoof_calm,8,20,0,21.0,2.1,True,True,10.0
main,Principle (accounts),spoof_calm,8,20,1,21.0,2.1,True,True,10.0
main,Untaught IForest (accounts),spoof_calm,8,20,0,0.6650005885595985,0.8582204201955856,False,True,0.7748598995209728
main,Untaught IForest (accounts),spoof_calm,8,20,1,0.6650005885595985,0.8582204201955856,False,True,0.7748598995209728
main,Principle (accounts),spoof_calm,8,21,0,0.0,0.0,False,False,10.0
main,Principle (accounts),spoof_calm,8,21,1,21.0,2.1,True,True,10.0
main,Untaught IForest (accounts),spoof_calm,8,21,0,0.6676609216127183,0.861653728661754,False,False,0.7748598995209728
main,Untaught IForest (accounts),spoof_calm,8,21,1,0.6647416978489064,0.8578863072664584,False,True,0.7748598995209728
main,Principle (accounts),spoof_calm,8,22,0,21.0,2.1,True,True,10.0
main,Principle (accounts),spoof_calm,8,22,1,21.0,2.1,True,True,10.0
main,Untaught IForest (accounts),spoof_calm,8,22,0,0.6650005885595985,0.8582204201955856,False,True,0.7748598995209728
main,Untaught IForest (accounts),spoof_calm,8,22,1,0.6650005885595985,0.8582204201955856,False,True,0.7748598995209728
main,Principle (accounts),spoof_calm,8,23,0,0.0,0.0,False,False,10.0
main,Principle (accounts),spoof_calm,8,23,1,21.0,2.1,True,True,10.0
main,Untaught IForest (accounts),spoof_calm,8,23,0,0.6628164733522282,0.8554016974707155,False,False,0.7748598995209728
main,Untaught IForest (accounts),spoof_calm,8,23,1,0.6650005885595985,0.8582204201955856,False,True,0.7748598995209728
main,Principle (accounts),spoof_calm,8,24,0,21.0,2.1,True,True,10.0
main,Principle (accounts),spoof_calm,8,24,1,21.0,2.1,True,True,10.0
main,Untaught IForest (accounts),spoof_calm,8,24,0,0.6650005885595985,0.8582204201955856,False,True,0.7748598995209728
main,Untaught IForest (accounts),spoof_calm,8,24,1,0.6650005885595985,0.8582204201955856,False,True,0.7748598995209728
main,Principle (accounts),spoof_calm,8,25,0,0.0,0.0,False,False,10.0
main,Principle (accounts),spoof_calm,8,25,1,21.0,2.1,True,True,10.0
main,Untaught IForest (accounts),spoof_calm,8,25,0,0.6903525990567914,0.8909386064288205,False,False,0.7748598995209728
main,Untaught IForest (accounts),spoof_calm,8,25,1,0.6650005885595985,0.8582204201955856,False,True,0.7748598995209728
main,Principle (accounts),spoof_calm,8,26,0,21.0,2.1,True,True,10.0
main,Principle (accounts),spoof_calm,8,26,1,21.0,2.1,True,True,10.0
main,Untaught IForest (accounts),spoof_calm,8,26,0,0.6650005885595985,0.8582204201955856,False,True,0.7748598995209728
main,Untaught IForest (accounts),spoof_calm,8,26,1,0.6650005885595985,0.8582204201955856,False,True,0.7748598995209728
main,Principle (accounts),spoof_calm,8,27,0,21.0,2.1,True,True,10.0
main,Principle (accounts),spoof_calm,8,27,1,21.0,2.1,True,True,10.0
main,Untaught IForest (accounts),spoof_calm,8,27,0,0.6650005885595985,0.8582204201955856,False,True,0.7748598995209728
main,Untaught IForest (accounts),spoof_calm,8,27,1,0.6650005885595985,0.8582204201955856,False,True,0.7748598995209728
main,Principle (accounts),spoof_calm,8,28,0,21.0,2.1,True,False,10.0
main,Principle (accounts),spoof_calm,8,28,1,21.0,2.1,True,True,10.0
main,Untaught IForest (accounts),spoof_calm,8,28,0,0.675556025366927,0.8718428012400222,False,False,0.7748598995209728
main,Untaught IForest (accounts),spoof_calm,8,28,1,0.6650005885595985,0.8582204201955856,False,True,0.7748598995209728
main,Principle (accounts),spoof_calm,8,29,0,21.0,2.1,True,True,10.0
main,Principle (accounts),spoof_calm,8,29,1,0.0,0.0,False,True,10.0
main,Untaught IForest (accounts),spoof_calm,8,29,0,0.6647416978489064,0.8578863072664584,False,True,0.7748598995209728
main,Untaught IForest (accounts),spoof_calm,8,29,1,0.6870132519896894,0.8866289924338695,False,True,0.7748598995209728
main,Principle (accounts),spoof_calm,8,30,0,0.0,0.0,False,False,10.0
main,Principle (accounts),spoof_calm,8,30,1,21.0,2.1,True,True,10.0
main,Untaught IForest (accounts),spoof_calm,8,30,0,0.6676609216127183,0.861653728661754,False,False,0.7748598995209728
main,Untaught IForest (accounts),spoof_calm,8,30,1,0.6650005885595985,0.8582204201955856,False,True,0.7748598995209728
main,Principle (accounts),spoof_calm,8,31,0,21.0,2.1,True,True,10.0
main,Principle (accounts),spoof_calm,8,31,1,0.0,0.0,False,False,10.0
main,Untaught IForest (accounts),spoof_calm,8,31,0,0.6650005885595985,0.8582204201955856,False,True,0.7748598995209728
main,Untaught IForest (accounts),spoof_calm,8,31,1,0.6676609216127183,0.861653728661754,False,False,0.7748598995209728
main,Principle (accounts),spoof_calm,8,32,0,21.0,2.1,True,True,10.0
main,Principle (accounts),spoof_calm,8,32,1,21.0,2.1,True,True,10.0
main,Untaught IForest (accounts),spoof_calm,8,32,0,0.6647416978489064,0.8578863072664584,False,True,0.7748598995209728
main,Untaught IForest (accounts),spoof_calm,8,32,1,0.6650005885595985,0.8582204201955856,False,True,0.7748598995209728
main,Principle (accounts),spoof_calm,8,33,0,21.0,2.1,True,True,10.0
main,Principle (accounts),spoof_calm,8,33,1,0.0,0.0,False,False,10.0
main,Untaught IForest (accounts),spoof_calm,8,33,0,0.6647416978489064,0.8578863072664584,False,True,0.7748598995209728
main,Untaught IForest (accounts),spoof_calm,8,33,1,0.6628164733522282,0.8554016974707155,False,False,0.7748598995209728
main,Principle (accounts),spoof_calm,8,34,0,0.0,0.0,False,False,10.0
main,Principle (accounts),spoof_calm,8,34,1,21.0,2.1,True,True,10.0
main,Untaught IForest (accounts),spoof_calm,8,34,0,0.6676609216127183,0.861653728661754,False,False,0.7748598995209728
main,Untaught IForest (accounts),spoof_calm,8,34,1,0.6650005885595985,0.8582204201955856,False,True,0.7748598995209728
main,Principle (accounts),spoof_calm,8,35,0,21.0,2.1,True,True,10.0
main,Principle (accounts),spoof_calm,8,35,1,21.0,2.1,True,True,10.0
main,Untaught IForest (accounts),spoof_calm,8,35,0,0.6647416978489064,0.8578863072664584,False,True,0.7748598995209728
main,Untaught IForest (accounts),spoof_calm,8,35,1,0.6647416978489064,0.8578863072664584,False,True,0.7748598995209728
main,Principle (accounts),spoof_calm,8,36,0,21.0,2.1,True,True,10.0
main,Principle (accounts),spoof_calm,8,36,1,21.0,2.1,True,True,10.0
main,Untaught IForest (accounts),spoof_calm,8,36,0,0.6647416978489064,0.8578863072664584,False,True,0.7748598995209728
main,Untaught IForest (accounts),spoof_calm,8,36,1,0.6650005885595985,0.8582204201955856,False,True,0.7748598995209728
main,Principle (accounts),spoof_calm,8,37,0,21.0,2.1,True,True,10.0
main,Principle (accounts),spoof_calm,8,37,1,21.0,2.1,True,True,10.0
main,Untaught IForest (accounts),spoof_calm,8,37,0,0.6647416978489064,0.8578863072664584,False,True,0.7748598995209728
main,Untaught IForest (accounts),spoof_calm,8,37,1,0.6647416978489064,0.8578863072664584,False,True,0.7748598995209728
main,Principle (accounts),spoof_calm,8,38,0,21.0,2.1,True,True,10.0
main,Principle (accounts),spoof_calm,8,38,1,21.0,2.1,True,True,10.0
main,Untaught IForest (accounts),spoof_calm,8,38,0,0.6647416978489064,0.8578863072664584,False,True,0.7748598995209728
main,Untaught IForest (accounts),spoof_calm,8,38,1,0.6650005885595985,0.8582204201955856,False,True,0.7748598995209728
main,Principle (accounts),spoof_calm,8,39,0,21.0,2.1,True,True,10.0
main,Principle (accounts),spoof_calm,8,39,1,21.0,2.1,True,True,10.0
main,Untaught IForest (accounts),spoof_calm,8,39,0,0.6823503105949172,0.8806112059957599,False,True,0.7748598995209728
main,Untaught IForest (accounts),spoof_calm,8,39,1,0.6647416978489064,0.8578863072664584,False,True,0.7748598995209728
main,Principle (accounts),spoof_calm,16,0,0,45.0,4.5,True,True,10.0
main,Principle (accounts),spoof_calm,16,0,1,45.0,4.5,True,True,10.0
main,Untaught IForest (accounts),spoof_calm,16,0,0,0.6711549309568279,0.8661629429678107,False,True,0.7748598995209728
main,Untaught IForest (accounts),spoof_calm,16,0,1,0.6711549309568279,0.8661629429678107,False,True,0.7748598995209728
main,Principle (accounts),spoof_calm,16,1,0,45.0,4.5,True,True,10.0
main,Principle (accounts),spoof_calm,16,1,1,45.0,4.5,True,True,10.0
main,Untaught IForest (accounts),spoof_calm,16,1,0,0.6711549309568279,0.8661629429678107,False,True,0.7748598995209728
main,Untaught IForest (accounts),spoof_calm,16,1,1,0.6802232159535485,0.8778660714976607,False,True,0.7748598995209728
main,Principle (accounts),spoof_calm,16,2,0,45.0,4.5,True,True,10.0
main,Principle (accounts),spoof_calm,16,2,1,0.0,0.0,False,False,10.0
main,Untaught IForest (accounts),spoof_calm,16,2,0,0.6711549309568279,0.8661629429678107,False,True,0.7748598995209728
main,Untaught IForest (accounts),spoof_calm,16,2,1,0.6749278682617345,0.8710321293939493,False,False,0.7748598995209728
main,Principle (accounts),spoof_calm,16,3,0,45.0,4.5,True,True,10.0
main,Principle (accounts),spoof_calm,16,3,1,45.0,4.5,True,True,10.0
main,Untaught IForest (accounts),spoof_calm,16,3,0,0.6711549309568279,0.8661629429678107,False,True,0.7748598995209728
main,Untaught IForest (accounts),spoof_calm,16,3,1,0.6711549309568279,0.8661629429678107,False,True,0.7748598995209728
main,Principle (accounts),spoof_calm,16,4,0,45.0,4.5,True,True,10.0
main,Principle (accounts),spoof_calm,16,4,1,45.0,4.5,True,True,10.0
main,Untaught IForest (accounts),spoof_calm,16,4,0,0.6802232159535485,0.8778660714976607,False,True,0.7748598995209728
main,Untaught IForest (accounts),spoof_calm,16,4,1,0.6802232159535485,0.8778660714976607,False,True,0.7748598995209728
main,Principle (accounts),spoof_calm,16,5,0,45.0,4.5,True,True,10.0
main,Principle (accounts),spoof_calm,16,5,1,0.0,0.0,False,False,10.0
main,Untaught IForest (accounts),spoof_calm,16,5,0,0.6711549309568279,0.8661629429678107,False,True,0.7748598995209728
main,Untaught IForest (accounts),spoof_calm,16,5,1,0.6749278682617345,0.8710321293939493,False,False,0.7748598995209728
main,Principle (accounts),spoof_calm,16,6,0,45.0,4.5,True,True,10.0
main,Principle (accounts),spoof_calm,16,6,1,45.0,4.5,True,True,10.0
main,Untaught IForest (accounts),spoof_calm,16,6,0,0.6802232159535485,0.8778660714976607,False,True,0.7748598995209728
main,Untaught IForest (accounts),spoof_calm,16,6,1,0.6711549309568279,0.8661629429678107,False,True,0.7748598995209728
main,Principle (accounts),spoof_calm,16,7,0,45.0,4.5,True,True,10.0
main,Principle (accounts),spoof_calm,16,7,1,45.0,4.5,True,True,10.0
main,Untaught IForest (accounts),spoof_calm,16,7,0,0.6802232159535485,0.8778660714976607,False,True,0.7748598995209728
main,Untaught IForest (accounts),spoof_calm,16,7,1,0.6802232159535485,0.8778660714976607,False,True,0.7748598995209728
main,Principle (accounts),spoof_calm,16,8,0,45.0,4.5,True,True,10.0
main,Principle (accounts),spoof_calm,16,8,1,45.0,4.5,True,False,10.0
main,Untaught IForest (accounts),spoof_calm,16,8,0,0.6711549309568279,0.8661629429678107,False,True,0.7748598995209728
main,Untaught IForest (accounts),spoof_calm,16,8,1,0.6845595219711145,0.8834623167288912,False,False,0.7748598995209728
main,Principle (accounts),spoof_calm,16,9,0,45.0,4.5,True,True,10.0
main,Principle (accounts),spoof_calm,16,9,1,45.0,4.5,True,True,10.0
main,Untaught IForest (accounts),spoof_calm,16,9,0,0.6711549309568279,0.8661629429678107,False,True,0.7748598995209728
main,Untaught IForest (accounts),spoof_calm,16,9,1,0.6802232159535485,0.8778660714976607,False,True,0.7748598995209728
main,Principle (accounts),spoof_calm,16,10,0,45.0,4.5,True,True,10.0
main,Principle (accounts),spoof_calm,16,10,1,45.0,4.5,True,True,10.0
main,Untaught IForest (accounts),spoof_calm,16,10,0,0.6802232159535485,0.8778660714976607,False,True,0.7748598995209728
main,Untaught IForest (accounts),spoof_calm,16,10,1,0.6711549309568279,0.8661629429678107,False,True,0.7748598995209728
main,Principle (accounts),spoof_calm,16,11,0,45.0,4.5,True,True,10.0
main,Principle (accounts),spoof_calm,16,11,1,45.0,4.5,True,False,10.0
main,Untaught IForest (accounts),spoof_calm,16,11,0,0.6802232159535485,0.8778660714976607,False,True,0.7748598995209728
main,Untaught IForest (accounts),spoof_calm,16,11,1,0.6845595219711145,0.8834623167288912,False,False,0.7748598995209728
main,Principle (accounts),spoof_calm,16,12,0,45.0,4.5,True,True,10.0
main,Principle (accounts),spoof_calm,16,12,1,45.0,4.5,True,True,10.0
main,Untaught IForest (accounts),spoof_calm,16,12,0,0.6802232159535485,0.8778660714976607,False,True,0.7748598995209728
main,Untaught IForest (accounts),spoof_calm,16,12,1,0.6711549309568279,0.8661629429678107,False,True,0.7748598995209728
main,Principle (accounts),spoof_calm,16,13,0,45.0,4.5,True,True,10.0
main,Principle (accounts),spoof_calm,16,13,1,0.0,0.0,False,False,10.0
main,Untaught IForest (accounts),spoof_calm,16,13,0,0.6711549309568279,0.8661629429678107,False,True,0.7748598995209728
main,Untaught IForest (accounts),spoof_calm,16,13,1,0.6777918044464917,0.8747281990789694,False,False,0.7748598995209728
main,Principle (accounts),spoof_calm,16,14,0,45.0,4.5,True,True,10.0
main,Principle (accounts),spoof_calm,16,14,1,45.0,4.5,True,True,10.0
main,Untaught IForest (accounts),spoof_calm,16,14,0,0.6711549309568279,0.8661629429678107,False,True,0.7748598995209728
main,Untaught IForest (accounts),spoof_calm,16,14,1,0.6802232159535485,0.8778660714976607,False,True,0.7748598995209728
main,Principle (accounts),spoof_calm,16,15,0,45.0,4.5,True,True,10.0
main,Principle (accounts),spoof_calm,16,15,1,45.0,4.5,True,True,10.0
main,Untaught IForest (accounts),spoof_calm,16,15,0,0.6802232159535485,0.8778660714976607,False,True,0.7748598995209728
main,Untaught IForest (accounts),spoof_calm,16,15,1,0.6711549309568279,0.8661629429678107,False,True,0.7748598995209728
main,Principle (accounts),spoof_calm,16,16,0,45.0,4.5,True,True,10.0
main,Principle (accounts),spoof_calm,16,16,1,45.0,4.5,True,True,10.0
main,Untaught IForest (accounts),spoof_calm,16,16,0,0.6802232159535485,0.8778660714976607,False,True,0.7748598995209728
main,Untaught IForest (accounts),spoof_calm,16,16,1,0.6802232159535485,0.8778660714976607,False,True,0.7748598995209728
main,Principle (accounts),spoof_calm,16,17,0,0.0,0.0,False,False,10.0
main,Principle (accounts),spoof_calm,16,17,1,0.0,0.0,False,False,10.0
main,Untaught IForest (accounts),spoof_calm,16,17,0,0.6749278682617345,0.8710321293939493,False,False,0.7748598995209728
main,Untaught IForest (accounts),spoof_calm,16,17,1,0.6777918044464917,0.8747281990789694,False,False,0.7748598995209728
main,Principle (accounts),spoof_calm,16,18,0,45.0,4.5,True,True,10.0
main,Principle (accounts),spoof_calm,16,18,1,45.0,4.5,True,True,10.0
main,Untaught IForest (accounts),spoof_calm,16,18,0,0.6802232159535485,0.8778660714976607,False,True,0.7748598995209728
main,Untaught IForest (accounts),spoof_calm,16,18,1,0.6711549309568279,0.8661629429678107,False,True,0.7748598995209728
main,Principle (accounts),spoof_calm,16,19,0,45.0,4.5,True,True,10.0
main,Principle (accounts),spoof_calm,16,19,1,45.0,4.5,True,True,10.0
main,Untaught IForest (accounts),spoof_calm,16,19,0,0.6711549309568279,0.8661629429678107,False,True,0.7748598995209728
main,Untaught IForest (accounts),spoof_calm,16,19,1,0.6711549309568279,0.8661629429678107,False,True,0.7748598995209728
main,Principle (accounts),spoof_calm,16,20,0,45.0,4.5,True,True,10.0
main,Principle (accounts),spoof_calm,16,20,1,45.0,4.5,True,True,10.0
main,Untaught IForest (accounts),spoof_calm,16,20,0,0.6711549309568279,0.8661629429678107,False,True,0.7748598995209728
main,Untaught IForest (accounts),spoof_calm,16,20,1,0.6711549309568279,0.8661629429678107,False,True,0.7748598995209728
main,Principle (accounts),spoof_calm,16,21,0,45.0,4.5,True,True,10.0
main,Principle (accounts),spoof_calm,16,21,1,45.0,4.5,True,True,10.0
main,Untaught IForest (accounts),spoof_calm,16,21,0,0.6802232159535485,0.8778660714976607,False,True,0.7748598995209728
main,Untaught IForest (accounts),spoof_calm,16,21,1,0.6711549309568279,0.8661629429678107,False,True,0.7748598995209728
main,Principle (accounts),spoof_calm,16,22,0,45.0,4.5,True,True,10.0
main,Principle (accounts),spoof_calm,16,22,1,0.0,0.0,False,False,10.0
main,Untaught IForest (accounts),spoof_calm,16,22,0,0.6711549309568279,0.8661629429678107,False,True,0.7748598995209728
main,Untaught IForest (accounts),spoof_calm,16,22,1,0.7065805351647136,0.9118816648035726,False,False,0.7748598995209728
main,Principle (accounts),spoof_calm,16,23,0,45.0,4.5,True,True,10.0
main,Principle (accounts),spoof_calm,16,23,1,45.0,4.5,True,True,10.0
main,Untaught IForest (accounts),spoof_calm,16,23,0,0.6711549309568279,0.8661629429678107,False,True,0.7748598995209728
main,Untaught IForest (accounts),spoof_calm,16,23,1,0.6802232159535485,0.8778660714976607,False,True,0.7748598995209728
main,Principle (accounts),spoof_calm,16,24,0,45.0,4.5,True,True,10.0
main,Principle (accounts),spoof_calm,16,24,1,45.0,4.5,True,True,10.0
main,Untaught IForest (accounts),spoof_calm,16,24,0,0.6711549309568279,0.8661629429678107,False,True,0.7748598995209728
main,Untaught IForest (accounts),spoof_calm,16,24,1,0.6711549309568279,0.8661629429678107,False,True,0.7748598995209728
main,Principle (accounts),spoof_calm,16,25,0,45.0,4.5,True,True,10.0
main,Principle (accounts),spoof_calm,16,25,1,45.0,4.5,True,True,10.0
main,Untaught IForest (accounts),spoof_calm,16,25,0,0.6802232159535485,0.8778660714976607,False,True,0.7748598995209728
main,Untaught IForest (accounts),spoof_calm,16,25,1,0.6802232159535485,0.8778660714976607,False,True,0.7748598995209728
main,Principle (accounts),spoof_calm,16,26,0,45.0,4.5,True,True,10.0
main,Principle (accounts),spoof_calm,16,26,1,45.0,4.5,True,True,10.0
main,Untaught IForest (accounts),spoof_calm,16,26,0,0.6802232159535485,0.8778660714976607,False,True,0.7748598995209728
main,Untaught IForest (accounts),spoof_calm,16,26,1,0.6802232159535485,0.8778660714976607,False,True,0.7748598995209728
main,Principle (accounts),spoof_calm,16,27,0,45.0,4.5,True,True,10.0
main,Principle (accounts),spoof_calm,16,27,1,45.0,4.5,True,True,10.0
main,Untaught IForest (accounts),spoof_calm,16,27,0,0.6711549309568279,0.8661629429678107,False,True,0.7748598995209728
main,Untaught IForest (accounts),spoof_calm,16,27,1,0.6802232159535485,0.8778660714976607,False,True,0.7748598995209728
main,Principle (accounts),spoof_calm,16,28,0,45.0,4.5,True,True,10.0
main,Principle (accounts),spoof_calm,16,28,1,45.0,4.5,True,True,10.0
main,Untaught IForest (accounts),spoof_calm,16,28,0,0.6802232159535485,0.8778660714976607,False,True,0.7748598995209728
main,Untaught IForest (accounts),spoof_calm,16,28,1,0.6711549309568279,0.8661629429678107,False,True,0.7748598995209728
main,Principle (accounts),spoof_calm,16,29,0,45.0,4.5,True,True,10.0
main,Principle (accounts),spoof_calm,16,29,1,45.0,4.5,True,True,10.0
main,Untaught IForest (accounts),spoof_calm,16,29,0,0.6802232159535485,0.8778660714976607,False,True,0.7748598995209728
main,Untaught IForest (accounts),spoof_calm,16,29,1,0.6711549309568279,0.8661629429678107,False,True,0.7748598995209728
main,Principle (accounts),spoof_calm,16,30,0,45.0,4.5,True,True,10.0
main,Principle (accounts),spoof_calm,16,30,1,45.0,4.5,True,True,10.0
main,Untaught IForest (accounts),spoof_calm,16,30,0,0.6711549309568279,0.8661629429678107,False,True,0.7748598995209728
main,Untaught IForest (accounts),spoof_calm,16,30,1,0.6802232159535485,0.8778660714976607,False,True,0.7748598995209728
main,Principle (accounts),spoof_calm,16,31,0,45.0,4.5,True,True,10.0
main,Principle (accounts),spoof_calm,16,31,1,45.0,4.5,True,True,10.0
main,Untaught IForest (accounts),spoof_calm,16,31,0,0.6802232159535485,0.8778660714976607,False,True,0.7748598995209728
main,Untaught IForest (accounts),spoof_calm,16,31,1,0.6802232159535485,0.8778660714976607,False,True,0.7748598995209728
main,Principle (accounts),spoof_calm,16,32,0,45.0,4.5,True,True,10.0
main,Principle (accounts),spoof_calm,16,32,1,45.0,4.5,True,True,10.0
main,Untaught IForest (accounts),spoof_calm,16,32,0,0.6802232159535485,0.8778660714976607,False,True,0.7748598995209728
main,Untaught IForest (accounts),spoof_calm,16,32,1,0.6711549309568279,0.8661629429678107,False,True,0.7748598995209728
main,Principle (accounts),spoof_calm,16,33,0,45.0,4.5,True,True,10.0
main,Principle (accounts),spoof_calm,16,33,1,45.0,4.5,True,True,10.0
main,Untaught IForest (accounts),spoof_calm,16,33,0,0.6711549309568279,0.8661629429678107,False,True,0.7748598995209728
main,Untaught IForest (accounts),spoof_calm,16,33,1,0.6802232159535485,0.8778660714976607,False,True,0.7748598995209728
main,Principle (accounts),spoof_calm,16,34,0,45.0,4.5,True,True,10.0
main,Principle (accounts),spoof_calm,16,34,1,45.0,4.5,True,True,10.0
main,Untaught IForest (accounts),spoof_calm,16,34,0,0.6711549309568279,0.8661629429678107,False,True,0.7748598995209728
main,Untaught IForest (accounts),spoof_calm,16,34,1,0.6802232159535485,0.8778660714976607,False,True,0.7748598995209728
main,Principle (accounts),spoof_calm,16,35,0,45.0,4.5,True,True,10.0
main,Principle (accounts),spoof_calm,16,35,1,45.0,4.5,True,True,10.0
main,Untaught IForest (accounts),spoof_calm,16,35,0,0.6802232159535485,0.8778660714976607,False,True,0.7748598995209728
main,Untaught IForest (accounts),spoof_calm,16,35,1,0.6711549309568279,0.8661629429678107,False,True,0.7748598995209728
main,Principle (accounts),spoof_calm,16,36,0,45.0,4.5,True,True,10.0
main,Principle (accounts),spoof_calm,16,36,1,45.0,4.5,True,True,10.0
main,Untaught IForest (accounts),spoof_calm,16,36,0,0.6711549309568279,0.8661629429678107,False,True,0.7748598995209728
main,Untaught IForest (accounts),spoof_calm,16,36,1,0.6711549309568279,0.8661629429678107,False,True,0.7748598995209728
main,Principle (accounts),spoof_calm,16,37,0,45.0,4.5,True,True,10.0
main,Principle (accounts),spoof_calm,16,37,1,45.0,4.5,True,True,10.0
main,Untaught IForest (accounts),spoof_calm,16,37,0,0.6802232159535485,0.8778660714976607,False,True,0.7748598995209728
main,Untaught IForest (accounts),spoof_calm,16,37,1,0.6711549309568279,0.8661629429678107,False,True,0.7748598995209728
main,Principle (accounts),spoof_calm,16,38,0,45.0,4.5,True,True,10.0
main,Principle (accounts),spoof_calm,16,38,1,45.0,4.5,True,True,10.0
main,Untaught IForest (accounts),spoof_calm,16,38,0,0.6802232159535485,0.8778660714976607,False,True,0.7748598995209728
main,Untaught IForest (accounts),spoof_calm,16,38,1,0.6802232159535485,0.8778660714976607,False,True,0.7748598995209728
main,Principle (accounts),spoof_calm,16,39,0,45.0,4.5,True,True,10.0
main,Principle (accounts),spoof_calm,16,39,1,45.0,4.5,True,True,10.0
main,Untaught IForest (accounts),spoof_calm,16,39,0,0.6711549309568279,0.8661629429678107,False,True,0.7748598995209728
main,Untaught IForest (accounts),spoof_calm,16,39,1,0.6802232159535485,0.8778660714976607,False,True,0.7748598995209728
main,Principle (accounts),spoof_volatile,1,0,0,0.0,0.0,False,False,10.0
main,Principle (accounts),spoof_volatile,1,0,1,0.0,0.0,False,True,10.0
main,Untaught IForest (accounts),spoof_volatile,1,0,0,0.5780484512996218,0.746003828120384,False,False,0.7748598995209728
main,Untaught IForest (accounts),spoof_volatile,1,0,1,0.5899497502815828,0.7613631195088254,False,True,0.7748598995209728
main,Principle (accounts),spoof_volatile,1,1,0,0.0,0.0,False,True,10.0
main,Principle (accounts),spoof_volatile,1,1,1,0.0,0.0,False,True,10.0
main,Untaught IForest (accounts),spoof_volatile,1,1,0,0.5850010013601273,0.7549764824864232,False,True,0.7748598995209728
main,Untaught IForest (accounts),spoof_volatile,1,1,1,0.5850010013601273,0.7549764824864232,False,True,0.7748598995209728
main,Principle (accounts),spoof_volatile,1,2,0,0.0,0.0,False,True,10.0
main,Principle (accounts),spoof_volatile,1,2,1,0.0,0.0,False,False,10.0
main,Untaught IForest (accounts),spoof_volatile,1,2,0,0.5899497502815828,0.7613631195088254,False,True,0.7748598995209728
main,Untaught IForest (accounts),spoof_volatile,1,2,1,0.5985195129684919,0.7724228771401173,False,False,0.7748598995209728
main,Principle (accounts),spoof_volatile,1,3,0,0.0,0.0,False,True,10.0
main,Principle (accounts),spoof_volatile,1,3,1,0.0,0.0,False,False,10.0
main,Untaught IForest (accounts),spoof_volatile,1,3,0,0.5899497502815828,0.7613631195088254,False,True,0.7748598995209728
main,Untaught IForest (accounts),spoof_volatile,1,3,1,0.5899497502815828,0.7613631195088254,False,False,0.7748598995209728
main,Principle (accounts),spoof_volatile,1,4,0,0.0,0.0,False,True,10.0
main,Principle (accounts),spoof_volatile,1,4,1,0.0,0.0,False,True,10.0
main,Untaught IForest (accounts),spoof_volatile,1,4,0,0.5899497502815828,0.7613631195088254,False,True,0.7748598995209728
main,Untaught IForest (accounts),spoof_volatile,1,4,1,0.5899497502815828,0.7613631195088254,False,True,0.7748598995209728
main,Principle (accounts),spoof_volatile,1,5,0,0.0,0.0,False,True,10.0
main,Principle (accounts),spoof_volatile,1,5,1,0.0,0.0,False,True,10.0
main,Untaught IForest (accounts),spoof_volatile,1,5,0,0.5850010013601273,0.7549764824864232,False,True,0.7748598995209728
main,Untaught IForest (accounts),spoof_volatile,1,5,1,0.5899497502815828,0.7613631195088254,False,True,0.7748598995209728
main,Principle (accounts),spoof_volatile,1,6,0,0.0,0.0,False,False,10.0
main,Principle (accounts),spoof_volatile,1,6,1,0.0,0.0,False,True,10.0
main,Untaught IForest (accounts),spoof_volatile,1,6,0,0.5780484512996218,0.746003828120384,False,False,0.7748598995209728
main,Untaught IForest (accounts),spoof_volatile,1,6,1,0.5850010013601273,0.7549764824864232,False,True,0.7748598995209728
main,Principle (accounts),spoof_volatile,1,7,0,0.0,0.0,False,False,10.0
main,Principle (accounts),spoof_volatile,1,7,1,0.0,0.0,False,False,10.0
main,Untaught IForest (accounts),spoof_volatile,1,7,0,0.5899497502815828,0.7613631195088254,False,False,0.7748598995209728
main,Untaught IForest (accounts),spoof_volatile,1,7,1,0.6149036076938955,0.7935674669369727,False,False,0.7748598995209728
main,Principle (accounts),spoof_volatile,1,8,0,0.0,0.0,False,True,10.0
main,Principle (accounts),spoof_volatile,1,8,1,0.0,0.0,False,True,10.0
main,Untaught IForest (accounts),spoof_volatile,1,8,0,0.5899497502815828,0.7613631195088254,False,True,0.7748598995209728
main,Untaught IForest (accounts),spoof_volatile,1,8,1,0.6072130356115322,0.783642353910582,False,True,0.7748598995209728
main,Principle (accounts),spoof_volatile,1,9,0,0.0,0.0,False,True,10.0
main,Principle (accounts),spoof_volatile,1,9,1,0.0,0.0,False,False,10.0
main,Untaught IForest (accounts),spoof_volatile,1,9,0,0.5850010013601273,0.7549764824864232,False,True,0.7748598995209728
main,Untaught IForest (accounts),spoof_volatile,1,9,1,0.5780484512996218,0.746003828120384,False,False,0.7748598995209728
main,Principle (accounts),spoof_volatile,1,10,0,0.0,0.0,False,True,10.0
main,Principle (accounts),spoof_volatile,1,10,1,0.0,0.0,False,True,10.0
main,Untaught IForest (accounts),spoof_volatile,1,10,0,0.5899497502815828,0.7613631195088254,False,True,0.7748598995209728
main,Untaught IForest (accounts),spoof_volatile,1,10,1,0.5899497502815828,0.7613631195088254,False,True,0.7748598995209728
main,Principle (accounts),spoof_volatile,1,11,0,0.0,0.0,False,True,10.0
main,Principle (accounts),spoof_volatile,1,11,1,0.0,0.0,False,False,10.0
main,Untaught IForest (accounts),spoof_volatile,1,11,0,0.5850010013601273,0.7549764824864232,False,True,0.7748598995209728
main,Untaught IForest (accounts),spoof_volatile,1,11,1,0.5780484512996218,0.746003828120384,False,False,0.7748598995209728
main,Principle (accounts),spoof_volatile,1,12,0,0.0,0.0,False,False,10.0
main,Principle (accounts),spoof_volatile,1,12,1,0.0,0.0,False,True,10.0
main,Untaught IForest (accounts),spoof_volatile,1,12,0,0.5780484512996218,0.746003828120384,False,False,0.7748598995209728
main,Untaught IForest (accounts),spoof_volatile,1,12,1,0.5850010013601273,0.7549764824864232,False,True,0.7748598995209728
main,Principle (accounts),spoof_volatile,1,13,0,0.0,0.0,False,True,10.0
main,Principle (accounts),spoof_volatile,1,13,1,0.0,0.0,False,True,10.0
main,Untaught IForest (accounts),spoof_volatile,1,13,0,0.5850010013601273,0.7549764824864232,False,True,0.7748598995209728
main,Untaught IForest (accounts),spoof_volatile,1,13,1,0.5850010013601273,0.7549764824864232,False,True,0.7748598995209728
main,Principle (accounts),spoof_volatile,1,14,0,0.0,0.0,False,True,10.0
main,Principle (accounts),spoof_volatile,1,14,1,0.0,0.0,False,True,10.0
main,Untaught IForest (accounts),spoof_volatile,1,14,0,0.5899497502815828,0.7613631195088254,False,True,0.7748598995209728
main,Untaught IForest (accounts),spoof_volatile,1,14,1,0.5899497502815828,0.7613631195088254,False,True,0.7748598995209728
main,Principle (accounts),spoof_volatile,1,15,0,0.0,0.0,False,False,10.0
main,Principle (accounts),spoof_volatile,1,15,1,0.0,0.0,False,True,10.0
main,Untaught IForest (accounts),spoof_volatile,1,15,0,0.5780484512996218,0.746003828120384,False,False,0.7748598995209728
main,Untaught IForest (accounts),spoof_volatile,1,15,1,0.5899497502815828,0.7613631195088254,False,True,0.7748598995209728
main,Principle (accounts),spoof_volatile,1,16,0,0.0,0.0,False,True,10.0
main,Principle (accounts),spoof_volatile,1,16,1,0.0,0.0,False,False,10.0
main,Untaught IForest (accounts),spoof_volatile,1,16,0,0.5955588330846017,0.7686019543052659,False,True,0.7748598995209728
main,Untaught IForest (accounts),spoof_volatile,1,16,1,0.5780484512996218,0.746003828120384,False,False,0.7748598995209728
main,Principle (accounts),spoof_volatile,1,17,0,0.0,0.0,False,True,10.0
main,Principle (accounts),spoof_volatile,1,17,1,0.0,0.0,False,False,10.0
main,Untaught IForest (accounts),spoof_volatile,1,17,0,0.5899497502815828,0.7613631195088254,False,True,0.7748598995209728
main,Untaught IForest (accounts),spoof_volatile,1,17,1,0.5780484512996218,0.746003828120384,False,False,0.7748598995209728
main,Principle (accounts),spoof_volatile,1,18,0,0.0,0.0,False,True,10.0
main,Principle (accounts),spoof_volatile,1,18,1,0.0,0.0,False,True,10.0
main,Untaught IForest (accounts),spoof_volatile,1,18,0,0.5899497502815828,0.7613631195088254,False,True,0.7748598995209728
main,Untaught IForest (accounts),spoof_volatile,1,18,1,0.5850010013601273,0.7549764824864232,False,True,0.7748598995209728
main,Principle (accounts),spoof_volatile,1,19,0,0.0,0.0,False,False,10.0
main,Principle (accounts),spoof_volatile,1,19,1,0.0,0.0,False,True,10.0
main,Untaught IForest (accounts),spoof_volatile,1,19,0,0.5780484512996218,0.746003828120384,False,False,0.7748598995209728
main,Untaught IForest (accounts),spoof_volatile,1,19,1,0.5899497502815828,0.7613631195088254,False,True,0.7748598995209728
main,Principle (accounts),spoof_volatile,1,20,0,0.0,0.0,False,True,10.0
main,Principle (accounts),spoof_volatile,1,20,1,0.0,0.0,False,True,10.0
main,Untaught IForest (accounts),spoof_volatile,1,20,0,0.5955588330846017,0.7686019543052659,False,True,0.7748598995209728
main,Untaught IForest (accounts),spoof_volatile,1,20,1,0.5899497502815828,0.7613631195088254,False,True,0.7748598995209728
main,Principle (accounts),spoof_volatile,1,21,0,0.0,0.0,False,True,10.0
main,Principle (accounts),spoof_volatile,1,21,1,0.0,0.0,False,True,10.0
main,Untaught IForest (accounts),spoof_volatile,1,21,0,0.5899497502815828,0.7613631195088254,False,True,0.7748598995209728
main,Untaught IForest (accounts),spoof_volatile,1,21,1,0.5955588330846017,0.7686019543052659,False,True,0.7748598995209728
main,Principle (accounts),spoof_volatile,1,22,0,0.0,0.0,False,True,10.0
main,Principle (accounts),spoof_volatile,1,22,1,0.0,0.0,False,True,10.0
main,Untaught IForest (accounts),spoof_volatile,1,22,0,0.5850010013601273,0.7549764824864232,False,True,0.7748598995209728
main,Untaught IForest (accounts),spoof_volatile,1,22,1,0.5899497502815828,0.7613631195088254,False,True,0.7748598995209728
main,Principle (accounts),spoof_volatile,1,23,0,0.0,0.0,False,True,10.0
main,Principle (accounts),spoof_volatile,1,23,1,0.0,0.0,False,False,10.0
main,Untaught IForest (accounts),spoof_volatile,1,23,0,0.5850010013601273,0.7549764824864232,False,True,0.7748598995209728
main,Untaught IForest (accounts),spoof_volatile,1,23,1,0.5780484512996218,0.746003828120384,False,False,0.7748598995209728
main,Principle (accounts),spoof_volatile,1,24,0,0.0,0.0,False,True,10.0
main,Principle (accounts),spoof_volatile,1,24,1,0.0,0.0,False,False,10.0
main,Untaught IForest (accounts),spoof_volatile,1,24,0,0.5899497502815828,0.7613631195088254,False,True,0.7748598995209728
main,Untaught IForest (accounts),spoof_volatile,1,24,1,0.5899497502815828,0.7613631195088254,False,False,0.7748598995209728
main,Principle (accounts),spoof_volatile,1,25,0,0.0,0.0,False,True,10.0
main,Principle (accounts),spoof_volatile,1,25,1,0.0,0.0,False,False,10.0
main,Untaught IForest (accounts),spoof_volatile,1,25,0,0.5899497502815828,0.7613631195088254,False,True,0.7748598995209728
main,Untaught IForest (accounts),spoof_volatile,1,25,1,0.5850010013601273,0.7549764824864232,False,False,0.7748598995209728
main,Principle (accounts),spoof_volatile,1,26,0,0.0,0.0,False,True,10.0
main,Principle (accounts),spoof_volatile,1,26,1,0.0,0.0,False,False,10.0
main,Untaught IForest (accounts),spoof_volatile,1,26,0,0.6072130356115322,0.783642353910582,False,True,0.7748598995209728
main,Untaught IForest (accounts),spoof_volatile,1,26,1,0.5780484512996218,0.746003828120384,False,False,0.7748598995209728
main,Principle (accounts),spoof_volatile,1,27,0,0.0,0.0,False,False,10.0
main,Principle (accounts),spoof_volatile,1,27,1,0.0,0.0,False,True,10.0
main,Untaught IForest (accounts),spoof_volatile,1,27,0,0.5899497502815828,0.7613631195088254,False,False,0.7748598995209728
main,Untaught IForest (accounts),spoof_volatile,1,27,1,0.5850010013601273,0.7549764824864232,False,True,0.7748598995209728
main,Principle (accounts),spoof_volatile,1,28,0,0.0,0.0,False,True,10.0
main,Principle (accounts),spoof_volatile,1,28,1,0.0,0.0,False,True,10.0
main,Untaught IForest (accounts),spoof_volatile,1,28,0,0.5899497502815828,0.7613631195088254,False,True,0.7748598995209728
main,Untaught IForest (accounts),spoof_volatile,1,28,1,0.5899497502815828,0.7613631195088254,False,True,0.7748598995209728
main,Principle (accounts),spoof_volatile,1,29,0,0.0,0.0,False,True,10.0
main,Principle (accounts),spoof_volatile,1,29,1,0.0,0.0,False,True,10.0
main,Untaught IForest (accounts),spoof_volatile,1,29,0,0.5899497502815828,0.7613631195088254,False,True,0.7748598995209728
main,Untaught IForest (accounts),spoof_volatile,1,29,1,0.5850010013601273,0.7549764824864232,False,True,0.7748598995209728
main,Principle (accounts),spoof_volatile,1,30,0,0.0,0.0,False,True,10.0
main,Principle (accounts),spoof_volatile,1,30,1,0.0,0.0,False,True,10.0
main,Untaught IForest (accounts),spoof_volatile,1,30,0,0.6072130356115322,0.783642353910582,False,True,0.7748598995209728
main,Untaught IForest (accounts),spoof_volatile,1,30,1,0.5850010013601273,0.7549764824864232,False,True,0.7748598995209728
main,Principle (accounts),spoof_volatile,1,31,0,0.0,0.0,False,True,10.0
main,Principle (accounts),spoof_volatile,1,31,1,0.0,0.0,False,True,10.0
main,Untaught IForest (accounts),spoof_volatile,1,31,0,0.5899497502815828,0.7613631195088254,False,True,0.7748598995209728
main,Untaught IForest (accounts),spoof_volatile,1,31,1,0.5850010013601273,0.7549764824864232,False,True,0.7748598995209728
main,Principle (accounts),spoof_volatile,1,32,0,0.0,0.0,False,True,10.0
main,Principle (accounts),spoof_volatile,1,32,1,0.0,0.0,False,True,10.0
main,Untaught IForest (accounts),spoof_volatile,1,32,0,0.5850010013601273,0.7549764824864232,False,True,0.7748598995209728
main,Untaught IForest (accounts),spoof_volatile,1,32,1,0.5899497502815828,0.7613631195088254,False,True,0.7748598995209728
main,Principle (accounts),spoof_volatile,1,33,0,0.0,0.0,False,True,10.0
main,Principle (accounts),spoof_volatile,1,33,1,0.0,0.0,False,True,10.0
main,Untaught IForest (accounts),spoof_volatile,1,33,0,0.5899497502815828,0.7613631195088254,False,True,0.7748598995209728
main,Untaught IForest (accounts),spoof_volatile,1,33,1,0.5899497502815828,0.7613631195088254,False,True,0.7748598995209728
main,Principle (accounts),spoof_volatile,1,34,0,0.0,0.0,False,False,10.0
main,Principle (accounts),spoof_volatile,1,34,1,0.0,0.0,False,True,10.0
main,Untaught IForest (accounts),spoof_volatile,1,34,0,0.5780484512996218,0.746003828120384,False,False,0.7748598995209728
main,Untaught IForest (accounts),spoof_volatile,1,34,1,0.5899497502815828,0.7613631195088254,False,True,0.7748598995209728
main,Principle (accounts),spoof_volatile,1,35,0,0.0,0.0,False,True,10.0
main,Principle (accounts),spoof_volatile,1,35,1,0.0,0.0,False,True,10.0
main,Untaught IForest (accounts),spoof_volatile,1,35,0,0.5899497502815828,0.7613631195088254,False,True,0.7748598995209728
main,Untaught IForest (accounts),spoof_volatile,1,35,1,0.5899497502815828,0.7613631195088254,False,True,0.7748598995209728
main,Principle (accounts),spoof_volatile,1,36,0,0.0,0.0,False,False,10.0
main,Principle (accounts),spoof_volatile,1,36,1,0.0,0.0,False,False,10.0
main,Untaught IForest (accounts),spoof_volatile,1,36,0,0.5780484512996218,0.746003828120384,False,False,0.7748598995209728
main,Untaught IForest (accounts),spoof_volatile,1,36,1,0.5780484512996218,0.746003828120384,False,False,0.7748598995209728
main,Principle (accounts),spoof_volatile,1,37,0,0.0,0.0,False,True,10.0
main,Principle (accounts),spoof_volatile,1,37,1,0.0,0.0,False,True,10.0
main,Untaught IForest (accounts),spoof_volatile,1,37,0,0.6075720212373195,0.7841056449210075,False,True,0.7748598995209728
main,Untaught IForest (accounts),spoof_volatile,1,37,1,0.5850010013601273,0.7549764824864232,False,True,0.7748598995209728
main,Principle (accounts),spoof_volatile,1,38,0,0.0,0.0,False,True,10.0
main,Principle (accounts),spoof_volatile,1,38,1,0.0,0.0,False,True,10.0
main,Untaught IForest (accounts),spoof_volatile,1,38,0,0.5850010013601273,0.7549764824864232,False,True,0.7748598995209728
main,Untaught IForest (accounts),spoof_volatile,1,38,1,0.5850010013601273,0.7549764824864232,False,True,0.7748598995209728
main,Principle (accounts),spoof_volatile,1,39,0,0.0,0.0,False,False,10.0
main,Principle (accounts),spoof_volatile,1,39,1,0.0,0.0,False,True,10.0
main,Untaught IForest (accounts),spoof_volatile,1,39,0,0.5899497502815828,0.7613631195088254,False,False,0.7748598995209728
main,Untaught IForest (accounts),spoof_volatile,1,39,1,0.5899497502815828,0.7613631195088254,False,True,0.7748598995209728
main,Principle (accounts),spoof_volatile,2,0,0,3.0,0.3,False,True,10.0
main,Principle (accounts),spoof_volatile,2,0,1,3.0,0.3,False,True,10.0
main,Untaught IForest (accounts),spoof_volatile,2,0,0,0.6070124840121224,0.7833835308645917,False,True,0.7748598995209728
main,Untaught IForest (accounts),spoof_volatile,2,0,1,0.6129722332846419,0.7910749203353901,False,True,0.7748598995209728
main,Principle (accounts),spoof_volatile,2,1,0,3.0,0.3,False,True,10.0
main,Principle (accounts),spoof_volatile,2,1,1,0.0,0.0,False,False,10.0
main,Untaught IForest (accounts),spoof_volatile,2,1,0,0.6070124840121224,0.7833835308645917,False,True,0.7748598995209728
main,Untaught IForest (accounts),spoof_volatile,2,1,1,0.6022417190363484,0.7772265920699485,False,False,0.7748598995209728
main,Principle (accounts),spoof_volatile,2,2,0,0.0,0.0,False,False,10.0
main,Principle (accounts),spoof_volatile,2,2,1,3.0,0.3,False,True,10.0
main,Untaught IForest (accounts),spoof_volatile,2,2,0,0.6035562732637907,0.7789230977585961,False,False,0.7748598995209728
main,Untaught IForest (accounts),spoof_volatile,2,2,1,0.6070124840121224,0.7833835308645917,False,True,0.7748598995209728
main,Principle (accounts),spoof_volatile,2,3,0,3.0,0.3,False,True,10.0
main,Principle (accounts),spoof_volatile,2,3,1,0.0,0.0,False,False,10.0
main,Untaught IForest (accounts),spoof_volatile,2,3,0,0.6070124840121224,0.7833835308645917,False,True,0.7748598995209728
main,Untaught IForest (accounts),spoof_volatile,2,3,1,0.6081938150599442,0.7849081045953423,False,False,0.7748598995209728
main,Principle (accounts),spoof_volatile,2,4,0,3.0,0.3,False,True,10.0
main,Principle (accounts),spoof_volatile,2,4,1,3.0,0.3,False,True,10.0
main,Untaught IForest (accounts),spoof_volatile,2,4,0,0.6129722332846419,0.7910749203353901,False,True,0.7748598995209728
main,Untaught IForest (accounts),spoof_volatile,2,4,1,0.6129722332846419,0.7910749203353901,False,True,0.7748598995209728
main,Principle (accounts),spoof_volatile,2,5,0,3.0,0.3,False,True,10.0
main,Principle (accounts),spoof_volatile,2,5,1,3.0,0.3,False,False,10.0
main,Untaught IForest (accounts),spoof_volatile,2,5,0,0.6129722332846419,0.7910749203353901,False,True,0.7748598995209728
main,Untaught IForest (accounts),spoof_volatile,2,5,1,0.6210825919622748,0.8015417914209202,False,False,0.7748598995209728
main,Principle (accounts),spoof_volatile,2,6,0,0.0,0.0,False,False,10.0
main,Principle (accounts),spoof_volatile,2,6,1,0.0,0.0,False,False,10.0
main,Untaught IForest (accounts),spoof_volatile,2,6,0,0.6285881867343425,0.8112281808917235,False,False,0.7748598995209728
main,Untaught IForest (accounts),spoof_volatile,2,6,1,0.6022417190363484,0.7772265920699485,False,False,0.7748598995209728
main,Principle (accounts),spoof_volatile,2,7,0,3.0,0.3,False,True,10.0
main,Principle (accounts),spoof_volatile,2,7,1,0.0,0.0,False,True,10.0
main,Untaught IForest (accounts),spoof_volatile,2,7,0,0.6129722332846419,0.7910749203353901,False,True,0.7748598995209728
main,Untaught IForest (accounts),spoof_volatile,2,7,1,0.6335539604534106,0.8176367893668015,False,True,0.7748598995209728
main,Principle (accounts),spoof_volatile,2,8,0,3.0,0.3,False,True,10.0
main,Principle (accounts),spoof_volatile,2,8,1,3.0,0.3,False,True,10.0
main,Untaught IForest (accounts),spoof_volatile,2,8,0,0.6070124840121224,0.7833835308645917,False,True,0.7748598995209728
main,Untaught IForest (accounts),spoof_volatile,2,8,1,0.6070124840121224,0.7833835308645917,False,True,0.7748598995209728
main,Principle (accounts),spoof_volatile,2,9,0,3.0,0.3,False,True,10.0
main,Principle (accounts),spoof_volatile,2,9,1,3.0,0.3,False,True,10.0
main,Untaught IForest (accounts),spoof_volatile,2,9,0,0.6129722332846419,0.7910749203353901,False,True,0.7748598995209728
main,Untaught IForest (accounts),spoof_volatile,2,9,1,0.6070124840121224,0.7833835308645917,False,True,0.7748598995209728
main,Principle (accounts),spoof_volatile,2,10,0,3.0,0.3,False,True,10.0
main,Principle (accounts),spoof_volatile,2,10,1,3.0,0.3,False,True,10.0
main,Untaught IForest (accounts),spoof_volatile,2,10,0,0.6070124840121224,0.7833835308645917,False,True,0.7748598995209728
main,Untaught IForest (accounts),spoof_volatile,2,10,1,0.6129722332846419,0.7910749203353901,False,True,0.7748598995209728
main,Principle (accounts),spoof_volatile,2,11,0,0.0,0.0,False,False,10.0
main,Principle (accounts),spoof_volatile,2,11,1,0.0,0.0,False,False,10.0
main,Untaught IForest (accounts),spoof_volatile,2,11,0,0.619944854583463,0.8000734777560692,False,False,0.7748598995209728
main,Untaught IForest (accounts),spoof_volatile,2,11,1,0.6022417190363484,0.7772265920699485,False,False,0.7748598995209728
main,Principle (accounts),spoof_volatile,2,12,0,0.0,0.0,False,False,10.0
main,Principle (accounts),spoof_volatile,2,12,1,3.0,0.3,False,True,10.0
main,Untaught IForest (accounts),spoof_volatile,2,12,0,0.6022417190363484,0.7772265920699485,False,False,0.7748598995209728
main,Untaught IForest (accounts),spoof_volatile,2,12,1,0.6070124840121224,0.7833835308645917,False,True,0.7748598995209728
main,Principle (accounts),spoof_volatile,2,13,0,3.0,0.3,False,True,10.0
main,Principle (accounts),spoof_volatile,2,13,1,0.0,0.0,False,False,10.0
main,Untaught IForest (accounts),spoof_volatile,2,13,0,0.6070124840121224,0.7833835308645917,False,True,0.7748598995209728
main,Untaught IForest (accounts),spoof_volatile,2,13,1,0.6081938150599442,0.7849081045953423,False,False,0.7748598995209728
main,Principle (accounts),spoof_volatile,2,14,0,3.0,0.3,False,True,10.0
main,Principle (accounts),spoof_volatile,2,14,1,0.0,0.0,False,True,10.0
main,Untaught IForest (accounts),spoof_volatile,2,14,0,0.6070124840121224,0.7833835308645917,False,True,0.7748598995209728
main,Untaught IForest (accounts),spoof_volatile,2,14,1,0.6404278165309493,0.8265078847503516,False,True,0.7748598995209728
main,Principle (accounts),spoof_volatile,2,15,0,3.0,0.3,False,True,10.0
main,Principle (accounts),spoof_volatile,2,15,1,3.0,0.3,False,True,10.0
main,Untaught IForest (accounts),spoof_volatile,2,15,0,0.6129722332846419,0.7910749203353901,False,True,0.7748598995209728
main,Untaught IForest (accounts),spoof_volatile,2,15,1,0.6070124840121224,0.7833835308645917,False,True,0.7748598995209728
main,Principle (accounts),spoof_volatile,2,16,0,0.0,0.0,False,False,10.0
main,Principle (accounts),spoof_volatile,2,16,1,0.0,0.0,False,False,10.0
main,Untaught IForest (accounts),spoof_volatile,2,16,0,0.6081938150599442,0.7849081045953423,False,False,0.7748598995209728
main,Untaught IForest (accounts),spoof_volatile,2,16,1,0.6289498724171529,0.8116949564766185,False,False,0.7748598995209728
main,Principle (accounts),spoof_volatile,2,17,0,3.0,0.3,False,True,10.0
main,Principle (accounts),spoof_volatile,2,17,1,0.0,0.0,False,False,10.0
main,Untaught IForest (accounts),spoof_volatile,2,17,0,0.6070124840121224,0.7833835308645917,False,True,0.7748598995209728
main,Untaught IForest (accounts),spoof_volatile,2,17,1,0.6022417190363484,0.7772265920699485,False,False,0.7748598995209728
main,Principle (accounts),spoof_volatile,2,18,0,3.0,0.3,False,True,10.0
main,Principle (accounts),spoof_volatile,2,18,1,0.0,0.0,False,False,10.0
main,Untaught IForest (accounts),spoof_volatile,2,18,0,0.6070124840121224,0.7833835308645917,False,True,0.7748598995209728
main,Untaught IForest (accounts),spoof_volatile,2,18,1,0.6081938150599442,0.7849081045953423,False,False,0.7748598995209728
main,Principle (accounts),spoof_volatile,2,19,0,0.0,0.0,False,False,10.0
main,Principle (accounts),spoof_volatile,2,19,1,3.0,0.3,False,True,10.0
main,Untaught IForest (accounts),spoof_volatile,2,19,0,0.6219875043053615,0.8027096313667559,False,False,0.7748598995209728
main,Untaught IForest (accounts),spoof_volatile,2,19,1,0.6070124840121224,0.7833835308645917,False,True,0.7748598995209728
main,Principle (accounts),spoof_volatile,2,20,0,3.0,0.3,False,False,10.0
main,Principle (accounts),spoof_volatile,2,20,1,3.0,0.3,False,True,10.0
main,Untaught IForest (accounts),spoof_volatile,2,20,0,0.6210825919622748,0.8015417914209202,False,False,0.7748598995209728
main,Untaught IForest (accounts),spoof_volatile,2,20,1,0.6070124840121224,0.7833835308645917,False,True,0.7748598995209728
main,Principle (accounts),spoof_volatile,2,21,0,0.0,0.0,False,False,10.0
main,Principle (accounts),spoof_volatile,2,21,1,0.0,0.0,False,False,10.0
main,Untaught IForest (accounts),spoof_volatile,2,21,0,0.6417767370389987,0.8282487420445327,False,False,0.7748598995209728
main,Untaught IForest (accounts),spoof_volatile,2,21,1,0.6081938150599442,0.7849081045953423,False,False,0.7748598995209728
main,Principle (accounts),spoof_volatile,2,22,0,3.0,0.3,False,True,10.0
main,Principle (accounts),spoof_volatile,2,22,1,3.0,0.3,False,True,10.0
main,Untaught IForest (accounts),spoof_volatile,2,22,0,0.6129722332846419,0.7910749203353901,False,True,0.7748598995209728
main,Untaught IForest (accounts),spoof_volatile,2,22,1,0.6070124840121224,0.7833835308645917,False,True,0.7748598995209728
main,Principle (accounts),spoof_volatile,2,23,0,0.0,0.0,False,False,10.0
main,Principle (accounts),spoof_volatile,2,23,1,3.0,0.3,False,True,10.0
main,Untaught IForest (accounts),spoof_volatile,2,23,0,0.6081938150599442,0.7849081045953423,False,False,0.7748598995209728
main,Untaught IForest (accounts),spoof_volatile,2,23,1,0.6129722332846419,0.7910749203353901,False,True,0.7748598995209728
main,Principle (accounts),spoof_volatile,2,24,0,3.0,0.3,False,True,10.0
main,Principle (accounts),spoof_volatile,2,24,1,0.0,0.0,False,False,10.0
main,Untaught IForest (accounts),spoof_volatile,2,24,0,0.6129722332846419,0.7910749203353901,False,True,0.7748598995209728
main,Untaught IForest (accounts),spoof_volatile,2,24,1,0.6341054277851016,0.8183484887746969,False,False,0.7748598995209728
main,Principle (accounts),spoof_volatile,2,25,0,3.0,0.3,False,True,10.0
main,Principle (accounts),spoof_volatile,2,25,1,0.0,0.0,False,False,10.0
main,Untaught IForest (accounts),spoof_volatile,2,25,0,0.6070124840121224,0.7833835308645917,False,True,0.7748598995209728
main,Untaught IForest (accounts),spoof_volatile,2,25,1,0.6081938150599442,0.7849081045953423,False,False,0.7748598995209728
main,Principle (accounts),spoof_volatile,2,26,0,3.0,0.3,False,True,10.0
main,Principle (accounts),spoof_volatile,2,26,1,0.0,0.0,False,False,10.0
main,Untaught IForest (accounts),spoof_volatile,2,26,0,0.6070124840121224,0.7833835308645917,False,True,0.7748598995209728
main,Untaught IForest (accounts),spoof_volatile,2,26,1,0.6081938150599442,0.7849081045953423,False,False,0.7748598995209728
main,Principle (accounts),spoof_volatile,2,27,0,0.0,0.0,False,False,10.0
main,Principle (accounts),spoof_volatile,2,27,1,3.0,0.3,False,True,10.0
main,Untaught IForest (accounts),spoof_volatile,2,27,0,0.6022417190363484,0.7772265920699485,False,False,0.7748598995209728
main,Untaught IForest (accounts),spoof_volatile,2,27,1,0.6129722332846419,0.7910749203353901,False,True,0.7748598995209728
main,Principle (accounts),spoof_volatile,2,28,0,0.0,0.0,False,False,10.0
main,Principle (accounts),spoof_volatile,2,28,1,3.0,0.3,False,True,10.0
main,Untaught IForest (accounts),spoof_volatile,2,28,0,0.6219875043053615,0.8027096313667559,False,False,0.7748598995209728
main,Untaught IForest (accounts),spoof_volatile,2,28,1,0.6070124840121224,0.7833835308645917,False,True,0.7748598995209728
main,Principle (accounts),spoof_volatile,2,29,0,3.0,0.3,False,True,10.0
main,Principle (accounts),spoof_volatile,2,29,1,0.0,0.0,False,False,10.0
main,Untaught IForest (accounts),spoof_volatile,2,29,0,0.6070124840121224,0.7833835308645917,False,True,0.7748598995209728
main,Untaught IForest (accounts),spoof_volatile,2,29,1,0.6022417190363484,0.7772265920699485,False,False,0.7748598995209728
main,Principle (accounts),spoof_volatile,2,30,0,3.0,0.3,False,True,10.0
main,Principle (accounts),spoof_volatile,2,30,1,3.0,0.3,False,True,10.0
main,Untaught IForest (accounts),spoof_volatile,2,30,0,0.6129722332846419,0.7910749203353901,False,True,0.7748598995209728
main,Untaught IForest (accounts),spoof_volatile,2,30,1,0.6129722332846419,0.7910749203353901,False,True,0.7748598995209728
main,Principle (accounts),spoof_volatile,2,31,0,0.0,0.0,False,False,10.0
main,Principle (accounts),spoof_volatile,2,31,1,3.0,0.3,False,True,10.0
main,Untaught IForest (accounts),spoof_volatile,2,31,0,0.6341054277851016,0.8183484887746969,False,False,0.7748598995209728
main,Untaught IForest (accounts),spoof_volatile,2,31,1,0.6129722332846419,0.7910749203353901,False,True,0.7748598995209728
main,Principle (accounts),spoof_volatile,2,32,0,3.0,0.3,False,True,10.0
main,Principle (accounts),spoof_volatile,2,32,1,3.0,0.3,False,True,10.0
main,Untaught IForest (accounts),spoof_volatile,2,32,0,0.6070124840121224,0.7833835308645917,False,True,0.7748598995209728
main,Untaught IForest (accounts),spoof_volatile,2,32,1,0.6129722332846419,0.7910749203353901,False,True,0.7748598995209728
main,Principle (accounts),spoof_volatile,2,33,0,3.0,0.3,False,True,10.0
main,Principle (accounts),spoof_volatile,2,33,1,3.0,0.3,False,True,10.0
main,Untaught IForest (accounts),spoof_volatile,2,33,0,0.6070124840121224,0.7833835308645917,False,True,0.7748598995209728
main,Untaught IForest (accounts),spoof_volatile,2,33,1,0.6362929250083363,0.8211715761800293,False,True,0.7748598995209728
main,Principle (accounts),spoof_volatile,2,34,0,3.0,0.3,False,True,10.0
main,Principle (accounts),spoof_volatile,2,34,1,3.0,0.3,False,True,10.0
main,Untaught IForest (accounts),spoof_volatile,2,34,0,0.6129722332846419,0.7910749203353901,False,True,0.7748598995209728
main,Untaught IForest (accounts),spoof_volatile,2,34,1,0.6319485173697692,0.815564875354173,False,True,0.7748598995209728
main,Principle (accounts),spoof_volatile,2,35,0,3.0,0.3,False,True,10.0
main,Principle (accounts),spoof_volatile,2,35,1,3.0,0.3,False,True,10.0
main,Untaught IForest (accounts),spoof_volatile,2,35,0,0.6129722332846419,0.7910749203353901,False,True,0.7748598995209728
main,Untaught IForest (accounts),spoof_volatile,2,35,1,0.6070124840121224,0.7833835308645917,False,True,0.7748598995209728
main,Principle (accounts),spoof_volatile,2,36,0,3.0,0.3,False,True,10.0
main,Principle (accounts),spoof_volatile,2,36,1,3.0,0.3,False,True,10.0
main,Untaught IForest (accounts),spoof_volatile,2,36,0,0.6129722332846419,0.7910749203353901,False,True,0.7748598995209728
main,Untaught IForest (accounts),spoof_volatile,2,36,1,0.6070124840121224,0.7833835308645917,False,True,0.7748598995209728
main,Principle (accounts),spoof_volatile,2,37,0,3.0,0.3,False,True,10.0
main,Principle (accounts),spoof_volatile,2,37,1,0.0,0.0,False,False,10.0
main,Untaught IForest (accounts),spoof_volatile,2,37,0,0.6070124840121224,0.7833835308645917,False,True,0.7748598995209728
main,Untaught IForest (accounts),spoof_volatile,2,37,1,0.6417767370389987,0.8282487420445327,False,False,0.7748598995209728
main,Principle (accounts),spoof_volatile,2,38,0,0.0,0.0,False,True,10.0
main,Principle (accounts),spoof_volatile,2,38,1,0.0,0.0,False,False,10.0
main,Untaught IForest (accounts),spoof_volatile,2,38,0,0.6404278165309493,0.8265078847503516,False,True,0.7748598995209728
main,Untaught IForest (accounts),spoof_volatile,2,38,1,0.6035562732637907,0.7789230977585961,False,False,0.7748598995209728
main,Principle (accounts),spoof_volatile,2,39,0,3.0,0.3,False,True,10.0
main,Principle (accounts),spoof_volatile,2,39,1,3.0,0.3,False,True,10.0
main,Untaught IForest (accounts),spoof_volatile,2,39,0,0.6070124840121224,0.7833835308645917,False,True,0.7748598995209728
main,Untaught IForest (accounts),spoof_volatile,2,39,1,0.6070124840121224,0.7833835308645917,False,True,0.7748598995209728
main,Principle (accounts),spoof_volatile,4,0,0,9.0,0.9,False,True,10.0
main,Principle (accounts),spoof_volatile,4,0,1,0.0,0.0,False,False,10.0
main,Untaught IForest (accounts),spoof_volatile,4,0,0,0.6522767380181542,0.8417995800549224,False,True,0.7748598995209728
main,Untaught IForest (accounts),spoof_volatile,4,0,1,0.6506076734303285,0.8396455589359336,False,False,0.7748598995209728
main,Principle (accounts),spoof_volatile,4,1,0,9.0,0.9,False,True,10.0
main,Principle (accounts),spoof_volatile,4,1,1,0.0,0.0,False,False,10.0
main,Untaught IForest (accounts),spoof_volatile,4,1,0,0.6522767380181542,0.8417995800549224,False,True,0.7748598995209728
main,Untaught IForest (accounts),spoof_volatile,4,1,1,0.6506076734303285,0.8396455589359336,False,False,0.7748598995209728
main,Principle (accounts),spoof_volatile,4,2,0,0.0,0.0,False,False,10.0
main,Principle (accounts),spoof_volatile,4,2,1,9.0,0.9,False,True,10.0
main,Untaught IForest (accounts),spoof_volatile,4,2,0,0.6497019070661558,0.8384766168281633,False,False,0.7748598995209728
main,Untaught IForest (accounts),spoof_volatile,4,2,1,0.6521861466260994,0.8416826668011705,False,True,0.7748598995209728
main,Principle (accounts),spoof_volatile,4,3,0,9.0,0.9,False,True,10.0
main,Principle (accounts),spoof_volatile,4,3,1,9.0,0.9,False,True,10.0
main,Untaught IForest (accounts),spoof_volatile,4,3,0,0.6522767380181542,0.8417995800549224,False,True,0.7748598995209728
main,Untaught IForest (accounts),spoof_volatile,4,3,1,0.6522767380181542,0.8417995800549224,False,True,0.7748598995209728
main,Principle (accounts),spoof_volatile,4,4,0,0.0,0.0,False,False,10.0
main,Principle (accounts),spoof_volatile,4,4,1,0.0,0.0,False,False,10.0
main,Untaught IForest (accounts),spoof_volatile,4,4,0,0.650546900659073,0.8395671282786068,False,False,0.7748598995209728
main,Untaught IForest (accounts),spoof_volatile,4,4,1,0.6765356659755857,0.8731070821884417,False,False,0.7748598995209728
main,Principle (accounts),spoof_volatile,4,5,0,9.0,0.9,False,True,10.0
main,Principle (accounts),spoof_volatile,4,5,1,9.0,0.9,False,True,10.0
main,Untaught IForest (accounts),spoof_volatile,4,5,0,0.6521861466260994,0.8416826668011705,False,True,0.7748598995209728
main,Untaught IForest (accounts),spoof_volatile,4,5,1,0.6521861466260994,0.8416826668011705,False,True,0.7748598995209728
main,Principle (accounts),spoof_volatile,4,6,0,0.0,0.0,False,False,10.0
main,Principle (accounts),spoof_volatile,4,6,1,9.0,0.9,False,True,10.0
main,Untaught IForest (accounts),spoof_volatile,4,6,0,0.6709301375852884,0.8658728345602412,False,False,0.7748598995209728
main,Untaught IForest (accounts),spoof_volatile,4,6,1,0.6521861466260994,0.8416826668011705,False,True,0.7748598995209728
main,Principle (accounts),spoof_volatile,4,7,0,9.0,0.9,False,True,10.0
main,Principle (accounts),spoof_volatile,4,7,1,9.0,0.9,False,True,10.0
main,Untaught IForest (accounts),spoof_volatile,4,7,0,0.6522767380181542,0.8417995800549224,False,True,0.7748598995209728
main,Untaught IForest (accounts),spoof_volatile,4,7,1,0.6521861466260994,0.8416826668011705,False,True,0.7748598995209728
main,Principle (accounts),spoof_volatile,4,8,0,9.0,0.9,False,False,10.0
main,Principle (accounts),spoof_volatile,4,8,1,9.0,0.9,False,True,10.0
main,Untaught IForest (accounts),spoof_volatile,4,8,0,0.6673368666583684,0.8612355176347669,False,False,0.7748598995209728
main,Untaught IForest (accounts),spoof_volatile,4,8,1,0.6521861466260994,0.8416826668011705,False,True,0.7748598995209728
main,Principle (accounts),spoof_volatile,4,9,0,0.0,0.0,False,False,10.0
main,Principle (accounts),spoof_volatile,4,9,1,0.0,0.0,False,False,10.0
main,Untaught IForest (accounts),spoof_volatile,4,9,0,0.6506076734303285,0.8396455589359336,False,False,0.7748598995209728
main,Untaught IForest (accounts),spoof_volatile,4,9,1,0.6761393773156794,0.8725956495279682,False,False,0.7748598995209728
main,Principle (accounts),spoof_volatile,4,10,0,9.0,0.9,False,True,10.0
main,Principle (accounts),spoof_volatile,4,10,1,9.0,0.9,False,True,10.0
main,Untaught IForest (accounts),spoof_volatile,4,10,0,0.6521861466260994,0.8416826668011705,False,True,0.7748598995209728
main,Untaught IForest (accounts),spoof_volatile,4,10,1,0.6522767380181542,0.8417995800549224,False,True,0.7748598995209728
main,Principle (accounts),spoof_volatile,4,11,0,9.0,0.9,False,True,10.0
main,Principle (accounts),spoof_volatile,4,11,1,0.0,0.0,False,False,10.0
main,Untaught IForest (accounts),spoof_volatile,4,11,0,0.6522767380181542,0.8417995800549224,False,True,0.7748598995209728
main,Untaught IForest (accounts),spoof_volatile,4,11,1,0.650546900659073,0.8395671282786068,False,False,0.7748598995209728
main,Principle (accounts),spoof_volatile,4,12,0,0.0,0.0,False,True,10.0
main,Principle (accounts),spoof_volatile,4,12,1,0.0,0.0,False,False,10.0
main,Untaught IForest (accounts),spoof_volatile,4,12,0,0.6724196380459299,0.8677951181389402,False,True,0.7748598995209728
main,Untaught IForest (accounts),spoof_volatile,4,12,1,0.6721017226298278,0.8673848305291431,False,False,0.7748598995209728
main,Principle (accounts),spoof_volatile,4,13,0,9.0,0.9,False,True,10.0
main,Principle (accounts),spoof_volatile,4,13,1,9.0,0.9,False,True,10.0
main,Untaught IForest (accounts),spoof_volatile,4,13,0,0.6522767380181542,0.8417995800549224,False,True,0.7748598995209728
main,Untaught IForest (accounts),spoof_volatile,4,13,1,0.6522767380181542,0.8417995800549224,False,True,0.7748598995209728
main,Principle (accounts),spoof_volatile,4,14,0,9.0,0.9,False,True,10.0
main,Principle (accounts),spoof_volatile,4,14,1,9.0,0.9,False,True,10.0
main,Untaught IForest (accounts),spoof_volatile,4,14,0,0.6521861466260994,0.8416826668011705,False,True,0.7748598995209728
main,Untaught IForest (accounts),spoof_volatile,4,14,1,0.6521861466260994,0.8416826668011705,False,True,0.7748598995209728
main,Principle (accounts),spoof_volatile,4,15,0,9.0,0.9,False,True,10.0
main,Principle (accounts),spoof_volatile,4,15,1,9.0,0.9,False,True,10.0
main,Untaught IForest (accounts),spoof_volatile,4,15,0,0.6521861466260994,0.8416826668011705,False,True,0.7748598995209728
main,Untaught IForest (accounts),spoof_volatile,4,15,1,0.6522767380181542,0.8417995800549224,False,True,0.7748598995209728
main,Principle (accounts),spoof_volatile,4,16,0,9.0,0.9,False,True,10.0
main,Principle (accounts),spoof_volatile,4,16,1,0.0,0.0,False,True,10.0
main,Untaught IForest (accounts),spoof_volatile,4,16,0,0.6522767380181542,0.8417995800549224,False,True,0.7748598995209728
main,Untaught IForest (accounts),spoof_volatile,4,16,1,0.6531916483749068,0.8429803229960892,False,True,0.7748598995209728
main,Principle (accounts),spoof_volatile,4,17,0,9.0,0.9,False,True,10.0
main,Principle (accounts),spoof_volatile,4,17,1,9.0,0.9,False,False,10.0
main,Untaught IForest (accounts),spoof_volatile,4,17,0,0.6522767380181542,0.8417995800549224,False,True,0.7748598995209728
main,Untaught IForest (accounts),spoof_volatile,4,17,1,0.6673368666583684,0.8612355176347669,False,False,0.7748598995209728
main,Principle (accounts),spoof_volatile,4,18,0,9.0,0.9,False,True,10.0
main,Principle (accounts),spoof_volatile,4,18,1,0.0,0.0,False,False,10.0
main,Untaught IForest (accounts),spoof_volatile,4,18,0,0.6522767380181542,0.8417995800549224,False,True,0.7748598995209728
main,Untaught IForest (accounts),spoof_volatile,4,18,1,0.6577015494949157,0.8488006024076278,False,False,0.7748598995209728
main,Principle (accounts),spoof_volatile,4,19,0,0.0,0.0,False,False,10.0
main,Principle (accounts),spoof_volatile,4,19,1,0.0,0.0,False,False,10.0
main,Untaught IForest (accounts),spoof_volatile,4,19,0,0.6661695383045675,0.8597290151631296,False,False,0.7748598995209728
main,Untaught IForest (accounts),spoof_volatile,4,19,1,0.6506076734303285,0.8396455589359336,False,False,0.7748598995209728
main,Principle (accounts),spoof_volatile,4,20,0,9.0,0.9,False,True,10.0
main,Principle (accounts),spoof_volatile,4,20,1,0.0,0.0,False,False,10.0
main,Untaught IForest (accounts),spoof_volatile,4,20,0,0.6521861466260994,0.8416826668011705,False,True,0.7748598995209728
main,Untaught IForest (accounts),spoof_volatile,4,20,1,0.650546900659073,0.8395671282786068,False,False,0.7748598995209728
main,Principle (accounts),spoof_volatile,4,21,0,9.0,0.9,False,True,10.0
main,Principle (accounts),spoof_volatile,4,21,1,9.0,0.9,False,True,10.0
main,Untaught IForest (accounts),spoof_volatile,4,21,0,0.6521861466260994,0.8416826668011705,False,True,0.7748598995209728
main,Untaught IForest (accounts),spoof_volatile,4,21,1,0.6522767380181542,0.8417995800549224,False,True,0.7748598995209728
main,Principle (accounts),spoof_volatile,4,22,0,9.0,0.9,False,True,10.0
main,Principle (accounts),spoof_volatile,4,22,1,9.0,0.9,False,True,10.0
main,Untaught IForest (accounts),spoof_volatile,4,22,0,0.6521861466260994,0.8416826668011705,False,True,0.7748598995209728
main,Untaught IForest (accounts),spoof_volatile,4,22,1,0.6521861466260994,0.8416826668011705,False,True,0.7748598995209728
main,Principle (accounts),spoof_volatile,4,23,0,9.0,0.9,False,True,10.0
main,Principle (accounts),spoof_volatile,4,23,1,9.0,0.9,False,True,10.0
main,Untaught IForest (accounts),spoof_volatile,4,23,0,0.6522767380181542,0.8417995800549224,False,True,0.7748598995209728
main,Untaught IForest (accounts),spoof_volatile,4,23,1,0.6522767380181542,0.8417995800549224,False,True,0.7748598995209728
main,Principle (accounts),spoof_volatile,4,24,0,9.0,0.9,False,True,10.0
main,Principle (accounts),spoof_volatile,4,24,1,9.0,0.9,False,True,10.0
main,Untaught IForest (accounts),spoof_volatile,4,24,0,0.6521861466260994,0.8416826668011705,False,True,0.7748598995209728
main,Untaught IForest (accounts),spoof_volatile,4,24,1,0.6522767380181542,0.8417995800549224,False,True,0.7748598995209728
main,Principle (accounts),spoof_volatile,4,25,0,9.0,0.9,False,True,10.0
main,Principle (accounts),spoof_volatile,4,25,1,9.0,0.9,False,True,10.0
main,Untaught IForest (accounts),spoof_volatile,4,25,0,0.6521861466260994,0.8416826668011705,False,True,0.7748598995209728
main,Untaught IForest (accounts),spoof_volatile,4,25,1,0.6689203896861579,0.8632791425904116,False,True,0.7748598995209728
main,Principle (accounts),spoof_volatile,4,26,0,9.0,0.9,False,True,10.0
main,Principle (accounts),spoof_volatile,4,26,1,9.0,0.9,False,True,10.0
main,Untaught IForest (accounts),spoof_volatile,4,26,0,0.6521861466260994,0.8416826668011705,False,True,0.7748598995209728
main,Untaught IForest (accounts),spoof_volatile,4,26,1,0.6521861466260994,0.8416826668011705,False,True,0.7748598995209728
main,Principle (accounts),spoof_volatile,4,27,0,9.0,0.9,False,True,10.0
main,Principle (accounts),spoof_volatile,4,27,1,0.0,0.0,False,False,10.0
main,Untaught IForest (accounts),spoof_volatile,4,27,0,0.6522767380181542,0.8417995800549224,False,True,0.7748598995209728
main,Untaught IForest (accounts),spoof_volatile,4,27,1,0.6506076734303285,0.8396455589359336,False,False,0.7748598995209728
main,Principle (accounts),spoof_volatile,4,28,0,9.0,0.9,False,True,10.0
main,Principle (accounts),spoof_volatile,4,28,1,9.0,0.9,False,True,10.0
main,Untaught IForest (accounts),spoof_volatile,4,28,0,0.6521861466260994,0.8416826668011705,False,True,0.7748598995209728
main,Untaught IForest (accounts),spoof_volatile,4,28,1,0.6522767380181542,0.8417995800549224,False,True,0.7748598995209728
main,Principle (accounts),spoof_volatile,4,29,0,9.0,0.9,False,True,10.0
main,Principle (accounts),spoof_volatile,4,29,1,9.0,0.9,False,True,10.0
main,Untaught IForest (accounts),spoof_volatile,4,29,0,0.6522767380181542,0.8417995800549224,False,True,0.7748598995209728
main,Untaught IForest (accounts),spoof_volatile,4,29,1,0.6521861466260994,0.8416826668011705,False,True,0.7748598995209728
main,Principle (accounts),spoof_volatile,4,30,0,9.0,0.9,False,True,10.0
main,Principle (accounts),spoof_volatile,4,30,1,9.0,0.9,False,True,10.0
main,Untaught IForest (accounts),spoof_volatile,4,30,0,0.6522767380181542,0.8417995800549224,False,True,0.7748598995209728
main,Untaught IForest (accounts),spoof_volatile,4,30,1,0.6521861466260994,0.8416826668011705,False,True,0.7748598995209728
main,Principle (accounts),spoof_volatile,4,31,0,9.0,0.9,False,True,10.0
main,Principle (accounts),spoof_volatile,4,31,1,9.0,0.9,False,True,10.0
main,Untaught IForest (accounts),spoof_volatile,4,31,0,0.6521861466260994,0.8416826668011705,False,True,0.7748598995209728
main,Untaught IForest (accounts),spoof_volatile,4,31,1,0.6521861466260994,0.8416826668011705,False,True,0.7748598995209728
main,Principle (accounts),spoof_volatile,4,32,0,9.0,0.9,False,True,10.0
main,Principle (accounts),spoof_volatile,4,32,1,9.0,0.9,False,True,10.0
main,Untaught IForest (accounts),spoof_volatile,4,32,0,0.6522767380181542,0.8417995800549224,False,True,0.7748598995209728
main,Untaught IForest (accounts),spoof_volatile,4,32,1,0.6689203896861579,0.8632791425904116,False,True,0.7748598995209728
main,Principle (accounts),spoof_volatile,4,33,0,9.0,0.9,False,True,10.0
main,Principle (accounts),spoof_volatile,4,33,1,9.0,0.9,False,True,10.0
main,Untaught IForest (accounts),spoof_volatile,4,33,0,0.6521861466260994,0.8416826668011705,False,True,0.7748598995209728
main,Untaught IForest (accounts),spoof_volatile,4,33,1,0.6736635796147723,0.869400494245784,False,True,0.7748598995209728
main,Principle (accounts),spoof_volatile,4,34,0,9.0,0.9,False,True,10.0
main,Principle (accounts),spoof_volatile,4,34,1,9.0,0.9,False,True,10.0
main,Untaught IForest (accounts),spoof_volatile,4,34,0,0.6521861466260994,0.8416826668011705,False,True,0.7748598995209728
main,Untaught IForest (accounts),spoof_volatile,4,34,1,0.6522767380181542,0.8417995800549224,False,True,0.7748598995209728
main,Principle (accounts),spoof_volatile,4,35,0,0.0,0.0,False,False,10.0
main,Principle (accounts),spoof_volatile,4,35,1,9.0,0.9,False,True,10.0
main,Untaught IForest (accounts),spoof_volatile,4,35,0,0.6506076734303285,0.8396455589359336,False,False,0.7748598995209728
main,Untaught IForest (accounts),spoof_volatile,4,35,1,0.6522767380181542,0.8417995800549224,False,True,0.7748598995209728
main,Principle (accounts),spoof_volatile,4,36,0,9.0,0.9,False,True,10.0
main,Principle (accounts),spoof_volatile,4,36,1,9.0,0.9,False,True,10.0
main,Untaught IForest (accounts),spoof_volatile,4,36,0,0.6521861466260994,0.8416826668011705,False,True,0.7748598995209728
main,Untaught IForest (accounts),spoof_volatile,4,36,1,0.6521861466260994,0.8416826668011705,False,True,0.7748598995209728
main,Principle (accounts),spoof_volatile,4,37,0,9.0,0.9,False,True,10.0
main,Principle (accounts),spoof_volatile,4,37,1,0.0,0.0,False,False,10.0
main,Untaught IForest (accounts),spoof_volatile,4,37,0,0.6522767380181542,0.8417995800549224,False,True,0.7748598995209728
main,Untaught IForest (accounts),spoof_volatile,4,37,1,0.650546900659073,0.8395671282786068,False,False,0.7748598995209728
main,Principle (accounts),spoof_volatile,4,38,0,0.0,0.0,False,False,10.0
main,Principle (accounts),spoof_volatile,4,38,1,0.0,0.0,False,False,10.0
main,Untaught IForest (accounts),spoof_volatile,4,38,0,0.6765356659755857,0.8731070821884417,False,False,0.7748598995209728
main,Untaught IForest (accounts),spoof_volatile,4,38,1,0.650546900659073,0.8395671282786068,False,False,0.7748598995209728
main,Principle (accounts),spoof_volatile,4,39,0,9.0,0.9,False,True,10.0
main,Principle (accounts),spoof_volatile,4,39,1,9.0,0.9,False,True,10.0
main,Untaught IForest (accounts),spoof_volatile,4,39,0,0.6521861466260994,0.8416826668011705,False,True,0.7748598995209728
main,Untaught IForest (accounts),spoof_volatile,4,39,1,0.6522767380181542,0.8417995800549224,False,True,0.7748598995209728
main,Principle (accounts),spoof_volatile,8,0,0,21.0,2.1,True,True,10.0
main,Principle (accounts),spoof_volatile,8,0,1,21.0,2.1,True,True,10.0
main,Untaught IForest (accounts),spoof_volatile,8,0,0,0.6647416978489064,0.8578863072664584,False,True,0.7748598995209728
main,Untaught IForest (accounts),spoof_volatile,8,0,1,0.6650005885595985,0.8582204201955856,False,True,0.7748598995209728
main,Principle (accounts),spoof_volatile,8,1,0,21.0,2.1,True,True,10.0
main,Principle (accounts),spoof_volatile,8,1,1,0.0,0.0,False,False,10.0
main,Untaught IForest (accounts),spoof_volatile,8,1,0,0.6650005885595985,0.8582204201955856,False,True,0.7748598995209728
main,Untaught IForest (accounts),spoof_volatile,8,1,1,0.6628164733522282,0.8554016974707155,False,False,0.7748598995209728
main,Principle (accounts),spoof_volatile,8,2,0,21.0,2.1,True,True,10.0
main,Principle (accounts),spoof_volatile,8,2,1,0.0,0.0,False,True,10.0
main,Untaught IForest (accounts),spoof_volatile,8,2,0,0.6650005885595985,0.8582204201955856,False,True,0.7748598995209728
main,Untaught IForest (accounts),spoof_volatile,8,2,1,0.6966813728350846,0.899106242645646,False,True,0.7748598995209728
main,Principle (accounts),spoof_volatile,8,3,0,21.0,2.1,True,True,10.0
main,Principle (accounts),spoof_volatile,8,3,1,21.0,2.1,True,True,10.0
main,Untaught IForest (accounts),spoof_volatile,8,3,0,0.6650005885595985,0.8582204201955856,False,True,0.7748598995209728
main,Untaught IForest (accounts),spoof_volatile,8,3,1,0.6650005885595985,0.8582204201955856,False,True,0.7748598995209728
main,Principle (accounts),spoof_volatile,8,4,0,21.0,2.1,True,True,10.0
main,Principle (accounts),spoof_volatile,8,4,1,21.0,2.1,True,True,10.0
main,Untaught IForest (accounts),spoof_volatile,8,4,0,0.6650005885595985,0.8582204201955856,False,True,0.7748598995209728
main,Untaught IForest (accounts),spoof_volatile,8,4,1,0.6647416978489064,0.8578863072664584,False,True,0.7748598995209728
main,Principle (accounts),spoof_volatile,8,5,0,21.0,2.1,True,True,10.0
main,Principle (accounts),spoof_volatile,8,5,1,0.0,0.0,False,False,10.0
main,Untaught IForest (accounts),spoof_volatile,8,5,0,0.6650005885595985,0.8582204201955856,False,True,0.7748598995209728
main,Untaught IForest (accounts),spoof_volatile,8,5,1,0.6628164733522282,0.8554016974707155,False,False,0.7748598995209728
main,Principle (accounts),spoof_volatile,8,6,0,21.0,2.1,True,True,10.0
main,Principle (accounts),spoof_volatile,8,6,1,21.0,2.1,True,True,10.0
main,Untaught IForest (accounts),spoof_volatile,8,6,0,0.6647416978489064,0.8578863072664584,False,True,0.7748598995209728
main,Untaught IForest (accounts),spoof_volatile,8,6,1,0.6650005885595985,0.8582204201955856,False,True,0.7748598995209728
main,Principle (accounts),spoof_volatile,8,7,0,21.0,2.1,True,True,10.0
main,Principle (accounts),spoof_volatile,8,7,1,0.0,0.0,False,False,10.0
main,Untaught IForest (accounts),spoof_volatile,8,7,0,0.6647416978489064,0.8578863072664584,False,True,0.7748598995209728
main,Untaught IForest (accounts),spoof_volatile,8,7,1,0.6628164733522282,0.8554016974707155,False,False,0.7748598995209728
main,Principle (accounts),spoof_volatile,8,8,0,21.0,2.1,True,True,10.0
main,Principle (accounts),spoof_volatile,8,8,1,21.0,2.1,True,True,10.0
main,Untaught IForest (accounts),spoof_volatile,8,8,0,0.6647416978489064,0.8578863072664584,False,True,0.7748598995209728
main,Untaught IForest (accounts),spoof_volatile,8,8,1,0.6647416978489064,0.8578863072664584,False,True,0.7748598995209728
main,Principle (accounts),spoof_volatile,8,9,0,0.0,0.0,False,False,10.0
main,Principle (accounts),spoof_volatile,8,9,1,21.0,2.1,True,True,10.0
main,Untaught IForest (accounts),spoof_volatile,8,9,0,0.6823262242698184,0.8805801212472606,False,False,0.7748598995209728
main,Untaught IForest (accounts),spoof_volatile,8,9,1,0.6647416978489064,0.8578863072664584,False,True,0.7748598995209728
main,Principle (accounts),spoof_volatile,8,10,0,21.0,2.1,True,True,10.0
main,Principle (accounts),spoof_volatile,8,10,1,21.0,2.1,True,True,10.0
main,Untaught IForest (accounts),spoof_volatile,8,10,0,0.6647416978489064,0.8578863072664584,False,True,0.7748598995209728
main,Untaught IForest (accounts),spoof_volatile,8,10,1,0.6647416978489064,0.8578863072664584,False,True,0.7748598995209728
main,Principle (accounts),spoof_volatile,8,11,0,21.0,2.1,True,True,10.0
main,Principle (accounts),spoof_volatile,8,11,1,21.0,2.1,True,True,10.0
main,Untaught IForest (accounts),spoof_volatile,8,11,0,0.6647416978489064,0.8578863072664584,False,True,0.7748598995209728
main,Untaught IForest (accounts),spoof_volatile,8,11,1,0.6647416978489064,0.8578863072664584,False,True,0.7748598995209728
main,Principle (accounts),spoof_volatile,8,12,0,21.0,2.1,True,True,10.0
main,Principle (accounts),spoof_volatile,8,12,1,21.0,2.1,True,True,10.0
main,Untaught IForest (accounts),spoof_volatile,8,12,0,0.6650005885595985,0.8582204201955856,False,True,0.7748598995209728
main,Untaught IForest (accounts),spoof_volatile,8,12,1,0.6650005885595985,0.8582204201955856,False,True,0.7748598995209728
main,Principle (accounts),spoof_volatile,8,13,0,21.0,2.1,True,True,10.0
main,Principle (accounts),spoof_volatile,8,13,1,0.0,0.0,False,True,10.0
main,Untaught IForest (accounts),spoof_volatile,8,13,0,0.6647416978489064,0.8578863072664584,False,True,0.7748598995209728
main,Untaught IForest (accounts),spoof_volatile,8,13,1,0.6964457301540722,0.8988021325979353,False,True,0.7748598995209728
main,Principle (accounts),spoof_volatile,8,14,0,21.0,2.1,True,True,10.0
main,Principle (accounts),spoof_volatile,8,14,1,0.0,0.0,False,False,10.0
main,Untaught IForest (accounts),spoof_volatile,8,14,0,0.6647416978489064,0.8578863072664584,False,True,0.7748598995209728
main,Untaught IForest (accounts),spoof_volatile,8,14,1,0.6628164733522282,0.8554016974707155,False,False,0.7748598995209728
main,Principle (accounts),spoof_volatile,8,15,0,0.0,0.0,False,False,10.0
main,Principle (accounts),spoof_volatile,8,15,1,0.0,0.0,False,False,10.0
main,Untaught IForest (accounts),spoof_volatile,8,15,0,0.6676609216127183,0.861653728661754,False,False,0.7748598995209728
main,Untaught IForest (accounts),spoof_volatile,8,15,1,0.6628164733522282,0.8554016974707155,False,False,0.7748598995209728
main,Principle (accounts),spoof_volatile,8,16,0,0.0,0.0,False,False,10.0
main,Principle (accounts),spoof_volatile,8,16,1,21.0,2.1,True,True,10.0
main,Untaught IForest (accounts),spoof_volatile,8,16,0,0.6628164733522282,0.8554016974707155,False,False,0.7748598995209728
main,Untaught IForest (accounts),spoof_volatile,8,16,1,0.6650005885595985,0.8582204201955856,False,True,0.7748598995209728
main,Principle (accounts),spoof_volatile,8,17,0,21.0,2.1,True,True,10.0
main,Principle (accounts),spoof_volatile,8,17,1,21.0,2.1,True,True,10.0
main,Untaught IForest (accounts),spoof_volatile,8,17,0,0.6647416978489064,0.8578863072664584,False,True,0.7748598995209728
main,Untaught IForest (accounts),spoof_volatile,8,17,1,0.6650005885595985,0.8582204201955856,False,True,0.7748598995209728
main,Principle (accounts),spoof_volatile,8,18,0,21.0,2.1,True,True,10.0
main,Principle (accounts),spoof_volatile,8,18,1,21.0,2.1,True,True,10.0
main,Untaught IForest (accounts),spoof_volatile,8,18,0,0.6647416978489064,0.8578863072664584,False,True,0.7748598995209728
main,Untaught IForest (accounts),spoof_volatile,8,18,1,0.6650005885595985,0.8582204201955856,False,True,0.7748598995209728
main,Principle (accounts),spoof_volatile,8,19,0,0.0,0.0,False,False,10.0
main,Principle (accounts),spoof_volatile,8,19,1,0.0,0.0,False,False,10.0
main,Untaught IForest (accounts),spoof_volatile,8,19,0,0.6628164733522282,0.8554016974707155,False,False,0.7748598995209728
main,Untaught IForest (accounts),spoof_volatile,8,19,1,0.6676609216127183,0.861653728661754,False,False,0.7748598995209728
main,Principle (accounts),spoof_volatile,8,20,0,21.0,2.1,True,True,10.0
main,Principle (accounts),spoof_volatile,8,20,1,21.0,2.1,True,True,10.0
main,Untaught IForest (accounts),spoof_volatile,8,20,0,0.6647416978489064,0.8578863072664584,False,True,0.7748598995209728
main,Untaught IForest (accounts),spoof_volatile,8,20,1,0.6650005885595985,0.8582204201955856,False,True,0.7748598995209728
main,Principle (accounts),spoof_volatile,8,21,0,0.0,0.0,False,False,10.0
main,Principle (accounts),spoof_volatile,8,21,1,21.0,2.1,True,True,10.0
main,Untaught IForest (accounts),spoof_volatile,8,21,0,0.6676609216127183,0.861653728661754,False,False,0.7748598995209728
main,Untaught IForest (accounts),spoof_volatile,8,21,1,0.6823503105949172,0.8806112059957599,False,True,0.7748598995209728
main,Principle (accounts),spoof_volatile,8,22,0,21.0,2.1,True,True,10.0
main,Principle (accounts),spoof_volatile,8,22,1,0.0,0.0,False,False,10.0
main,Untaught IForest (accounts),spoof_volatile,8,22,0,0.6650005885595985,0.8582204201955856,False,True,0.7748598995209728
main,Untaught IForest (accounts),spoof_volatile,8,22,1,0.6628164733522282,0.8554016974707155,False,False,0.7748598995209728
main,Principle (accounts),spoof_volatile,8,23,0,21.0,2.1,True,True,10.0
main,Principle (accounts),spoof_volatile,8,23,1,0.0,0.0,False,False,10.0
main,Untaught IForest (accounts),spoof_volatile,8,23,0,0.6647416978489064,0.8578863072664584,False,True,0.7748598995209728
main,Untaught IForest (accounts),spoof_volatile,8,23,1,0.6676609216127183,0.861653728661754,False,False,0.7748598995209728
main,Principle (accounts),spoof_volatile,8,24,0,21.0,2.1,True,True,10.0
main,Principle (accounts),spoof_volatile,8,24,1,21.0,2.1,True,True,10.0
main,Untaught IForest (accounts),spoof_volatile,8,24,0,0.6650005885595985,0.8582204201955856,False,True,0.7748598995209728
main,Untaught IForest (accounts),spoof_volatile,8,24,1,0.6647416978489064,0.8578863072664584,False,True,0.7748598995209728
main,Principle (accounts),spoof_volatile,8,25,0,21.0,2.1,True,True,10.0
main,Principle (accounts),spoof_volatile,8,25,1,21.0,2.1,True,True,10.0
main,Untaught IForest (accounts),spoof_volatile,8,25,0,0.6650005885595985,0.8582204201955856,False,True,0.7748598995209728
main,Untaught IForest (accounts),spoof_volatile,8,25,1,0.6650005885595985,0.8582204201955856,False,True,0.7748598995209728
main,Principle (accounts),spoof_volatile,8,26,0,21.0,2.1,True,True,10.0
main,Principle (accounts),spoof_volatile,8,26,1,21.0,2.1,True,True,10.0
main,Untaught IForest (accounts),spoof_volatile,8,26,0,0.6650005885595985,0.8582204201955856,False,True,0.7748598995209728
main,Untaught IForest (accounts),spoof_volatile,8,26,1,0.6650005885595985,0.8582204201955856,False,True,0.7748598995209728
main,Principle (accounts),spoof_volatile,8,27,0,21.0,2.1,True,True,10.0
main,Principle (accounts),spoof_volatile,8,27,1,21.0,2.1,True,True,10.0
main,Untaught IForest (accounts),spoof_volatile,8,27,0,0.6650005885595985,0.8582204201955856,False,True,0.7748598995209728
main,Untaught IForest (accounts),spoof_volatile,8,27,1,0.6650005885595985,0.8582204201955856,False,True,0.7748598995209728
main,Principle (accounts),spoof_volatile,8,28,0,21.0,2.1,True,True,10.0
main,Principle (accounts),spoof_volatile,8,28,1,0.0,0.0,False,False,10.0
main,Untaught IForest (accounts),spoof_volatile,8,28,0,0.6647416978489064,0.8578863072664584,False,True,0.7748598995209728
main,Untaught IForest (accounts),spoof_volatile,8,28,1,0.6979354731746754,0.9007247292138193,False,False,0.7748598995209728
main,Principle (accounts),spoof_volatile,8,29,0,21.0,2.1,True,True,10.0
main,Principle (accounts),spoof_volatile,8,29,1,0.0,0.0,False,False,10.0
main,Untaught IForest (accounts),spoof_volatile,8,29,0,0.6647416978489064,0.8578863072664584,False,True,0.7748598995209728
main,Untaught IForest (accounts),spoof_volatile,8,29,1,0.6628164733522282,0.8554016974707155,False,False,0.7748598995209728
main,Principle (accounts),spoof_volatile,8,30,0,21.0,2.1,True,True,10.0
main,Principle (accounts),spoof_volatile,8,30,1,0.0,0.0,False,False,10.0
main,Untaught IForest (accounts),spoof_volatile,8,30,0,0.6650005885595985,0.8582204201955856,False,True,0.7748598995209728
main,Untaught IForest (accounts),spoof_volatile,8,30,1,0.6755290335634394,0.8718079668093021,False,False,0.7748598995209728
main,Principle (accounts),spoof_volatile,8,31,0,21.0,2.1,True,True,10.0
main,Principle (accounts),spoof_volatile,8,31,1,0.0,0.0,False,False,10.0
main,Untaught IForest (accounts),spoof_volatile,8,31,0,0.6650005885595985,0.8582204201955856,False,True,0.7748598995209728
main,Untaught IForest (accounts),spoof_volatile,8,31,1,0.6676609216127183,0.861653728661754,False,False,0.7748598995209728
main,Principle (accounts),spoof_volatile,8,32,0,0.0,0.0,False,False,10.0
main,Principle (accounts),spoof_volatile,8,32,1,21.0,2.1,True,True,10.0
main,Untaught IForest (accounts),spoof_volatile,8,32,0,0.6972403277704151,0.8998276052244503,False,False,0.7748598995209728
main,Untaught IForest (accounts),spoof_volatile,8,32,1,0.6647416978489064,0.8578863072664584,False,True,0.7748598995209728
main,Principle (accounts),spoof_volatile,8,33,0,0.0,0.0,False,False,10.0
main,Principle (accounts),spoof_volatile,8,33,1,21.0,2.1,True,True,10.0
main,Untaught IForest (accounts),spoof_volatile,8,33,0,0.6628164733522282,0.8554016974707155,False,False,0.7748598995209728
main,Untaught IForest (accounts),spoof_volatile,8,33,1,0.6650005885595985,0.8582204201955856,False,True,0.7748598995209728
main,Principle (accounts),spoof_volatile,8,34,0,0.0,0.0,False,False,10.0
main,Principle (accounts),spoof_volatile,8,34,1,0.0,0.0,False,True,10.0
main,Untaught IForest (accounts),spoof_volatile,8,34,0,0.6676609216127183,0.861653728661754,False,False,0.7748598995209728
main,Untaught IForest (accounts),spoof_volatile,8,34,1,0.6903286930226451,0.8909077543558702,False,True,0.7748598995209728
main,Principle (accounts),spoof_volatile,8,35,0,21.0,2.1,True,True,10.0
main,Principle (accounts),spoof_volatile,8,35,1,21.0,2.1,True,True,10.0
main,Untaught IForest (accounts),spoof_volatile,8,35,0,0.6647416978489064,0.8578863072664584,False,True,0.7748598995209728
main,Untaught IForest (accounts),spoof_volatile,8,35,1,0.6650005885595985,0.8582204201955856,False,True,0.7748598995209728
main,Principle (accounts),spoof_volatile,8,36,0,0.0,0.0,False,False,10.0
main,Principle (accounts),spoof_volatile,8,36,1,21.0,2.1,True,True,10.0
main,Untaught IForest (accounts),spoof_volatile,8,36,0,0.6628164733522282,0.8554016974707155,False,False,0.7748598995209728
main,Untaught IForest (accounts),spoof_volatile,8,36,1,0.6647416978489064,0.8578863072664584,False,True,0.7748598995209728
main,Principle (accounts),spoof_volatile,8,37,0,21.0,2.1,True,True,10.0
main,Principle (accounts),spoof_volatile,8,37,1,21.0,2.1,True,True,10.0
main,Untaught IForest (accounts),spoof_volatile,8,37,0,0.6647416978489064,0.8578863072664584,False,True,0.7748598995209728
main,Untaught IForest (accounts),spoof_volatile,8,37,1,0.6650005885595985,0.8582204201955856,False,True,0.7748598995209728
main,Principle (accounts),spoof_volatile,8,38,0,21.0,2.1,True,True,10.0
main,Principle (accounts),spoof_volatile,8,38,1,21.0,2.1,True,True,10.0
main,Untaught IForest (accounts),spoof_volatile,8,38,0,0.6647416978489064,0.8578863072664584,False,True,0.7748598995209728
main,Untaught IForest (accounts),spoof_volatile,8,38,1,0.6647416978489064,0.8578863072664584,False,True,0.7748598995209728
main,Principle (accounts),spoof_volatile,8,39,0,21.0,2.1,True,True,10.0
main,Principle (accounts),spoof_volatile,8,39,1,21.0,2.1,True,True,10.0
main,Untaught IForest (accounts),spoof_volatile,8,39,0,0.6650005885595985,0.8582204201955856,False,True,0.7748598995209728
main,Untaught IForest (accounts),spoof_volatile,8,39,1,0.6647416978489064,0.8578863072664584,False,True,0.7748598995209728
main,Principle (accounts),spoof_volatile,16,0,0,45.0,4.5,True,True,10.0
main,Principle (accounts),spoof_volatile,16,0,1,45.0,4.5,True,True,10.0
main,Untaught IForest (accounts),spoof_volatile,16,0,0,0.6802232159535485,0.8778660714976607,False,True,0.7748598995209728
main,Untaught IForest (accounts),spoof_volatile,16,0,1,0.6711549309568279,0.8661629429678107,False,True,0.7748598995209728
main,Principle (accounts),spoof_volatile,16,1,0,45.0,4.5,True,True,10.0
main,Principle (accounts),spoof_volatile,16,1,1,45.0,4.5,True,True,10.0
main,Untaught IForest (accounts),spoof_volatile,16,1,0,0.6711549309568279,0.8661629429678107,False,True,0.7748598995209728
main,Untaught IForest (accounts),spoof_volatile,16,1,1,0.6711549309568279,0.8661629429678107,False,True,0.7748598995209728
main,Principle (accounts),spoof_volatile,16,2,0,45.0,4.5,True,True,10.0
main,Principle (accounts),spoof_volatile,16,2,1,45.0,4.5,True,True,10.0
main,Untaught IForest (accounts),spoof_volatile,16,2,0,0.6802232159535485,0.8778660714976607,False,True,0.7748598995209728
main,Untaught IForest (accounts),spoof_volatile,16,2,1,0.6711549309568279,0.8661629429678107,False,True,0.7748598995209728
main,Principle (accounts),spoof_volatile,16,3,0,45.0,4.5,True,True,10.0
main,Principle (accounts),spoof_volatile,16,3,1,45.0,4.5,True,True,10.0
main,Untaught IForest (accounts),spoof_volatile,16,3,0,0.6802232159535485,0.8778660714976607,False,True,0.7748598995209728
main,Untaught IForest (accounts),spoof_volatile,16,3,1,0.6711549309568279,0.8661629429678107,False,True,0.7748598995209728
main,Principle (accounts),spoof_volatile,16,4,0,45.0,4.5,True,True,10.0
main,Principle (accounts),spoof_volatile,16,4,1,45.0,4.5,True,True,10.0
main,Untaught IForest (accounts),spoof_volatile,16,4,0,0.6802232159535485,0.8778660714976607,False,True,0.7748598995209728
main,Untaught IForest (accounts),spoof_volatile,16,4,1,0.6802232159535485,0.8778660714976607,False,True,0.7748598995209728
main,Principle (accounts),spoof_volatile,16,5,0,45.0,4.5,True,True,10.0
main,Principle (accounts),spoof_volatile,16,5,1,45.0,4.5,True,True,10.0
main,Untaught IForest (accounts),spoof_volatile,16,5,0,0.6802232159535485,0.8778660714976607,False,True,0.7748598995209728
main,Untaught IForest (accounts),spoof_volatile,16,5,1,0.6802232159535485,0.8778660714976607,False,True,0.7748598995209728
main,Principle (accounts),spoof_volatile,16,6,0,0.0,0.0,False,False,10.0
main,Principle (accounts),spoof_volatile,16,6,1,0.0,0.0,False,False,10.0
main,Untaught IForest (accounts),spoof_volatile,16,6,0,0.6749278682617345,0.8710321293939493,False,False,0.7748598995209728
main,Untaught IForest (accounts),spoof_volatile,16,6,1,0.6749278682617345,0.8710321293939493,False,False,0.7748598995209728
main,Principle (accounts),spoof_volatile,16,7,0,45.0,4.5,True,True,10.0
main,Principle (accounts),spoof_volatile,16,7,1,45.0,4.5,True,True,10.0
main,Untaught IForest (accounts),spoof_volatile,16,7,0,0.6711549309568279,0.8661629429678107,False,True,0.7748598995209728
main,Untaught IForest (accounts),spoof_volatile,16,7,1,0.6711549309568279,0.8661629429678107,False,True,0.7748598995209728
main,Principle (accounts),spoof_volatile,16,8,0,45.0,4.5,True,True,10.0
main,Principle (accounts),spoof_volatile,16,8,1,45.0,4.5,True,True,10.0
main,Untaught IForest (accounts),spoof_volatile,16,8,0,0.6802232159535485,0.8778660714976607,False,True,0.7748598995209728
main,Untaught IForest (accounts),spoof_volatile,16,8,1,0.6711549309568279,0.8661629429678107,False,True,0.7748598995209728
main,Principle (accounts),spoof_volatile,16,9,0,45.0,4.5,True,True,10.0
main,Principle (accounts),spoof_volatile,16,9,1,45.0,4.5,True,True,10.0
main,Untaught IForest (accounts),spoof_volatile,16,9,0,0.6802232159535485,0.8778660714976607,False,True,0.7748598995209728
main,Untaught IForest (accounts),spoof_volatile,16,9,1,0.7010549938041284,0.904750644906942,False,True,0.7748598995209728
main,Principle (accounts),spoof_volatile,16,10,0,45.0,4.5,True,True,10.0
main,Principle (accounts),spoof_volatile,16,10,1,45.0,4.5,True,True,10.0
main,Untaught IForest (accounts),spoof_volatile,16,10,0,0.6711549309568279,0.8661629429678107,False,True,0.7748598995209728
main,Untaught IForest (accounts),spoof_volatile,16,10,1,0.6802232159535485,0.8778660714976607,False,True,0.7748598995209728
main,Principle (accounts),spoof_volatile,16,11,0,0.0,0.0,False,False,10.0
main,Principle (accounts),spoof_volatile,16,11,1,45.0,4.5,True,True,10.0
main,Untaught IForest (accounts),spoof_volatile,16,11,0,0.6749278682617345,0.8710321293939493,False,False,0.7748598995209728
main,Untaught IForest (accounts),spoof_volatile,16,11,1,0.6802232159535485,0.8778660714976607,False,True,0.7748598995209728
main,Principle (accounts),spoof_volatile,16,12,0,45.0,4.5,True,True,10.0
main,Principle (accounts),spoof_volatile,16,12,1,0.0,0.0,False,False,10.0
main,Untaught IForest (accounts),spoof_volatile,16,12,0,0.6802232159535485,0.8778660714976607,False,True,0.7748598995209728
main,Untaught IForest (accounts),spoof_volatile,16,12,1,0.6777918044464917,0.8747281990789694,False,False,0.7748598995209728
main,Principle (accounts),spoof_volatile,16,13,0,0.0,0.0,False,False,10.0
main,Principle (accounts),spoof_volatile,16,13,1,45.0,4.5,True,True,10.0
main,Untaught IForest (accounts),spoof_volatile,16,13,0,0.6777918044464917,0.8747281990789694,False,False,0.7748598995209728
main,Untaught IForest (accounts),spoof_volatile,16,13,1,0.6711549309568279,0.8661629429678107,False,True,0.7748598995209728
main,Principle (accounts),spoof_volatile,16,14,0,45.0,4.5,True,True,10.0
main,Principle (accounts),spoof_volatile,16,14,1,45.0,4.5,True,False,10.0
main,Untaught IForest (accounts),spoof_volatile,16,14,0,0.6802232159535485,0.8778660714976607,False,True,0.7748598995209728
main,Untaught IForest (accounts),spoof_volatile,16,14,1,0.6940298911253939,0.8956843573327915,False,False,0.7748598995209728
main,Principle (accounts),spoof_volatile,16,15,0,45.0,4.5,True,True,10.0
main,Principle (accounts),spoof_volatile,16,15,1,0.0,0.0,False,False,10.0
main,Untaught IForest (accounts),spoof_volatile,16,15,0,0.6802232159535485,0.8778660714976607,False,True,0.7748598995209728
main,Untaught IForest (accounts),spoof_volatile,16,15,1,0.6777918044464917,0.8747281990789694,False,False,0.7748598995209728
main,Principle (accounts),spoof_volatile,16,16,0,45.0,4.5,True,True,10.0
main,Principle (accounts),spoof_volatile,16,16,1,45.0,4.5,True,True,10.0
main,Untaught IForest (accounts),spoof_volatile,16,16,0,0.6711549309568279,0.8661629429678107,False,True,0.7748598995209728
main,Untaught IForest (accounts),spoof_volatile,16,16,1,0.6802232159535485,0.8778660714976607,False,True,0.7748598995209728
main,Principle (accounts),spoof_volatile,16,17,0,45.0,4.5,True,True,10.0
main,Principle (accounts),spoof_volatile,16,17,1,45.0,4.5,True,True,10.0
main,Untaught IForest (accounts),spoof_volatile,16,17,0,0.6711549309568279,0.8661629429678107,False,True,0.7748598995209728
main,Untaught IForest (accounts),spoof_volatile,16,17,1,0.6711549309568279,0.8661629429678107,False,True,0.7748598995209728
main,Principle (accounts),spoof_volatile,16,18,0,45.0,4.5,True,True,10.0
main,Principle (accounts),spoof_volatile,16,18,1,45.0,4.5,True,True,10.0
main,Untaught IForest (accounts),spoof_volatile,16,18,0,0.6711549309568279,0.8661629429678107,False,True,0.7748598995209728
main,Untaught IForest (accounts),spoof_volatile,16,18,1,0.6802232159535485,0.8778660714976607,False,True,0.7748598995209728
main,Principle (accounts),spoof_volatile,16,19,0,45.0,4.5,True,True,10.0
main,Principle (accounts),spoof_volatile,16,19,1,45.0,4.5,True,True,10.0
main,Untaught IForest (accounts),spoof_volatile,16,19,0,0.6711549309568279,0.8661629429678107,False,True,0.7748598995209728
main,Untaught IForest (accounts),spoof_volatile,16,19,1,0.6802232159535485,0.8778660714976607,False,True,0.7748598995209728
main,Principle (accounts),spoof_volatile,16,20,0,0.0,0.0,False,True,10.0
main,Principle (accounts),spoof_volatile,16,20,1,45.0,4.5,True,True,10.0
main,Untaught IForest (accounts),spoof_volatile,16,20,0,0.6931798730721391,0.8945873615355122,False,True,0.7748598995209728
main,Untaught IForest (accounts),spoof_volatile,16,20,1,0.6802232159535485,0.8778660714976607,False,True,0.7748598995209728
main,Principle (accounts),spoof_volatile,16,21,0,0.0,0.0,False,False,10.0
main,Principle (accounts),spoof_volatile,16,21,1,45.0,4.5,True,True,10.0
main,Untaught IForest (accounts),spoof_volatile,16,21,0,0.6777918044464917,0.8747281990789694,False,False,0.7748598995209728
main,Untaught IForest (accounts),spoof_volatile,16,21,1,0.6802232159535485,0.8778660714976607,False,True,0.7748598995209728
main,Principle (accounts),spoof_volatile,16,22,0,45.0,4.5,True,True,10.0
main,Principle (accounts),spoof_volatile,16,22,1,45.0,4.5,True,True,10.0
main,Untaught IForest (accounts),spoof_volatile,16,22,0,0.6711549309568279,0.8661629429678107,False,True,0.7748598995209728
main,Untaught IForest (accounts),spoof_volatile,16,22,1,0.6711549309568279,0.8661629429678107,False,True,0.7748598995209728
main,Principle (accounts),spoof_volatile,16,23,0,45.0,4.5,True,True,10.0
main,Principle (accounts),spoof_volatile,16,23,1,45.0,4.5,True,True,10.0
main,Untaught IForest (accounts),spoof_volatile,16,23,0,0.6802232159535485,0.8778660714976607,False,True,0.7748598995209728
main,Untaught IForest (accounts),spoof_volatile,16,23,1,0.6802232159535485,0.8778660714976607,False,True,0.7748598995209728
main,Principle (accounts),spoof_volatile,16,24,0,45.0,4.5,True,True,10.0
main,Principle (accounts),spoof_volatile,16,24,1,45.0,4.5,True,True,10.0
main,Untaught IForest (accounts),spoof_volatile,16,24,0,0.6802232159535485,0.8778660714976607,False,True,0.7748598995209728
main,Untaught IForest (accounts),spoof_volatile,16,24,1,0.6711549309568279,0.8661629429678107,False,True,0.7748598995209728
main,Principle (accounts),spoof_volatile,16,25,0,45.0,4.5,True,True,10.0
main,Principle (accounts),spoof_volatile,16,25,1,45.0,4.5,True,True,10.0
main,Untaught IForest (accounts),spoof_volatile,16,25,0,0.6802232159535485,0.8778660714976607,False,True,0.7748598995209728
main,Untaught IForest (accounts),spoof_volatile,16,25,1,0.6711549309568279,0.8661629429678107,False,True,0.7748598995209728
main,Principle (accounts),spoof_volatile,16,26,0,45.0,4.5,True,True,10.0
main,Principle (accounts),spoof_volatile,16,26,1,0.0,0.0,False,False,10.0
main,Untaught IForest (accounts),spoof_volatile,16,26,0,0.6711549309568279,0.8661629429678107,False,True,0.7748598995209728
main,Untaught IForest (accounts),spoof_volatile,16,26,1,0.6749278682617345,0.8710321293939493,False,False,0.7748598995209728
main,Principle (accounts),spoof_volatile,16,27,0,45.0,4.5,True,True,10.0
main,Principle (accounts),spoof_volatile,16,27,1,45.0,4.5,True,True,10.0
main,Untaught IForest (accounts),spoof_volatile,16,27,0,0.6802232159535485,0.8778660714976607,False,True,0.7748598995209728
main,Untaught IForest (accounts),spoof_volatile,16,27,1,0.6802232159535485,0.8778660714976607,False,True,0.7748598995209728
main,Principle (accounts),spoof_volatile,16,28,0,45.0,4.5,True,True,10.0
main,Principle (accounts),spoof_volatile,16,28,1,0.0,0.0,False,False,10.0
main,Untaught IForest (accounts),spoof_volatile,16,28,0,0.6802232159535485,0.8778660714976607,False,True,0.7748598995209728
main,Untaught IForest (accounts),spoof_volatile,16,28,1,0.6749278682617345,0.8710321293939493,False,False,0.7748598995209728
main,Principle (accounts),spoof_volatile,16,29,0,45.0,4.5,True,True,10.0
main,Principle (accounts),spoof_volatile,16,29,1,0.0,0.0,False,False,10.0
main,Untaught IForest (accounts),spoof_volatile,16,29,0,0.6961760238942859,0.8984540615983223,False,True,0.7748598995209728
main,Untaught IForest (accounts),spoof_volatile,16,29,1,0.6777918044464917,0.8747281990789694,False,False,0.7748598995209728
main,Principle (accounts),spoof_volatile,16,30,0,0.0,0.0,False,False,10.0
main,Principle (accounts),spoof_volatile,16,30,1,45.0,4.5,True,True,10.0
main,Untaught IForest (accounts),spoof_volatile,16,30,0,0.6749278682617345,0.8710321293939493,False,False,0.7748598995209728
main,Untaught IForest (accounts),spoof_volatile,16,30,1,0.6711549309568279,0.8661629429678107,False,True,0.7748598995209728
main,Principle (accounts),spoof_volatile,16,31,0,45.0,4.5,True,True,10.0
main,Principle (accounts),spoof_volatile,16,31,1,45.0,4.5,True,True,10.0
main,Untaught IForest (accounts),spoof_volatile,16,31,0,0.6802232159535485,0.8778660714976607,False,True,0.7748598995209728
main,Untaught IForest (accounts),spoof_volatile,16,31,1,0.6711549309568279,0.8661629429678107,False,True,0.7748598995209728
main,Principle (accounts),spoof_volatile,16,32,0,45.0,4.5,True,True,10.0
main,Principle (accounts),spoof_volatile,16,32,1,45.0,4.5,True,True,10.0
main,Untaught IForest (accounts),spoof_volatile,16,32,0,0.6711549309568279,0.8661629429678107,False,True,0.7748598995209728
main,Untaught IForest (accounts),spoof_volatile,16,32,1,0.6802232159535485,0.8778660714976607,False,True,0.7748598995209728
main,Principle (accounts),spoof_volatile,16,33,0,45.0,4.5,True,True,10.0
main,Principle (accounts),spoof_volatile,16,33,1,45.0,4.5,True,True,10.0
main,Untaught IForest (accounts),spoof_volatile,16,33,0,0.6711549309568279,0.8661629429678107,False,True,0.7748598995209728
main,Untaught IForest (accounts),spoof_volatile,16,33,1,0.6711549309568279,0.8661629429678107,False,True,0.7748598995209728
main,Principle (accounts),spoof_volatile,16,34,0,45.0,4.5,True,True,10.0
main,Principle (accounts),spoof_volatile,16,34,1,45.0,4.5,True,True,10.0
main,Untaught IForest (accounts),spoof_volatile,16,34,0,0.6711549309568279,0.8661629429678107,False,True,0.7748598995209728
main,Untaught IForest (accounts),spoof_volatile,16,34,1,0.6802232159535485,0.8778660714976607,False,True,0.7748598995209728
main,Principle (accounts),spoof_volatile,16,35,0,0.0,0.0,False,False,10.0
main,Principle (accounts),spoof_volatile,16,35,1,45.0,4.5,True,True,10.0
main,Untaught IForest (accounts),spoof_volatile,16,35,0,0.6977613169394349,0.9004999708602792,False,False,0.7748598995209728
main,Untaught IForest (accounts),spoof_volatile,16,35,1,0.6802232159535485,0.8778660714976607,False,True,0.7748598995209728
main,Principle (accounts),spoof_volatile,16,36,0,45.0,4.5,True,True,10.0
main,Principle (accounts),spoof_volatile,16,36,1,45.0,4.5,True,True,10.0
main,Untaught IForest (accounts),spoof_volatile,16,36,0,0.6802232159535485,0.8778660714976607,False,True,0.7748598995209728
main,Untaught IForest (accounts),spoof_volatile,16,36,1,0.6711549309568279,0.8661629429678107,False,True,0.7748598995209728
main,Principle (accounts),spoof_volatile,16,37,0,45.0,4.5,True,True,10.0
main,Principle (accounts),spoof_volatile,16,37,1,45.0,4.5,True,True,10.0
main,Untaught IForest (accounts),spoof_volatile,16,37,0,0.6711549309568279,0.8661629429678107,False,True,0.7748598995209728
main,Untaught IForest (accounts),spoof_volatile,16,37,1,0.6711549309568279,0.8661629429678107,False,True,0.7748598995209728
main,Principle (accounts),spoof_volatile,16,38,0,45.0,4.5,True,True,10.0
main,Principle (accounts),spoof_volatile,16,38,1,45.0,4.5,True,True,10.0
main,Untaught IForest (accounts),spoof_volatile,16,38,0,0.6711549309568279,0.8661629429678107,False,True,0.7748598995209728
main,Untaught IForest (accounts),spoof_volatile,16,38,1,0.6802232159535485,0.8778660714976607,False,True,0.7748598995209728
main,Principle (accounts),spoof_volatile,16,39,0,45.0,4.5,True,True,10.0
main,Principle (accounts),spoof_volatile,16,39,1,0.0,0.0,False,False,10.0
main,Untaught IForest (accounts),spoof_volatile,16,39,0,0.6802232159535485,0.8778660714976607,False,True,0.7748598995209728
main,Untaught IForest (accounts),spoof_volatile,16,39,1,0.6749278682617345,0.8710321293939493,False,False,0.7748598995209728
main,Principle (accounts),layer_calm,1,0,0,0.0,0.0,False,False,10.0
main,Principle (accounts),layer_calm,1,0,1,1.0,0.1,False,False,10.0
main,Untaught IForest (accounts),layer_calm,1,0,0,0.6063263990971097,0.7824980999429028,False,False,0.7748598995209728
main,Untaught IForest (accounts),layer_calm,1,0,1,0.6170213959088803,0.7963005909717743,False,False,0.7748598995209728
main,Principle (accounts),layer_calm,1,1,0,1.0,0.1,False,True,10.0
main,Principle (accounts),layer_calm,1,1,1,1.0,0.1,False,True,10.0
main,Untaught IForest (accounts),layer_calm,1,1,0,0.6065677152987489,0.7828095319860222,False,True,0.7748598995209728
main,Untaught IForest (accounts),layer_calm,1,1,1,0.6065677152987489,0.7828095319860222,False,True,0.7748598995209728
main,Principle (accounts),layer_calm,1,2,0,1.0,0.1,False,True,10.0
main,Principle (accounts),layer_calm,1,2,1,1.0,0.1,False,True,10.0
main,Untaught IForest (accounts),layer_calm,1,2,0,0.6065677152987489,0.7828095319860222,False,True,0.7748598995209728
main,Untaught IForest (accounts),layer_calm,1,2,1,0.6065677152987489,0.7828095319860222,False,True,0.7748598995209728
main,Principle (accounts),layer_calm,1,3,0,0.0,0.0,False,False,10.0
main,Principle (accounts),layer_calm,1,3,1,0.0,0.0,False,False,10.0
main,Untaught IForest (accounts),layer_calm,1,3,0,0.6269785645175182,0.80915087347419,False,False,0.7748598995209728
main,Untaught IForest (accounts),layer_calm,1,3,1,0.6092408741397441,0.7862593928481572,False,False,0.7748598995209728
main,Principle (accounts),layer_calm,1,4,0,1.0,0.1,False,True,10.0
main,Principle (accounts),layer_calm,1,4,1,1.0,0.1,False,False,10.0
main,Untaught IForest (accounts),layer_calm,1,4,0,0.6059354493940513,0.7819935575045857,False,True,0.7748598995209728
main,Untaught IForest (accounts),layer_calm,1,4,1,0.6330411218134493,0.8169749424441793,False,False,0.7748598995209728
main,Principle (accounts),layer_calm,1,5,0,0.0,0.0,False,False,10.0
main,Principle (accounts),layer_calm,1,5,1,0.0,0.0,False,False,10.0
main,Untaught IForest (accounts),layer_calm,1,5,0,0.6299079002188275,0.8129313448898875,False,False,0.7748598995209728
main,Untaught IForest (accounts),layer_calm,1,5,1,0.6271248004083638,0.8093395990630816,False,False,0.7748598995209728
main,Principle (accounts),layer_calm,1,6,0,1.0,0.1,False,True,10.0
main,Principle (accounts),layer_calm,1,6,1,1.0,0.1,False,True,10.0
main,Untaught IForest (accounts),layer_calm,1,6,0,0.6059354493940513,0.7819935575045857,False,True,0.7748598995209728
main,Untaught IForest (accounts),layer_calm,1,6,1,0.6065677152987489,0.7828095319860222,False,True,0.7748598995209728
main,Principle (accounts),layer_calm,1,7,0,1.0,0.1,False,True,10.0
main,Principle (accounts),layer_calm,1,7,1,1.0,0.1,False,True,10.0
main,Untaught IForest (accounts),layer_calm,1,7,0,0.6059354493940513,0.7819935575045857,False,True,0.7748598995209728
main,Untaught IForest (accounts),layer_calm,1,7,1,0.6059354493940513,0.7819935575045857,False,True,0.7748598995209728
main,Principle (accounts),layer_calm,1,8,0,1.0,0.1,False,True,10.0
main,Principle (accounts),layer_calm,1,8,1,0.0,0.0,False,False,10.0
main,Untaught IForest (accounts),layer_calm,1,8,0,0.6065677152987489,0.7828095319860222,False,True,0.7748598995209728
main,Untaught IForest (accounts),layer_calm,1,8,1,0.6063263990971097,0.7824980999429028,False,False,0.7748598995209728
main,Principle (accounts),layer_calm,1,9,0,1.0,0.1,False,True,10.0
main,Principle (accounts),layer_calm,1,9,1,1.0,0.1,False,True,10.0
main,Untaught IForest (accounts),layer_calm,1,9,0,0.6289767258162129,0.8117296122886904,False,True,0.7748598995209728
main,Untaught IForest (accounts),layer_calm,1,9,1,0.6059354493940513,0.7819935575045857,False,True,0.7748598995209728
main,Principle (accounts),layer_calm,1,10,0,1.0,0.1,False,True,10.0
main,Principle (accounts),layer_calm,1,10,1,1.0,0.1,False,True,10.0
main,Untaught IForest (accounts),layer_calm,1,10,0,0.6065677152987489,0.7828095319860222,False,True,0.7748598995209728
main,Untaught IForest (accounts),layer_calm,1,10,1,0.6059354493940513,0.7819935575045857,False,True,0.7748598995209728
main,Principle (accounts),layer_calm,1,11,0,0.0,0.0,False,False,10.0
main,Principle (accounts),layer_calm,1,11,1,1.0,0.1,False,True,10.0
main,Untaught IForest (accounts),layer_calm,1,11,0,0.6269785645175182,0.80915087347419,False,False,0.7748598995209728
main,Untaught IForest (accounts),layer_calm,1,11,1,0.6065677152987489,0.7828095319860222,False,True,0.7748598995209728
main,Principle (accounts),layer_calm,1,12,0,1.0,0.1,False,True,10.0
main,Principle (accounts),layer_calm,1,12,1,1.0,0.1,False,True,10.0
main,Untaught IForest (accounts),layer_calm,1,12,0,0.6059354493940513,0.7819935575045857,False,True,0.7748598995209728
main,Untaught IForest (accounts),layer_calm,1,12,1,0.6065677152987489,0.7828095319860222,False,True,0.7748598995209728
main,Principle (accounts),layer_calm,1,13,0,1.0,0.1,False,False,10.0
main,Principle (accounts),layer_calm,1,13,1,1.0,0.1,False,True,10.0
main,Untaught IForest (accounts),layer_calm,1,13,0,0.6191601347468958,0.7990607529563314,False,False,0.7748598995209728
main,Untaught IForest (accounts),layer_calm,1,13,1,0.6059354493940513,0.7819935575045857,False,True,0.7748598995209728
main,Principle (accounts),layer_calm,1,14,0,1.0,0.1,False,True,10.0
main,Principle (accounts),layer_calm,1,14,1,1.0,0.1,False,True,10.0
main,Untaught IForest (accounts),layer_calm,1,14,0,0.6065677152987489,0.7828095319860222,False,True,0.7748598995209728
main,Untaught IForest (accounts),layer_calm,1,14,1,0.6059354493940513,0.7819935575045857,False,True,0.7748598995209728
main,Principle (accounts),layer_calm,1,15,0,0.0,0.0,False,False,10.0
main,Principle (accounts),layer_calm,1,15,1,1.0,0.1,False,True,10.0
main,Untaught IForest (accounts),layer_calm,1,15,0,0.5941533096134702,0.7667880477242177,False,False,0.7748598995209728
main,Untaught IForest (accounts),layer_calm,1,15,1,0.6059354493940513,0.7819935575045857,False,True,0.7748598995209728
main,Principle (accounts),layer_calm,1,16,0,1.0,0.1,False,True,10.0
main,Principle (accounts),layer_calm,1,16,1,0.0,0.0,False,False,10.0
main,Untaught IForest (accounts),layer_calm,1,16,0,0.6059354493940513,0.7819935575045857,False,True,0.7748598995209728
main,Untaught IForest (accounts),layer_calm,1,16,1,0.6063263990971097,0.7824980999429028,False,False,0.7748598995209728
main,Principle (accounts),layer_calm,1,17,0,1.0,0.1,False,True,10.0
main,Principle (accounts),layer_calm,1,17,1,0.0,0.0,False,False,10.0
main,Untaught IForest (accounts),layer_calm,1,17,0,0.6059354493940513,0.7819935575045857,False,True,0.7748598995209728
main,Untaught IForest (accounts),layer_calm,1,17,1,0.5941533096134702,0.7667880477242177,False,False,0.7748598995209728
main,Principle (accounts),layer_calm,1,18,0,1.0,0.1,False,True,10.0
main,Principle (accounts),layer_calm,1,18,1,1.0,0.1,False,True,10.0
main,Untaught IForest (accounts),layer_calm,1,18,0,0.6059354493940513,0.7819935575045857,False,True,0.7748598995209728
main,Untaught IForest (accounts),layer_calm,1,18,1,0.6059354493940513,0.7819935575045857,False,True,0.7748598995209728
main,Principle (accounts),layer_calm,1,19,0,1.0,0.1,False,True,10.0
main,Principle (accounts),layer_calm,1,19,1,0.0,0.0,False,False,10.0
main,Untaught IForest (accounts),layer_calm,1,19,0,0.6065677152987489,0.7828095319860222,False,True,0.7748598995209728
main,Untaught IForest (accounts),layer_calm,1,19,1,0.6092408741397441,0.7862593928481572,False,False,0.7748598995209728
main,Principle (accounts),layer_calm,1,20,0,1.0,0.1,False,True,10.0
main,Principle (accounts),layer_calm,1,20,1,1.0,0.1,False,True,10.0
main,Untaught IForest (accounts),layer_calm,1,20,0,0.6059354493940513,0.7819935575045857,False,True,0.7748598995209728
main,Untaught IForest (accounts),layer_calm,1,20,1,0.6065677152987489,0.7828095319860222,False,True,0.7748598995209728
main,Principle (accounts),layer_calm,1,21,0,1.0,0.1,False,True,10.0
main,Principle (accounts),layer_calm,1,21,1,1.0,0.1,False,True,10.0
main,Untaught IForest (accounts),layer_calm,1,21,0,0.6065677152987489,0.7828095319860222,False,True,0.7748598995209728
main,Untaught IForest (accounts),layer_calm,1,21,1,0.6059354493940513,0.7819935575045857,False,True,0.7748598995209728
main,Principle (accounts),layer_calm,1,22,0,0.0,0.0,False,False,10.0
main,Principle (accounts),layer_calm,1,22,1,1.0,0.1,False,True,10.0
main,Untaught IForest (accounts),layer_calm,1,22,0,0.6092408741397441,0.7862593928481572,False,False,0.7748598995209728
main,Untaught IForest (accounts),layer_calm,1,22,1,0.6065677152987489,0.7828095319860222,False,True,0.7748598995209728
main,Principle (accounts),layer_calm,1,23,0,1.0,0.1,False,True,10.0
main,Principle (accounts),layer_calm,1,23,1,1.0,0.1,False,True,10.0
main,Untaught IForest (accounts),layer_calm,1,23,0,0.6059354493940513,0.7819935575045857,False,True,0.7748598995209728
main,Untaught IForest (accounts),layer_calm,1,23,1,0.6059354493940513,0.7819935575045857,False,True,0.7748598995209728
main,Principle (accounts),layer_calm,1,24,0,1.0,0.1,False,True,10.0
main,Principle (accounts),layer_calm,1,24,1,0.0,0.0,False,False,10.0
main,Untaught IForest (accounts),layer_calm,1,24,0,0.6065677152987489,0.7828095319860222,False,True,0.7748598995209728
main,Untaught IForest (accounts),layer_calm,1,24,1,0.6063263990971097,0.7824980999429028,False,False,0.7748598995209728
main,Principle (accounts),layer_calm,1,25,0,1.0,0.1,False,False,10.0
main,Principle (accounts),layer_calm,1,25,1,1.0,0.1,False,True,10.0
main,Untaught IForest (accounts),layer_calm,1,25,0,0.6396887508086563,0.825554079136266,False,False,0.7748598995209728
main,Untaught IForest (accounts),layer_calm,1,25,1,0.6059354493940513,0.7819935575045857,False,True,0.7748598995209728
main,Principle (accounts),layer_calm,1,26,0,1.0,0.1,False,True,10.0
main,Principle (accounts),layer_calm,1,26,1,1.0,0.1,False,False,10.0
main,Untaught IForest (accounts),layer_calm,1,26,0,0.6059354493940513,0.7819935575045857,False,True,0.7748598995209728
main,Untaught IForest (accounts),layer_calm,1,26,1,0.6170213959088803,0.7963005909717743,False,False,0.7748598995209728
main,Principle (accounts),layer_calm,1,27,0,1.0,0.1,False,True,10.0
main,Principle (accounts),layer_calm,1,27,1,0.0,0.0,False,False,10.0
main,Untaught IForest (accounts),layer_calm,1,27,0,0.6065677152987489,0.7828095319860222,False,True,0.7748598995209728
main,Untaught IForest (accounts),layer_calm,1,27,1,0.5941533096134702,0.7667880477242177,False,False,0.7748598995209728
main,Principle (accounts),layer_calm,1,28,0,1.0,0.1,False,True,10.0
main,Principle (accounts),layer_calm,1,28,1,1.0,0.1,False,True,10.0
main,Untaught IForest (accounts),layer_calm,1,28,0,0.6059354493940513,0.7819935575045857,False,True,0.7748598995209728
main,Untaught IForest (accounts),layer_calm,1,28,1,0.6059354493940513,0.7819935575045857,False,True,0.7748598995209728
main,Principle (accounts),layer_calm,1,29,0,1.0,0.1,False,True,10.0
main,Principle (accounts),layer_calm,1,29,1,1.0,0.1,False,True,10.0
main,Untaught IForest (accounts),layer_calm,1,29,0,0.6065677152987489,0.7828095319860222,False,True,0.7748598995209728
main,Untaught IForest (accounts),layer_calm,1,29,1,0.6059354493940513,0.7819935575045857,False,True,0.7748598995209728
main,Principle (accounts),control_calm,1,0,0,0.0,0.0,False,False,10.0
main,Principle (accounts),control_calm,1,0,1,0.0,0.0,False,False,10.0
main,Untaught IForest (accounts),control_calm,1,0,0,0.4134022193900836,0.5335186653040809,False,False,0.7748598995209728
main,Untaught IForest (accounts),control_calm,1,0,1,0.364287647638195,0.47013356590449673,False,False,0.7748598995209728
main,Principle (accounts),control_calm,1,1,0,0.0,0.0,False,False,10.0
main,Principle (accounts),control_calm,1,1,1,0.0,0.0,False,False,10.0
main,Untaught IForest (accounts),control_calm,1,1,0,0.364287647638195,0.47013356590449673,False,False,0.7748598995209728
main,Untaught IForest (accounts),control_calm,1,1,1,0.4134022193900836,0.5335186653040809,False,False,0.7748598995209728
main,Principle (accounts),control_calm,1,2,0,0.0,0.0,False,False,10.0
main,Principle (accounts),control_calm,1,2,1,0.0,0.0,False,False,10.0
main,Untaught IForest (accounts),control_calm,1,2,0,0.43348390872337117,0.5594352075663689,False,False,0.7748598995209728
main,Untaught IForest (accounts),control_calm,1,2,1,0.364287647638195,0.47013356590449673,False,False,0.7748598995209728
main,Principle (accounts),control_calm,1,3,0,0.0,0.0,False,False,10.0
main,Principle (accounts),control_calm,1,3,1,0.0,0.0,False,False,10.0
main,Untaught IForest (accounts),control_calm,1,3,0,0.41175839198059666,0.531397214174008,False,False,0.7748598995209728
main,Untaught IForest (accounts),control_calm,1,3,1,0.364287647638195,0.47013356590449673,False,False,0.7748598995209728
main,Principle (accounts),control_calm,1,4,0,0.0,0.0,False,False,10.0
main,Principle (accounts),control_calm,1,4,1,0.0,0.0,False,False,10.0
main,Untaught IForest (accounts),control_calm,1,4,0,0.41175839198059666,0.531397214174008,False,False,0.7748598995209728
main,Untaught IForest (accounts),control_calm,1,4,1,0.44026771850796315,0.5681900931770268,False,False,0.7748598995209728
main,Principle (accounts),control_calm,1,5,0,0.0,0.0,False,False,10.0
main,Principle (accounts),control_calm,1,5,1,0.0,0.0,False,False,10.0
main,Untaught IForest (accounts),control_calm,1,5,0,0.4259199138626706,0.5496734495177504,False,False,0.7748598995209728
main,Untaught IForest (accounts),control_calm,1,5,1,0.44026771850796315,0.5681900931770268,False,False,0.7748598995209728
main,Principle (accounts),control_calm,1,6,0,0.0,0.0,False,False,10.0
main,Principle (accounts),control_calm,1,6,1,0.0,0.0,False,False,10.0
main,Untaught IForest (accounts),control_calm,1,6,0,0.44026771850796315,0.5681900931770268,False,False,0.7748598995209728
main,Untaught IForest (accounts),control_calm,1,6,1,0.43348390872337117,0.5594352075663689,False,False,0.7748598995209728
main,Principle (accounts),control_calm,1,7,0,0.0,0.0,False,False,10.0
main,Principle (accounts),control_calm,1,7,1,0.0,0.0,False,False,10.0
main,Untaught IForest (accounts),control_calm,1,7,0,0.364161080185269,0.4699702235338253,False,False,0.7748598995209728
main,Untaught IForest (accounts),control_calm,1,7,1,0.44026771850796315,0.5681900931770268,False,False,0.7748598995209728
main,Principle (accounts),control_calm,1,8,0,0.0,0.0,False,False,10.0
main,Principle (accounts),control_calm,1,8,1,0.0,0.0,False,False,10.0
main,Untaught IForest (accounts),control_calm,1,8,0,0.44026771850796315,0.5681900931770268,False,False,0.7748598995209728
main,Untaught IForest (accounts),control_calm,1,8,1,0.44026771850796315,0.5681900931770268,False,False,0.7748598995209728
main,Principle (accounts),control_calm,1,9,0,0.0,0.0,False,False,10.0
main,Principle (accounts),control_calm,1,9,1,0.0,0.0,False,False,10.0
main,Untaught IForest (accounts),control_calm,1,9,0,0.364287647638195,0.47013356590449673,False,False,0.7748598995209728
main,Untaught IForest (accounts),control_calm,1,9,1,0.364287647638195,0.47013356590449673,False,False,0.7748598995209728
main,Principle (accounts),control_calm,1,10,0,0.0,0.0,False,False,10.0
main,Principle (accounts),control_calm,1,10,1,0.0,0.0,False,False,10.0
main,Untaught IForest (accounts),control_calm,1,10,0,0.43348390872337117,0.5594352075663689,False,False,0.7748598995209728
main,Untaught IForest (accounts),control_calm,1,10,1,0.44026771850796315,0.5681900931770268,False,False,0.7748598995209728
main,Principle (accounts),control_calm,1,11,0,0.0,0.0,False,False,10.0
main,Principle (accounts),control_calm,1,11,1,0.0,0.0,False,False,10.0
main,Untaught IForest (accounts),control_calm,1,11,0,0.44026771850796315,0.5681900931770268,False,False,0.7748598995209728
main,Untaught IForest (accounts),control_calm,1,11,1,0.364161080185269,0.4699702235338253,False,False,0.7748598995209728
main,Principle (accounts),control_calm,1,12,0,0.0,0.0,False,False,10.0
main,Principle (accounts),control_calm,1,12,1,0.0,0.0,False,False,10.0
main,Untaught IForest (accounts),control_calm,1,12,0,0.44026771850796315,0.5681900931770268,False,False,0.7748598995209728
main,Untaught IForest (accounts),control_calm,1,12,1,0.364161080185269,0.4699702235338253,False,False,0.7748598995209728
main,Principle (accounts),control_calm,1,13,0,0.0,0.0,False,False,10.0
main,Principle (accounts),control_calm,1,13,1,0.0,0.0,False,False,10.0
main,Untaught IForest (accounts),control_calm,1,13,0,0.43348390872337117,0.5594352075663689,False,False,0.7748598995209728
main,Untaught IForest (accounts),control_calm,1,13,1,0.44026771850796315,0.5681900931770268,False,False,0.7748598995209728
main,Principle (accounts),control_calm,1,14,0,0.0,0.0,False,False,10.0
main,Principle (accounts),control_calm,1,14,1,0.0,0.0,False,False,10.0
main,Untaught IForest (accounts),control_calm,1,14,0,0.43348390872337117,0.5594352075663689,False,False,0.7748598995209728
main,Untaught IForest (accounts),control_calm,1,14,1,0.41175839198059666,0.531397214174008,False,False,0.7748598995209728
main,Principle (accounts),layer_calm,2,0,0,5.0,0.5,False,True,10.0
main,Principle (accounts),layer_calm,2,0,1,5.0,0.5,False,True,10.0
main,Untaught IForest (accounts),layer_calm,2,0,0,0.6344997880562475,0.8188574327417156,False,True,0.7748598995209728
main,Untaught IForest (accounts),layer_calm,2,0,1,0.6407944028317852,0.8269809848566582,False,True,0.7748598995209728
main,Principle (accounts),layer_calm,2,1,0,5.0,0.5,False,True,10.0
main,Principle (accounts),layer_calm,2,1,1,0.0,0.0,False,False,10.0
main,Untaught IForest (accounts),layer_calm,2,1,0,0.6344997880562475,0.8188574327417156,False,True,0.7748598995209728
main,Untaught IForest (accounts),layer_calm,2,1,1,0.6448636199240344,0.8322325369046668,False,False,0.7748598995209728
main,Principle (accounts),layer_calm,2,2,0,5.0,0.5,False,False,10.0
main,Principle (accounts),layer_calm,2,2,1,0.0,0.0,False,False,10.0
main,Untaught IForest (accounts),layer_calm,2,2,0,0.6549171034254005,0.8452071191582863,False,False,0.7748598995209728
main,Untaught IForest (accounts),layer_calm,2,2,1,0.6388447928343146,0.8244649042094652,False,False,0.7748598995209728
main,Principle (accounts),layer_calm,2,3,0,5.0,0.5,False,True,10.0
main,Principle (accounts),layer_calm,2,3,1,5.0,0.5,False,False,10.0
main,Untaught IForest (accounts),layer_calm,2,3,0,0.6344997880562475,0.8188574327417156,False,True,0.7748598995209728
main,Untaught IForest (accounts),layer_calm,2,3,1,0.6542016930549985,0.844283842097692,False,False,0.7748598995209728
main,Principle (accounts),layer_calm,2,4,0,0.0,0.0,False,False,10.0
main,Principle (accounts),layer_calm,2,4,1,5.0,0.5,False,True,10.0
main,Untaught IForest (accounts),layer_calm,2,4,0,0.6408132919403832,0.8270053623068393,False,False,0.7748598995209728
main,Untaught IForest (accounts),layer_calm,2,4,1,0.6407944028317852,0.8269809848566582,False,True,0.7748598995209728
main,Principle (accounts),layer_calm,2,5,0,0.0,0.0,False,False,10.0
main,Principle (accounts),layer_calm,2,5,1,5.0,0.5,False,True,10.0
main,Untaught IForest (accounts),layer_calm,2,5,0,0.6587057040052468,0.8500965199160082,False,False,0.7748598995209728
main,Untaught IForest (accounts),layer_calm,2,5,1,0.6407944028317852,0.8269809848566582,False,True,0.7748598995209728
main,Principle (accounts),layer_calm,2,6,0,0.0,0.0,False,False,10.0
main,Principle (accounts),layer_calm,2,6,1,5.0,0.5,False,True,10.0
main,Untaught IForest (accounts),layer_calm,2,6,0,0.6587057040052468,0.8500965199160082,False,False,0.7748598995209728
main,Untaught IForest (accounts),layer_calm,2,6,1,0.6344997880562475,0.8188574327417156,False,True,0.7748598995209728
main,Principle (accounts),layer_calm,2,7,0,5.0,0.5,False,True,10.0
main,Principle (accounts),layer_calm,2,7,1,5.0,0.5,False,True,10.0
main,Untaught IForest (accounts),layer_calm,2,7,0,0.6407944028317852,0.8269809848566582,False,True,0.7748598995209728
main,Untaught IForest (accounts),layer_calm,2,7,1,0.6344997880562475,0.8188574327417156,False,True,0.7748598995209728
main,Principle (accounts),layer_calm,2,8,0,5.0,0.5,False,True,10.0
main,Principle (accounts),layer_calm,2,8,1,0.0,0.0,False,False,10.0
main,Untaught IForest (accounts),layer_calm,2,8,0,0.6407944028317852,0.8269809848566582,False,True,0.7748598995209728
main,Untaught IForest (accounts),layer_calm,2,8,1,0.6388447928343146,0.8244649042094652,False,False,0.7748598995209728
main,Principle (accounts),layer_calm,2,9,0,5.0,0.5,False,True,10.0
main,Principle (accounts),layer_calm,2,9,1,0.0,0.0,False,False,10.0
main,Untaught IForest (accounts),layer_calm,2,9,0,0.6344997880562475,0.8188574327417156,False,True,0.7748598995209728
main,Untaught IForest (accounts),layer_calm,2,9,1,0.6388447928343146,0.8244649042094652,False,False,0.7748598995209728
main,Principle (accounts),layer_calm,2,10,0,5.0,0.5,False,False,10.0
main,Principle (accounts),layer_calm,2,10,1,5.0,0.5,False,True,10.0
main,Untaught IForest (accounts),layer_calm,2,10,0,0.6549171034254005,0.8452071191582863,False,False,0.7748598995209728
main,Untaught IForest (accounts),layer_calm,2,10,1,0.6344997880562475,0.8188574327417156,False,True,0.7748598995209728
main,Principle (accounts),layer_calm,2,11,0,5.0,0.5,False,True,10.0
main,Principle (accounts),layer_calm,2,11,1,5.0,0.5,False,True,10.0
main,Untaught IForest (accounts),layer_calm,2,11,0,0.6344997880562475,0.8188574327417156,False,True,0.7748598995209728
main,Untaught IForest (accounts),layer_calm,2,11,1,0.6344997880562475,0.8188574327417156,False,True,0.7748598995209728
main,Principle (accounts),layer_calm,2,12,0,0.0,0.0,False,False,10.0
main,Principle (accounts),layer_calm,2,12,1,0.0,0.0,False,False,10.0
main,Untaught IForest (accounts),layer_calm,2,12,0,0.6408132919403832,0.8270053623068393,False,False,0.7748598995209728
main,Untaught IForest (accounts),layer_calm,2,12,1,0.6408132919403832,0.8270053623068393,False,False,0.7748598995209728
main,Principle (accounts),layer_calm,2,13,0,5.0,0.5,False,True,10.0
main,Principle (accounts),layer_calm,2,13,1,0.0,0.0,False,False,10.0
main,Untaught IForest (accounts),layer_calm,2,13,0,0.6407944028317852,0.8269809848566582,False,True,0.7748598995209728
main,Untaught IForest (accounts),layer_calm,2,13,1,0.6408132919403832,0.8270053623068393,False,False,0.7748598995209728
main,Principle (accounts),layer_calm,2,14,0,5.0,0.5,False,True,10.0
main,Principle (accounts),layer_calm,2,14,1,0.0,0.0,False,False,10.0
main,Untaught IForest (accounts),layer_calm,2,14,0,0.6344997880562475,0.8188574327417156,False,True,0.7748598995209728
main,Untaught IForest (accounts),layer_calm,2,14,1,0.6388447928343146,0.8244649042094652,False,False,0.7748598995209728
main,Principle (accounts),layer_calm,2,15,0,2.0,0.2,False,False,10.0
main,Principle (accounts),layer_calm,2,15,1,5.0,0.5,False,True,10.0
main,Untaught IForest (accounts),layer_calm,2,15,0,0.6649135578067392,0.8581081021456864,False,False,0.7748598995209728
main,Untaught IForest (accounts),layer_calm,2,15,1,0.6344997880562475,0.8188574327417156,False,True,0.7748598995209728
main,Principle (accounts),layer_calm,2,16,0,5.0,0.5,False,True,10.0
main,Principle (accounts),layer_calm,2,16,1,5.0,0.5,False,True,10.0
main,Untaught IForest (accounts),layer_calm,2,16,0,0.653248620002299,0.8430538480648498,False,True,0.7748598995209728
main,Untaught IForest (accounts),layer_calm,2,16,1,0.6407944028317852,0.8269809848566582,False,True,0.7748598995209728
main,Principle (accounts),layer_calm,2,17,0,5.0,0.5,False,True,10.0
main,Principle (accounts),layer_calm,2,17,1,5.0,0.5,False,True,10.0
main,Untaught IForest (accounts),layer_calm,2,17,0,0.6344997880562475,0.8188574327417156,False,True,0.7748598995209728
main,Untaught IForest (accounts),layer_calm,2,17,1,0.653248620002299,0.8430538480648498,False,True,0.7748598995209728
main,Principle (accounts),layer_calm,2,18,0,0.0,0.0,False,False,10.0
main,Principle (accounts),layer_calm,2,18,1,5.0,0.5,False,True,10.0
main,Untaught IForest (accounts),layer_calm,2,18,0,0.6408132919403832,0.8270053623068393,False,False,0.7748598995209728
main,Untaught IForest (accounts),layer_calm,2,18,1,0.6407944028317852,0.8269809848566582,False,True,0.7748598995209728
main,Principle (accounts),layer_calm,2,19,0,5.0,0.5,False,True,10.0
main,Principle (accounts),layer_calm,2,19,1,0.0,0.0,False,False,10.0
main,Untaught IForest (accounts),layer_calm,2,19,0,0.6407944028317852,0.8269809848566582,False,True,0.7748598995209728
main,Untaught IForest (accounts),layer_calm,2,19,1,0.6388447928343146,0.8244649042094652,False,False,0.7748598995209728
main,Principle (accounts),layer_calm,2,20,0,0.0,0.0,False,False,10.0
main,Principle (accounts),layer_calm,2,20,1,0.0,0.0,False,False,10.0
main,Untaught IForest (accounts),layer_calm,2,20,0,0.6408132919403832,0.8270053623068393,False,False,0.7748598995209728
main,Untaught IForest (accounts),layer_calm,2,20,1,0.6388447928343146,0.8244649042094652,False,False,0.7748598995209728
main,Principle (accounts),layer_calm,2,21,0,5.0,0.5,False,True,10.0
main,Principle (accounts),layer_calm,2,21,1,0.0,0.0,False,False,10.0
main,Untaught IForest (accounts),layer_calm,2,21,0,0.6344997880562475,0.8188574327417156,False,True,0.7748598995209728
main,Untaught IForest (accounts),layer_calm,2,21,1,0.6408132919403832,0.8270053623068393,False,False,0.7748598995209728
main,Principle (accounts),layer_calm,2,22,0,5.0,0.5,False,True,10.0
main,Principle (accounts),layer_calm,2,22,1,5.0,0.5,False,True,10.0
main,Untaught IForest (accounts),layer_calm,2,22,0,0.6344997880562475,0.8188574327417156,False,True,0.7748598995209728
main,Untaught IForest (accounts),layer_calm,2,22,1,0.6344997880562475,0.8188574327417156,False,True,0.7748598995209728
main,Principle (accounts),layer_calm,2,23,0,5.0,0.5,False,True,10.0
main,Principle (accounts),layer_calm,2,23,1,5.0,0.5,False,True,10.0
main,Untaught IForest (accounts),layer_calm,2,23,0,0.6407944028317852,0.8269809848566582,False,True,0.7748598995209728
main,Untaught IForest (accounts),layer_calm,2,23,1,0.6407944028317852,0.8269809848566582,False,True,0.7748598995209728
main,Principle (accounts),layer_calm,2,24,0,5.0,0.5,False,True,10.0
main,Principle (accounts),layer_calm,2,24,1,5.0,0.5,False,True,10.0
main,Untaught IForest (accounts),layer_calm,2,24,0,0.6344997880562475,0.8188574327417156,False,True,0.7748598995209728
main,Untaught IForest (accounts),layer_calm,2,24,1,0.6407944028317852,0.8269809848566582,False,True,0.7748598995209728
main,Principle (accounts),layer_calm,2,25,0,0.0,0.0,False,False,10.0
main,Principle (accounts),layer_calm,2,25,1,0.0,0.0,False,False,10.0
main,Untaught IForest (accounts),layer_calm,2,25,0,0.6587057040052468,0.8500965199160082,False,False,0.7748598995209728
main,Untaught IForest (accounts),layer_calm,2,25,1,0.6439870137194255,0.831101227612302,False,False,0.7748598995209728
main,Principle (accounts),layer_calm,2,26,0,0.0,0.0,False,False,10.0
main,Principle (accounts),layer_calm,2,26,1,5.0,0.5,False,True,10.0
main,Untaught IForest (accounts),layer_calm,2,26,0,0.6550888317206501,0.8454287441195931,False,False,0.7748598995209728
main,Untaught IForest (accounts),layer_calm,2,26,1,0.6344997880562475,0.8188574327417156,False,True,0.7748598995209728
main,Principle (accounts),layer_calm,2,27,0,5.0,0.5,False,True,10.0
main,Principle (accounts),layer_calm,2,27,1,0.0,0.0,False,False,10.0
main,Untaught IForest (accounts),layer_calm,2,27,0,0.6407944028317852,0.8269809848566582,False,True,0.7748598995209728
main,Untaught IForest (accounts),layer_calm,2,27,1,0.6408132919403832,0.8270053623068393,False,False,0.7748598995209728
main,Principle (accounts),layer_calm,2,28,0,0.0,0.0,False,False,10.0
main,Principle (accounts),layer_calm,2,28,1,5.0,0.5,False,True,10.0
main,Untaught IForest (accounts),layer_calm,2,28,0,0.6388447928343146,0.8244649042094652,False,False,0.7748598995209728
main,Untaught IForest (accounts),layer_calm,2,28,1,0.6344997880562475,0.8188574327417156,False,True,0.7748598995209728
main,Principle (accounts),layer_calm,2,29,0,5.0,0.5,False,True,10.0
main,Principle (accounts),layer_calm,2,29,1,0.0,0.0,False,False,10.0
main,Untaught IForest (accounts),layer_calm,2,29,0,0.6344997880562475,0.8188574327417156,False,True,0.7748598995209728
main,Untaught IForest (accounts),layer_calm,2,29,1,0.6388447928343146,0.8244649042094652,False,False,0.7748598995209728
main,Principle (accounts),control_calm,2,0,0,0.0,0.0,False,False,10.0
main,Principle (accounts),control_calm,2,0,1,0.0,0.0,False,False,10.0
main,Untaught IForest (accounts),control_calm,2,0,0,0.42743235228708815,0.5516253358204906,False,False,0.7748598995209728
main,Untaught IForest (accounts),control_calm,2,0,1,0.4910702789625339,0.6337536363233136,False,False,0.7748598995209728
main,Principle (accounts),control_calm,2,1,0,0.0,0.0,False,False,10.0
main,Principle (accounts),control_calm,2,1,1,0.0,0.0,False,False,10.0
main,Untaught IForest (accounts),control_calm,2,1,0,0.45961826355902474,0.5931630528862908,False,False,0.7748598995209728
main,Untaught IForest (accounts),control_calm,2,1,1,0.3834076936830819,0.49480905376586004,False,False,0.7748598995209728
main,Principle (accounts),control_calm,2,2,0,0.0,0.0,False,False,10.0
main,Principle (accounts),control_calm,2,2,1,0.0,0.0,False,False,10.0
main,Untaught IForest (accounts),control_calm,2,2,0,0.4910702789625339,0.6337536363233136,False,False,0.7748598995209728
main,Untaught IForest (accounts),control_calm,2,2,1,0.4839232448606103,0.6245299894339315,False,False,0.7748598995209728
main,Principle (accounts),control_calm,2,3,0,0.0,0.0,False,False,10.0
main,Principle (accounts),control_calm,2,3,1,0.0,0.0,False,False,10.0
main,Untaught IForest (accounts),control_calm,2,3,0,0.5528069558041069,0.7134282676724637,False,False,0.7748598995209728
main,Untaught IForest (accounts),control_calm,2,3,1,0.3834076936830819,0.49480905376586004,False,False,0.7748598995209728
main,Principle (accounts),control_calm,2,4,0,0.0,0.0,False,False,10.0
main,Principle (accounts),control_calm,2,4,1,0.0,0.0,False,False,10.0
main,Untaught IForest (accounts),control_calm,2,4,0,0.4910702789625339,0.6337536363233136,False,False,0.7748598995209728
main,Untaught IForest (accounts),control_calm,2,4,1,0.3834076936830819,0.49480905376586004,False,False,0.7748598995209728
main,Principle (accounts),control_calm,2,5,0,0.0,0.0,False,False,10.0
main,Principle (accounts),control_calm,2,5,1,0.0,0.0,False,False,10.0
main,Untaught IForest (accounts),control_calm,2,5,0,0.39816086621420027,0.513848847334012,False,False,0.7748598995209728
main,Untaught IForest (accounts),control_calm,2,5,1,0.4627925535967015,0.597259651561276,False,False,0.7748598995209728
main,Principle (accounts),control_calm,2,6,0,0.0,0.0,False,False,10.0
main,Principle (accounts),control_calm,2,6,1,0.0,0.0,False,False,10.0
main,Untaught IForest (accounts),control_calm,2,6,0,0.4910702789625339,0.6337536363233136,False,False,0.7748598995209728
main,Untaught IForest (accounts),control_calm,2,6,1,0.3834076936830819,0.49480905376586004,False,False,0.7748598995209728
main,Principle (accounts),control_calm,2,7,0,0.0,0.0,False,False,10.0
main,Principle (accounts),control_calm,2,7,1,0.0,0.0,False,False,10.0
main,Untaught IForest (accounts),control_calm,2,7,0,0.3834076936830819,0.49480905376586004,False,False,0.7748598995209728
main,Untaught IForest (accounts),control_calm,2,7,1,0.4627925535967015,0.597259651561276,False,False,0.7748598995209728
main,Principle (accounts),control_calm,2,8,0,0.0,0.0,False,False,10.0
main,Principle (accounts),control_calm,2,8,1,0.0,0.0,False,False,10.0
main,Untaught IForest (accounts),control_calm,2,8,0,0.3834076936830819,0.49480905376586004,False,False,0.7748598995209728
main,Untaught IForest (accounts),control_calm,2,8,1,0.4910702789625339,0.6337536363233136,False,False,0.7748598995209728
main,Principle (accounts),control_calm,2,9,0,0.0,0.0,False,False,10.0
main,Principle (accounts),control_calm,2,9,1,0.0,0.0,False,False,10.0
main,Untaught IForest (accounts),control_calm,2,9,0,0.4839232448606103,0.6245299894339315,False,False,0.7748598995209728
main,Untaught IForest (accounts),control_calm,2,9,1,0.3841248727140372,0.4957346133817321,False,False,0.7748598995209728
main,Principle (accounts),control_calm,2,10,0,0.0,0.0,False,False,10.0
main,Principle (accounts),control_calm,2,10,1,0.0,0.0,False,False,10.0
main,Untaught IForest (accounts),control_calm,2,10,0,0.45961826355902474,0.5931630528862908,False,False,0.7748598995209728
main,Untaught IForest (accounts),control_calm,2,10,1,0.3841248727140372,0.4957346133817321,False,False,0.7748598995209728
main,Principle (accounts),control_calm,2,11,0,0.0,0.0,False,False,10.0
main,Principle (accounts),control_calm,2,11,1,0.0,0.0,False,False,10.0
main,Untaught IForest (accounts),control_calm,2,11,0,0.3841248727140372,0.4957346133817321,False,False,0.7748598995209728
main,Untaught IForest (accounts),control_calm,2,11,1,0.3841248727140372,0.4957346133817321,False,False,0.7748598995209728
main,Principle (accounts),control_calm,2,12,0,0.0,0.0,False,False,10.0
main,Principle (accounts),control_calm,2,12,1,0.0,0.0,False,False,10.0
main,Untaught IForest (accounts),control_calm,2,12,0,0.3841248727140372,0.4957346133817321,False,False,0.7748598995209728
main,Untaught IForest (accounts),control_calm,2,12,1,0.4828031323374119,0.6230844216301377,False,False,0.7748598995209728
main,Principle (accounts),control_calm,2,13,0,0.0,0.0,False,False,10.0
main,Principle (accounts),control_calm,2,13,1,0.0,0.0,False,False,10.0
main,Untaught IForest (accounts),control_calm,2,13,0,0.4910702789625339,0.6337536363233136,False,False,0.7748598995209728
main,Untaught IForest (accounts),control_calm,2,13,1,0.4839232448606103,0.6245299894339315,False,False,0.7748598995209728
main,Principle (accounts),control_calm,2,14,0,0.0,0.0,False,False,10.0
main,Principle (accounts),control_calm,2,14,1,0.0,0.0,False,False,10.0
main,Untaught IForest (accounts),control_calm,2,14,0,0.3841248727140372,0.4957346133817321,False,False,0.7748598995209728
main,Untaught IForest (accounts),control_calm,2,14,1,0.45961826355902474,0.5931630528862908,False,False,0.7748598995209728
main,Principle (accounts),layer_calm,4,0,0,9.0,0.9,False,True,10.0
main,Principle (accounts),layer_calm,4,0,1,9.0,0.9,False,True,10.0
main,Untaught IForest (accounts),layer_calm,4,0,0,0.6587073923749851,0.8500986988515027,False,True,0.7748598995209728
main,Untaught IForest (accounts),layer_calm,4,0,1,0.6587073923749851,0.8500986988515027,False,True,0.7748598995209728
main,Principle (accounts),layer_calm,4,1,0,9.0,0.9,False,True,10.0
main,Principle (accounts),layer_calm,4,1,1,9.0,0.9,False,True,10.0
main,Untaught IForest (accounts),layer_calm,4,1,0,0.6587073923749851,0.8500986988515027,False,True,0.7748598995209728
main,Untaught IForest (accounts),layer_calm,4,1,1,0.6609685371345557,0.8530168325179481,False,True,0.7748598995209728
main,Principle (accounts),layer_calm,4,2,0,0.0,0.0,False,False,10.0
main,Principle (accounts),layer_calm,4,2,1,0.0,0.0,False,False,10.0
main,Untaught IForest (accounts),layer_calm,4,2,0,0.6607094453314297,0.8526824600677978,False,False,0.7748598995209728
main,Untaught IForest (accounts),layer_calm,4,2,1,0.6607094453314297,0.8526824600677978,False,False,0.7748598995209728
main,Principle (accounts),layer_calm,4,3,0,9.0,0.9,False,True,10.0
main,Principle (accounts),layer_calm,4,3,1,9.0,0.9,False,True,10.0
main,Untaught IForest (accounts),layer_calm,4,3,0,0.6587073923749851,0.8500986988515027,False,True,0.7748598995209728
main,Untaught IForest (accounts),layer_calm,4,3,1,0.6609685371345557,0.8530168325179481,False,True,0.7748598995209728
main,Principle (accounts),layer_calm,4,4,0,9.0,0.9,False,True,10.0
main,Principle (accounts),layer_calm,4,4,1,9.0,0.9,False,True,10.0
main,Untaught IForest (accounts),layer_calm,4,4,0,0.6609685371345557,0.8530168325179481,False,True,0.7748598995209728
main,Untaught IForest (accounts),layer_calm,4,4,1,0.6609685371345557,0.8530168325179481,False,True,0.7748598995209728
main,Principle (accounts),layer_calm,4,5,0,9.0,0.9,False,True,10.0
main,Principle (accounts),layer_calm,4,5,1,9.0,0.9,False,True,10.0
main,Untaught IForest (accounts),layer_calm,4,5,0,0.6587073923749851,0.8500986988515027,False,True,0.7748598995209728
main,Untaught IForest (accounts),layer_calm,4,5,1,0.6609685371345557,0.8530168325179481,False,True,0.7748598995209728
main,Principle (accounts),layer_calm,4,6,0,9.0,0.9,False,True,10.0
main,Principle (accounts),layer_calm,4,6,1,9.0,0.9,False,True,10.0
main,Untaught IForest (accounts),layer_calm,4,6,0,0.6609685371345557,0.8530168325179481,False,True,0.7748598995209728
main,Untaught IForest (accounts),layer_calm,4,6,1,0.6609685371345557,0.8530168325179481,False,True,0.7748598995209728
main,Principle (accounts),layer_calm,4,7,0,0.0,0.0,False,False,10.0
main,Principle (accounts),layer_calm,4,7,1,9.0,0.9,False,True,10.0
main,Untaught IForest (accounts),layer_calm,4,7,0,0.6607094453314297,0.8526824600677978,False,False,0.7748598995209728
main,Untaught IForest (accounts),layer_calm,4,7,1,0.6587073923749851,0.8500986988515027,False,True,0.7748598995209728
main,Principle (accounts),layer_calm,4,8,0,9.0,0.9,False,True,10.0
main,Principle (accounts),layer_calm,4,8,1,9.0,0.9,False,True,10.0
main,Untaught IForest (accounts),layer_calm,4,8,0,0.6609685371345557,0.8530168325179481,False,True,0.7748598995209728
main,Untaught IForest (accounts),layer_calm,4,8,1,0.6587073923749851,0.8500986988515027,False,True,0.7748598995209728
main,Principle (accounts),layer_calm,4,9,0,9.0,0.9,False,False,10.0
main,Principle (accounts),layer_calm,4,9,1,9.0,0.9,False,True,10.0
main,Untaught IForest (accounts),layer_calm,4,9,0,0.675104229251321,0.8712597331061758,False,False,0.7748598995209728
main,Untaught IForest (accounts),layer_calm,4,9,1,0.6609685371345557,0.8530168325179481,False,True,0.7748598995209728
main,Principle (accounts),layer_calm,4,10,0,9.0,0.9,False,True,10.0
main,Principle (accounts),layer_calm,4,10,1,9.0,0.9,False,True,10.0
main,Untaught IForest (accounts),layer_calm,4,10,0,0.6609685371345557,0.8530168325179481,False,True,0.7748598995209728
main,Untaught IForest (accounts),layer_calm,4,10,1,0.6587073923749851,0.8500986988515027,False,True,0.7748598995209728
main,Principle (accounts),layer_calm,4,11,0,0.0,0.0,False,False,10.0
main,Principle (accounts),layer_calm,4,11,1,3.0,0.3,False,False,10.0
main,Untaught IForest (accounts),layer_calm,4,11,0,0.6607094453314297,0.8526824600677978,False,False,0.7748598995209728
main,Untaught IForest (accounts),layer_calm,4,11,1,0.6959899032007392,0.8982138624427565,False,False,0.7748598995209728
main,Principle (accounts),layer_calm,4,12,0,9.0,0.9,False,True,10.0
main,Principle (accounts),layer_calm,4,12,1,9.0,0.9,False,True,10.0
main,Untaught IForest (accounts),layer_calm,4,12,0,0.6609685371345557,0.8530168325179481,False,True,0.7748598995209728
main,Untaught IForest (accounts),layer_calm,4,12,1,0.6587073923749851,0.8500986988515027,False,True,0.7748598995209728
main,Principle (accounts),layer_calm,4,13,0,9.0,0.9,False,True,10.0
main,Principle (accounts),layer_calm,4,13,1,9.0,0.9,False,True,10.0
main,Untaught IForest (accounts),layer_calm,4,13,0,0.6609685371345557,0.8530168325179481,False,True,0.7748598995209728
main,Untaught IForest (accounts),layer_calm,4,13,1,0.6587073923749851,0.8500986988515027,False,True,0.7748598995209728
main,Principle (accounts),layer_calm,4,14,0,9.0,0.9,False,True,10.0
main,Principle (accounts),layer_calm,4,14,1,9.0,0.9,False,True,10.0
main,Untaught IForest (accounts),layer_calm,4,14,0,0.6587073923749851,0.8500986988515027,False,True,0.7748598995209728
main,Untaught IForest (accounts),layer_calm,4,14,1,0.6609685371345557,0.8530168325179481,False,True,0.7748598995209728
main,Principle (accounts),layer_calm,4,15,0,9.0,0.9,False,True,10.0
main,Principle (accounts),layer_calm,4,15,1,9.0,0.9,False,True,10.0
main,Untaught IForest (accounts),layer_calm,4,15,0,0.6587073923749851,0.8500986988515027,False,True,0.7748598995209728
main,Untaught IForest (accounts),layer_calm,4,15,1,0.6609685371345557,0.8530168325179481,False,True,0.7748598995209728
main,Principle (accounts),layer_calm,4,16,0,9.0,0.9,False,True,10.0
main,Principle (accounts),layer_calm,4,16,1,9.0,0.9,False,True,10.0
main,Untaught IForest (accounts),layer_calm,4,16,0,0.6587073923749851,0.8500986988515027,False,True,0.7748598995209728
main,Untaught IForest (accounts),layer_calm,4,16,1,0.6587073923749851,0.8500986988515027,False,True,0.7748598995209728
main,Principle (accounts),layer_calm,4,17,0,9.0,0.9,False,True,10.0
main,Principle (accounts),layer_calm,4,17,1,0.0,0.0,False,False,10.0
main,Untaught IForest (accounts),layer_calm,4,17,0,0.6609685371345557,0.8530168325179481,False,True,0.7748598995209728
main,Untaught IForest (accounts),layer_calm,4,17,1,0.660496422024824,0.852407541586744,False,False,0.7748598995209728
main,Principle (accounts),layer_calm,4,18,0,9.0,0.9,False,True,10.0
main,Principle (accounts),layer_calm,4,18,1,0.0,0.0,False,False,10.0
main,Untaught IForest (accounts),layer_calm,4,18,0,0.6587073923749851,0.8500986988515027,False,True,0.7748598995209728
main,Untaught IForest (accounts),layer_calm,4,18,1,0.6607094453314297,0.8526824600677978,False,False,0.7748598995209728
main,Principle (accounts),layer_calm,4,19,0,0.0,0.0,False,False,10.0
main,Principle (accounts),layer_calm,4,19,1,0.0,0.0,False,False,10.0
main,Untaught IForest (accounts),layer_calm,4,19,0,0.660496422024824,0.852407541586744,False,False,0.7748598995209728
main,Untaught IForest (accounts),layer_calm,4,19,1,0.660496422024824,0.852407541586744,False,False,0.7748598995209728
main,Principle (accounts),layer_calm,4,20,0,9.0,0.9,False,True,10.0
main,Principle (accounts),layer_calm,4,20,1,9.0,0.9,False,True,10.0
main,Untaught IForest (accounts),layer_calm,4,20,0,0.6609685371345557,0.8530168325179481,False,True,0.7748598995209728
main,Untaught IForest (accounts),layer_calm,4,20,1,0.6587073923749851,0.8500986988515027,False,True,0.7748598995209728
main,Principle (accounts),layer_calm,4,21,0,9.0,0.9,False,False,10.0
main,Principle (accounts),layer_calm,4,21,1,9.0,0.9,False,True,10.0
main,Untaught IForest (accounts),layer_calm,4,21,0,0.6783957107720581,0.8755075739387856,False,False,0.7748598995209728
main,Untaught IForest (accounts),layer_calm,4,21,1,0.6609685371345557,0.8530168325179481,False,True,0.7748598995209728
main,Principle (accounts),layer_calm,4,22,0,9.0,0.9,False,True,10.0
main,Principle (accounts),layer_calm,4,22,1,9.0,0.9,False,True,10.0
main,Untaught IForest (accounts),layer_calm,4,22,0,0.6609685371345557,0.8530168325179481,False,True,0.7748598995209728
main,Untaught IForest (accounts),layer_calm,4,22,1,0.6609685371345557,0.8530168325179481,False,True,0.7748598995209728
main,Principle (accounts),layer_calm,4,23,0,9.0,0.9,False,True,10.0
main,Principle (accounts),layer_calm,4,23,1,0.0,0.0,False,False,10.0
main,Untaught IForest (accounts),layer_calm,4,23,0,0.6609685371345557,0.8530168325179481,False,True,0.7748598995209728
main,Untaught IForest (accounts),layer_calm,4,23,1,0.6607094453314297,0.8526824600677978,False,False,0.7748598995209728
main,Principle (accounts),layer_calm,4,24,0,9.0,0.9,False,True,10.0
main,Principle (accounts),layer_calm,4,24,1,0.0,0.0,False,False,10.0
main,Untaught IForest (accounts),layer_calm,4,24,0,0.6587073923749851,0.8500986988515027,False,True,0.7748598995209728
main,Untaught IForest (accounts),layer_calm,4,24,1,0.660496422024824,0.852407541586744,False,False,0.7748598995209728
main,Principle (accounts),layer_calm,4,25,0,9.0,0.9,False,True,10.0
main,Principle (accounts),layer_calm,4,25,1,9.0,0.9,False,True,10.0
main,Untaught IForest (accounts),layer_calm,4,25,0,0.6609685371345557,0.8530168325179481,False,True,0.7748598995209728
main,Untaught IForest (accounts),layer_calm,4,25,1,0.6587073923749851,0.8500986988515027,False,True,0.7748598995209728
main,Principle (accounts),layer_calm,4,26,0,9.0,0.9,False,True,10.0
main,Principle (accounts),layer_calm,4,26,1,0.0,0.0,False,False,10.0
main,Untaught IForest (accounts),layer_calm,4,26,0,0.6609685371345557,0.8530168325179481,False,True,0.7748598995209728
main,Untaught IForest (accounts),layer_calm,4,26,1,0.660496422024824,0.852407541586744,False,False,0.7748598995209728
main,Principle (accounts),layer_calm,4,27,0,9.0,0.9,False,True,10.0
main,Principle (accounts),layer_calm,4,27,1,9.0,0.9,False,True,10.0
main,Untaught IForest (accounts),layer_calm,4,27,0,0.6587073923749851,0.8500986988515027,False,True,0.7748598995209728
main,Untaught IForest (accounts),layer_calm,4,27,1,0.6609685371345557,0.8530168325179481,False,True,0.7748598995209728
main,Principle (accounts),layer_calm,4,28,0,0.0,0.0,False,True,10.0
main,Principle (accounts),layer_calm,4,28,1,9.0,0.9,False,True,10.0
main,Untaught IForest (accounts),layer_calm,4,28,0,0.677671969204933,0.8745735450032678,False,True,0.7748598995209728
main,Untaught IForest (accounts),layer_calm,4,28,1,0.6609685371345557,0.8530168325179481,False,True,0.7748598995209728
main,Principle (accounts),layer_calm,4,29,0,9.0,0.9,False,True,10.0
main,Principle (accounts),layer_calm,4,29,1,9.0,0.9,False,True,10.0
main,Untaught IForest (accounts),layer_calm,4,29,0,0.6609685371345557,0.8530168325179481,False,True,0.7748598995209728
main,Untaught IForest (accounts),layer_calm,4,29,1,0.6609685371345557,0.8530168325179481,False,True,0.7748598995209728
main,Principle (accounts),control_calm,4,0,0,0.0,0.0,False,False,10.0
main,Principle (accounts),control_calm,4,0,1,0.0,0.0,False,False,10.0
main,Untaught IForest (accounts),control_calm,4,0,0,0.4789355014790969,0.6180930278817891,False,False,0.7748598995209728
main,Untaught IForest (accounts),control_calm,4,0,1,0.5534915464792588,0.7143117701941133,False,False,0.7748598995209728
main,Principle (accounts),control_calm,4,1,0,0.0,0.0,False,False,10.0
main,Principle (accounts),control_calm,4,1,1,0.0,0.0,False,False,10.0
main,Untaught IForest (accounts),control_calm,4,1,0,0.43208174762214147,0.5576256403115702,False,False,0.7748598995209728
main,Untaught IForest (accounts),control_calm,4,1,1,0.5349775513241025,0.6904184248724599,False,False,0.7748598995209728
main,Principle (accounts),control_calm,4,2,0,0.0,0.0,False,False,10.0
main,Principle (accounts),control_calm,4,2,1,0.0,0.0,False,False,10.0
main,Untaught IForest (accounts),control_calm,4,2,0,0.44381274834093987,0.5727651522750241,False,False,0.7748598995209728
main,Untaught IForest (accounts),control_calm,4,2,1,0.5534915464792588,0.7143117701941133,False,False,0.7748598995209728
main,Principle (accounts),control_calm,4,3,0,0.0,0.0,False,False,10.0
main,Principle (accounts),control_calm,4,3,1,0.0,0.0,False,False,10.0
main,Untaught IForest (accounts),control_calm,4,3,0,0.5012778142801306,0.646927031054293,False,False,0.7748598995209728
main,Untaught IForest (accounts),control_calm,4,3,1,0.43208174762214147,0.5576256403115702,False,False,0.7748598995209728
main,Principle (accounts),control_calm,4,4,0,0.0,0.0,False,False,10.0
main,Principle (accounts),control_calm,4,4,1,0.0,0.0,False,False,10.0
main,Untaught IForest (accounts),control_calm,4,4,0,0.5534915464792588,0.7143117701941133,False,False,0.7748598995209728
main,Untaught IForest (accounts),control_calm,4,4,1,0.5214997360226402,0.6730245510769589,False,False,0.7748598995209728
main,Principle (accounts),control_calm,4,5,0,0.0,0.0,False,False,10.0
main,Principle (accounts),control_calm,4,5,1,0.0,0.0,False,False,10.0
main,Untaught IForest (accounts),control_calm,4,5,0,0.5534915464792588,0.7143117701941133,False,False,0.7748598995209728
main,Untaught IForest (accounts),control_calm,4,5,1,0.43208174762214147,0.5576256403115702,False,False,0.7748598995209728
main,Principle (accounts),control_calm,4,6,0,0.0,0.0,False,False,10.0
main,Principle (accounts),control_calm,4,6,1,0.0,0.0,False,False,10.0
main,Untaught IForest (accounts),control_calm,4,6,0,0.5534915464792588,0.7143117701941133,False,False,0.7748598995209728
main,Untaught IForest (accounts),control_calm,4,6,1,0.43208174762214147,0.5576256403115702,False,False,0.7748598995209728
main,Principle (accounts),control_calm,4,7,0,0.0,0.0,False,False,10.0
main,Principle (accounts),control_calm,4,7,1,0.0,0.0,False,False,10.0
main,Untaught IForest (accounts),control_calm,4,7,0,0.5140793809681566,0.663448168224948,False,False,0.7748598995209728
main,Untaught IForest (accounts),control_calm,4,7,1,0.43208174762214147,0.5576256403115702,False,False,0.7748598995209728
main,Principle (accounts),control_calm,4,8,0,0.0,0.0,False,False,10.0
main,Principle (accounts),control_calm,4,8,1,0.0,0.0,False,False,10.0
main,Untaught IForest (accounts),control_calm,4,8,0,0.43208174762214147,0.5576256403115702,False,False,0.7748598995209728
main,Untaught IForest (accounts),control_calm,4,8,1,0.559213764256344,0.7216966119966413,False,False,0.7748598995209728
main,Principle (accounts),control_calm,4,9,0,0.0,0.0,False,False,10.0
main,Principle (accounts),control_calm,4,9,1,0.0,0.0,False,False,10.0
main,Untaught IForest (accounts),control_calm,4,9,0,0.45961826355902474,0.5931630528862908,False,False,0.7748598995209728
main,Untaught IForest (accounts),control_calm,4,9,1,0.43208174762214147,0.5576256403115702,False,False,0.7748598995209728
main,Principle (accounts),control_calm,4,10,0,0.0,0.0,False,False,10.0
main,Principle (accounts),control_calm,4,10,1,0.0,0.0,False,False,10.0
main,Untaught IForest (accounts),control_calm,4,10,0,0.43208174762214147,0.5576256403115702,False,False,0.7748598995209728
main,Untaught IForest (accounts),control_calm,4,10,1,0.5534915464792588,0.7143117701941133,False,False,0.7748598995209728
main,Principle (accounts),control_calm,4,11,0,0.0,0.0,False,False,10.0
main,Principle (accounts),control_calm,4,11,1,0.0,0.0,False,False,10.0
main,Untaught IForest (accounts),control_calm,4,11,0,0.559213764256344,0.7216966119966413,False,False,0.7748598995209728
main,Untaught IForest (accounts),control_calm,4,11,1,0.43208174762214147,0.5576256403115702,False,False,0.7748598995209728
main,Principle (accounts),control_calm,4,12,0,0.0,0.0,False,False,10.0
main,Principle (accounts),control_calm,4,12,1,0.0,0.0,False,False,10.0
main,Untaught IForest (accounts),control_calm,4,12,0,0.5007495130846706,0.6462452288397421,False,False,0.7748598995209728
main,Untaught IForest (accounts),control_calm,4,12,1,0.4821526578308772,0.622244947930522,False,False,0.7748598995209728
main,Principle (accounts),control_calm,4,13,0,0.0,0.0,False,False,10.0
main,Principle (accounts),control_calm,4,13,1,0.0,0.0,False,False,10.0
main,Untaught IForest (accounts),control_calm,4,13,0,0.44381274834093987,0.5727651522750241,False,False,0.7748598995209728
main,Untaught IForest (accounts),control_calm,4,13,1,0.43208174762214147,0.5576256403115702,False,False,0.7748598995209728
main,Principle (accounts),control_calm,4,14,0,0.0,0.0,False,False,10.0
main,Principle (accounts),control_calm,4,14,1,0.0,0.0,False,False,10.0
main,Untaught IForest (accounts),control_calm,4,14,0,0.4821526578308772,0.622244947930522,False,False,0.7748598995209728
main,Untaught IForest (accounts),control_calm,4,14,1,0.5007495130846706,0.6462452288397421,False,False,0.7748598995209728
main,Principle (accounts),layer_calm,8,0,0,21.0,2.1,True,True,10.0
main,Principle (accounts),layer_calm,8,0,1,0.0,0.0,False,True,10.0
main,Untaught IForest (accounts),layer_calm,8,0,0,0.67395553936206,0.8697772846145567,False,True,0.7748598995209728
main,Untaught IForest (accounts),layer_calm,8,0,1,0.702598422318586,0.9067425256526249,False,True,0.7748598995209728
main,Principle (accounts),layer_calm,8,1,0,21.0,2.1,True,True,10.0
main,Principle (accounts),layer_calm,8,1,1,21.0,2.1,True,True,10.0
main,Untaught IForest (accounts),layer_calm,8,1,0,0.6708412059716867,0.8657580633433326,False,True,0.7748598995209728
main,Untaught IForest (accounts),layer_calm,8,1,1,0.6708412059716867,0.8657580633433326,False,True,0.7748598995209728
main,Principle (accounts),layer_calm,8,2,0,21.0,2.1,True,False,10.0
main,Principle (accounts),layer_calm,8,2,1,21.0,2.1,True,True,10.0
main,Untaught IForest (accounts),layer_calm,8,2,0,0.6884006942784113,0.8884195642386301,False,False,0.7748598995209728
main,Untaught IForest (accounts),layer_calm,8,2,1,0.6708412059716867,0.8657580633433326,False,True,0.7748598995209728
main,Principle (accounts),layer_calm,8,3,0,21.0,2.1,True,True,10.0
main,Principle (accounts),layer_calm,8,3,1,21.0,2.1,True,True,10.0
main,Untaught IForest (accounts),layer_calm,8,3,0,0.6708412059716867,0.8657580633433326,False,True,0.7748598995209728
main,Untaught IForest (accounts),layer_calm,8,3,1,0.6708412059716867,0.8657580633433326,False,True,0.7748598995209728
main,Principle (accounts),layer_calm,8,4,0,21.0,2.1,True,True,10.0
main,Principle (accounts),layer_calm,8,4,1,21.0,2.1,True,True,10.0
main,Untaught IForest (accounts),layer_calm,8,4,0,0.6708412059716867,0.8657580633433326,False,True,0.7748598995209728
main,Untaught IForest (accounts),layer_calm,8,4,1,0.67395553936206,0.8697772846145567,False,True,0.7748598995209728
main,Principle (accounts),layer_calm,8,5,0,21.0,2.1,True,True,10.0
main,Principle (accounts),layer_calm,8,5,1,21.0,2.1,True,True,10.0
main,Untaught IForest (accounts),layer_calm,8,5,0,0.67395553936206,0.8697772846145567,False,True,0.7748598995209728
main,Untaught IForest (accounts),layer_calm,8,5,1,0.67395553936206,0.8697772846145567,False,True,0.7748598995209728
main,Principle (accounts),layer_calm,8,6,0,21.0,2.1,True,True,10.0
main,Principle (accounts),layer_calm,8,6,1,21.0,2.1,True,True,10.0
main,Untaught IForest (accounts),layer_calm,8,6,0,0.6708412059716867,0.8657580633433326,False,True,0.7748598995209728
main,Untaught IForest (accounts),layer_calm,8,6,1,0.67395553936206,0.8697772846145567,False,True,0.7748598995209728
main,Principle (accounts),layer_calm,8,7,0,21.0,2.1,True,True,10.0
main,Principle (accounts),layer_calm,8,7,1,21.0,2.1,True,True,10.0
main,Untaught IForest (accounts),layer_calm,8,7,0,0.6708412059716867,0.8657580633433326,False,True,0.7748598995209728
main,Untaught IForest (accounts),layer_calm,8,7,1,0.6708412059716867,0.8657580633433326,False,True,0.7748598995209728
main,Principle (accounts),layer_calm,8,8,0,21.0,2.1,True,True,10.0
main,Principle (accounts),layer_calm,8,8,1,21.0,2.1,True,True,10.0
main,Untaught IForest (accounts),layer_calm,8,8,0,0.67395553936206,0.8697772846145567,False,True,0.7748598995209728
main,Untaught IForest (accounts),layer_calm,8,8,1,0.6708412059716867,0.8657580633433326,False,True,0.7748598995209728
main,Principle (accounts),layer_calm,8,9,0,21.0,2.1,True,True,10.0
main,Principle (accounts),layer_calm,8,9,1,0.0,0.0,False,False,10.0
main,Untaught IForest (accounts),layer_calm,8,9,0,0.6708412059716867,0.8657580633433326,False,True,0.7748598995209728
main,Untaught IForest (accounts),layer_calm,8,9,1,0.6778721863162052,0.874831936373625,False,False,0.7748598995209728
main,Principle (accounts),layer_calm,8,10,0,21.0,2.1,True,True,10.0
main,Principle (accounts),layer_calm,8,10,1,21.0,2.1,True,True,10.0
main,Untaught IForest (accounts),layer_calm,8,10,0,0.67395553936206,0.8697772846145567,False,True,0.7748598995209728
main,Untaught IForest (accounts),layer_calm,8,10,1,0.6708412059716867,0.8657580633433326,False,True,0.7748598995209728
main,Principle (accounts),layer_calm,8,11,0,21.0,2.1,True,True,10.0
main,Principle (accounts),layer_calm,8,11,1,0.0,0.0,False,False,10.0
main,Untaught IForest (accounts),layer_calm,8,11,0,0.67395553936206,0.8697772846145567,False,True,0.7748598995209728
main,Untaught IForest (accounts),layer_calm,8,11,1,0.6778721863162052,0.874831936373625,False,False,0.7748598995209728
main,Principle (accounts),layer_calm,8,12,0,21.0,2.1,True,True,10.0
main,Principle (accounts),layer_calm,8,12,1,0.0,0.0,False,False,10.0
main,Untaught IForest (accounts),layer_calm,8,12,0,0.6708412059716867,0.8657580633433326,False,True,0.7748598995209728
main,Untaught IForest (accounts),layer_calm,8,12,1,0.6918717417564191,0.8928991449733585,False,False,0.7748598995209728
main,Principle (accounts),layer_calm,8,13,0,21.0,2.1,True,True,10.0
main,Principle (accounts),layer_calm,8,13,1,21.0,2.1,True,True,10.0
main,Untaught IForest (accounts),layer_calm,8,13,0,0.67395553936206,0.8697772846145567,False,True,0.7748598995209728
main,Untaught IForest (accounts),layer_calm,8,13,1,0.67395553936206,0.8697772846145567,False,True,0.7748598995209728
main,Principle (accounts),layer_calm,8,14,0,21.0,2.1,True,True,10.0
main,Principle (accounts),layer_calm,8,14,1,0.0,0.0,False,False,10.0
main,Untaught IForest (accounts),layer_calm,8,14,0,0.6708412059716867,0.8657580633433326,False,True,0.7748598995209728
main,Untaught IForest (accounts),layer_calm,8,14,1,0.6778721863162052,0.874831936373625,False,False,0.7748598995209728
main,Principle (accounts),layer_calm,8,15,0,0.0,0.0,False,False,10.0
main,Principle (accounts),layer_calm,8,15,1,21.0,2.1,True,True,10.0
main,Untaught IForest (accounts),layer_calm,8,15,0,0.6726525457826282,0.8680956985881831,False,False,0.7748598995209728
main,Untaught IForest (accounts),layer_calm,8,15,1,0.6708412059716867,0.8657580633433326,False,True,0.7748598995209728
main,Principle (accounts),layer_calm,8,16,0,21.0,2.1,True,True,10.0
main,Principle (accounts),layer_calm,8,16,1,21.0,2.1,True,True,10.0
main,Untaught IForest (accounts),layer_calm,8,16,0,0.67395553936206,0.8697772846145567,False,True,0.7748598995209728
main,Untaught IForest (accounts),layer_calm,8,16,1,0.67395553936206,0.8697772846145567,False,True,0.7748598995209728
main,Principle (accounts),layer_calm,8,17,0,21.0,2.1,True,True,10.0
main,Principle (accounts),layer_calm,8,17,1,0.0,0.0,False,False,10.0
main,Untaught IForest (accounts),layer_calm,8,17,0,0.6708412059716867,0.8657580633433326,False,True,0.7748598995209728
main,Untaught IForest (accounts),layer_calm,8,17,1,0.6778721863162052,0.874831936373625,False,False,0.7748598995209728
main,Principle (accounts),layer_calm,8,18,0,21.0,2.1,True,True,10.0
main,Principle (accounts),layer_calm,8,18,1,21.0,2.1,True,True,10.0
main,Untaught IForest (accounts),layer_calm,8,18,0,0.67395553936206,0.8697772846145567,False,True,0.7748598995209728
main,Untaught IForest (accounts),layer_calm,8,18,1,0.67395553936206,0.8697772846145567,False,True,0.7748598995209728
main,Principle (accounts),layer_calm,8,19,0,21.0,2.1,True,True,10.0
main,Principle (accounts),layer_calm,8,19,1,21.0,2.1,True,True,10.0
main,Untaught IForest (accounts),layer_calm,8,19,0,0.67395553936206,0.8697772846145567,False,True,0.7748598995209728
main,Untaught IForest (accounts),layer_calm,8,19,1,0.67395553936206,0.8697772846145567,False,True,0.7748598995209728
main,Principle (accounts),layer_calm,8,20,0,21.0,2.1,True,True,10.0
main,Principle (accounts),layer_calm,8,20,1,21.0,2.1,True,True,10.0
main,Untaught IForest (accounts),layer_calm,8,20,0,0.6708412059716867,0.8657580633433326,False,True,0.7748598995209728
main,Untaught IForest (accounts),layer_calm,8,20,1,0.6708412059716867,0.8657580633433326,False,True,0.7748598995209728
main,Principle (accounts),layer_calm,8,21,0,0.0,0.0,False,False,10.0
main,Principle (accounts),layer_calm,8,21,1,21.0,2.1,True,True,10.0
main,Untaught IForest (accounts),layer_calm,8,21,0,0.6959518021068516,0.898164690851981,False,False,0.7748598995209728
main,Untaught IForest (accounts),layer_calm,8,21,1,0.67395553936206,0.8697772846145567,False,True,0.7748598995209728
main,Principle (accounts),layer_calm,8,22,0,21.0,2.1,True,True,10.0
main,Principle (accounts),layer_calm,8,22,1,21.0,2.1,True,True,10.0
main,Untaught IForest (accounts),layer_calm,8,22,0,0.67395553936206,0.8697772846145567,False,True,0.7748598995209728
main,Untaught IForest (accounts),layer_calm,8,22,1,0.67395553936206,0.8697772846145567,False,True,0.7748598995209728
main,Principle (accounts),layer_calm,8,23,0,21.0,2.1,True,True,10.0
main,Principle (accounts),layer_calm,8,23,1,21.0,2.1,True,True,10.0
main,Untaught IForest (accounts),layer_calm,8,23,0,0.6898229281656582,0.890255036545464,False,True,0.7748598995209728
main,Untaught IForest (accounts),layer_calm,8,23,1,0.6708412059716867,0.8657580633433326,False,True,0.7748598995209728
main,Principle (accounts),layer_calm,8,24,0,21.0,2.1,True,True,10.0
main,Principle (accounts),layer_calm,8,24,1,21.0,2.1,True,True,10.0
main,Untaught IForest (accounts),layer_calm,8,24,0,0.67395553936206,0.8697772846145567,False,True,0.7748598995209728
main,Untaught IForest (accounts),layer_calm,8,24,1,0.6708412059716867,0.8657580633433326,False,True,0.7748598995209728
main,Principle (accounts),layer_calm,8,25,0,21.0,2.1,True,True,10.0
main,Principle (accounts),layer_calm,8,25,1,21.0,2.1,True,True,10.0
main,Untaught IForest (accounts),layer_calm,8,25,0,0.67395553936206,0.8697772846145567,False,True,0.7748598995209728
main,Untaught IForest (accounts),layer_calm,8,25,1,0.6708412059716867,0.8657580633433326,False,True,0.7748598995209728
main,Principle (accounts),layer_calm,8,26,0,0.0,0.0,False,False,10.0
main,Principle (accounts),layer_calm,8,26,1,21.0,2.1,True,True,10.0
main,Untaught IForest (accounts),layer_calm,8,26,0,0.6778721863162052,0.874831936373625,False,False,0.7748598995209728
main,Untaught IForest (accounts),layer_calm,8,26,1,0.6708412059716867,0.8657580633433326,False,True,0.7748598995209728
main,Principle (accounts),layer_calm,8,27,0,21.0,2.1,True,True,10.0
main,Principle (accounts),layer_calm,8,27,1,21.0,2.1,True,True,10.0
main,Untaught IForest (accounts),layer_calm,8,27,0,0.67395553936206,0.8697772846145567,False,True,0.7748598995209728
main,Untaught IForest (accounts),layer_calm,8,27,1,0.67395553936206,0.8697772846145567,False,True,0.7748598995209728
main,Principle (accounts),layer_calm,8,28,0,21.0,2.1,True,True,10.0
main,Principle (accounts),layer_calm,8,28,1,21.0,2.1,True,True,10.0
main,Untaught IForest (accounts),layer_calm,8,28,0,0.67395553936206,0.8697772846145567,False,True,0.7748598995209728
main,Untaught IForest (accounts),layer_calm,8,28,1,0.6708412059716867,0.8657580633433326,False,True,0.7748598995209728
main,Principle (accounts),layer_calm,8,29,0,21.0,2.1,True,True,10.0
main,Principle (accounts),layer_calm,8,29,1,21.0,2.1,True,True,10.0
main,Untaught IForest (accounts),layer_calm,8,29,0,0.6708412059716867,0.8657580633433326,False,True,0.7748598995209728
main,Untaught IForest (accounts),layer_calm,8,29,1,0.6708412059716867,0.8657580633433326,False,True,0.7748598995209728
main,Principle (accounts),control_calm,8,0,0,0.0,0.0,False,False,10.0
main,Principle (accounts),control_calm,8,0,1,0.0,0.0,False,False,10.0
main,Untaught IForest (accounts),control_calm,8,0,0,0.45766063648972255,0.5906366257599001,False,False,0.7748598995209728
main,Untaught IForest (accounts),control_calm,8,0,1,0.450556379768963,0.5814681854713376,False,False,0.7748598995209728
main,Principle (accounts),control_calm,8,1,0,0.0,0.0,False,False,10.0
main,Principle (accounts),control_calm,8,1,1,0.0,0.0,False,False,10.0
main,Untaught IForest (accounts),control_calm,8,1,0,0.45766063648972255,0.5906366257599001,False,False,0.7748598995209728
main,Untaught IForest (accounts),control_calm,8,1,1,0.5128160383230995,0.6618177539451044,False,False,0.7748598995209728
main,Principle (accounts),control_calm,8,2,0,0.0,0.0,False,False,10.0
main,Principle (accounts),control_calm,8,2,1,0.0,0.0,False,False,10.0
main,Untaught IForest (accounts),control_calm,8,2,0,0.45766063648972255,0.5906366257599001,False,False,0.7748598995209728
main,Untaught IForest (accounts),control_calm,8,2,1,0.450556379768963,0.5814681854713376,False,False,0.7748598995209728
main,Principle (accounts),control_calm,8,3,0,0.0,0.0,False,False,10.0
main,Principle (accounts),control_calm,8,3,1,0.0,0.0,False,False,10.0
main,Untaught IForest (accounts),control_calm,8,3,0,0.45766063648972255,0.5906366257599001,False,False,0.7748598995209728
main,Untaught IForest (accounts),control_calm,8,3,1,0.45766063648972255,0.5906366257599001,False,False,0.7748598995209728
main,Principle (accounts),control_calm,8,4,0,0.0,0.0,False,False,10.0
main,Principle (accounts),control_calm,8,4,1,0.0,0.0,False,False,10.0
main,Untaught IForest (accounts),control_calm,8,4,0,0.45766063648972255,0.5906366257599001,False,False,0.7748598995209728
main,Untaught IForest (accounts),control_calm,8,4,1,0.5141190978269228,0.6634994250505892,False,False,0.7748598995209728
main,Principle (accounts),control_calm,8,5,0,0.0,0.0,False,False,10.0
main,Principle (accounts),control_calm,8,5,1,0.0,0.0,False,False,10.0
main,Untaught IForest (accounts),control_calm,8,5,0,0.450556379768963,0.5814681854713376,False,False,0.7748598995209728
main,Untaught IForest (accounts),control_calm,8,5,1,0.4821526578308772,0.622244947930522,False,False,0.7748598995209728
main,Principle (accounts),control_calm,8,6,0,0.0,0.0,False,False,10.0
main,Principle (accounts),control_calm,8,6,1,0.0,0.0,False,False,10.0
main,Untaught IForest (accounts),control_calm,8,6,0,0.45766063648972255,0.5906366257599001,False,False,0.7748598995209728
main,Untaught IForest (accounts),control_calm,8,6,1,0.45766063648972255,0.5906366257599001,False,False,0.7748598995209728
main,Principle (accounts),control_calm,8,7,0,0.0,0.0,False,False,10.0
main,Principle (accounts),control_calm,8,7,1,0.0,0.0,False,False,10.0
main,Untaught IForest (accounts),control_calm,8,7,0,0.45766063648972255,0.5906366257599001,False,False,0.7748598995209728
main,Untaught IForest (accounts),control_calm,8,7,1,0.5762393410057741,0.74366907019193,False,False,0.7748598995209728
main,Principle (accounts),control_calm,8,8,0,0.0,0.0,False,False,10.0
main,Principle (accounts),control_calm,8,8,1,0.0,0.0,False,False,10.0
main,Untaught IForest (accounts),control_calm,8,8,0,0.5762393410057741,0.74366907019193,False,False,0.7748598995209728
main,Untaught IForest (accounts),control_calm,8,8,1,0.5128160383230995,0.6618177539451044,False,False,0.7748598995209728
main,Principle (accounts),control_calm,8,9,0,0.0,0.0,False,False,10.0
main,Principle (accounts),control_calm,8,9,1,0.0,0.0,False,False,10.0
main,Untaught IForest (accounts),control_calm,8,9,0,0.5819075398279773,0.7509841975145689,False,False,0.7748598995209728
main,Untaught IForest (accounts),control_calm,8,9,1,0.45766063648972255,0.5906366257599001,False,False,0.7748598995209728
main,Principle (accounts),control_calm,8,10,0,0.0,0.0,False,False,10.0
main,Principle (accounts),control_calm,8,10,1,0.0,0.0,False,False,10.0
main,Untaught IForest (accounts),control_calm,8,10,0,0.4986864715169117,0.6435827584124632,False,False,0.7748598995209728
main,Untaught IForest (accounts),control_calm,8,10,1,0.45766063648972255,0.5906366257599001,False,False,0.7748598995209728
main,Principle (accounts),control_calm,8,11,0,0.0,0.0,False,False,10.0
main,Principle (accounts),control_calm,8,11,1,0.0,0.0,False,False,10.0
main,Untaught IForest (accounts),control_calm,8,11,0,0.45766063648972255,0.5906366257599001,False,False,0.7748598995209728
main,Untaught IForest (accounts),control_calm,8,11,1,0.45766063648972255,0.5906366257599001,False,False,0.7748598995209728
main,Principle (accounts),control_calm,8,12,0,0.0,0.0,False,False,10.0
main,Principle (accounts),control_calm,8,12,1,0.0,0.0,False,False,10.0
main,Untaught IForest (accounts),control_calm,8,12,0,0.450556379768963,0.5814681854713376,False,False,0.7748598995209728
main,Untaught IForest (accounts),control_calm,8,12,1,0.5648703249529583,0.728996719667862,False,False,0.7748598995209728
main,Principle (accounts),control_calm,8,13,0,0.0,0.0,False,False,10.0
main,Principle (accounts),control_calm,8,13,1,0.0,0.0,False,False,10.0
main,Untaught IForest (accounts),control_calm,8,13,0,0.5114719305936627,0.6600831078106641,False,False,0.7748598995209728
main,Untaught IForest (accounts),control_calm,8,13,1,0.450556379768963,0.5814681854713376,False,False,0.7748598995209728
main,Principle (accounts),control_calm,8,14,0,0.0,0.0,False,False,10.0
main,Principle (accounts),control_calm,8,14,1,0.0,0.0,False,False,10.0
main,Untaught IForest (accounts),control_calm,8,14,0,0.45766063648972255,0.5906366257599001,False,False,0.7748598995209728
main,Untaught IForest (accounts),control_calm,8,14,1,0.5141190978269228,0.6634994250505892,False,False,0.7748598995209728
main,Principle (accounts),layer_calm,16,0,0,45.0,4.5,True,True,10.0
main,Principle (accounts),layer_calm,16,0,1,45.0,4.5,True,True,10.0
main,Untaught IForest (accounts),layer_calm,16,0,0,0.6801927566233674,0.8778267620299751,False,True,0.7748598995209728
main,Untaught IForest (accounts),layer_calm,16,0,1,0.6801927566233674,0.8778267620299751,False,True,0.7748598995209728
main,Principle (accounts),layer_calm,16,1,0,45.0,4.5,True,True,10.0
main,Principle (accounts),layer_calm,16,1,1,45.0,4.5,True,True,10.0
main,Untaught IForest (accounts),layer_calm,16,1,0,0.6864647787206183,0.8859211570310951,False,True,0.7748598995209728
main,Untaught IForest (accounts),layer_calm,16,1,1,0.6864647787206183,0.8859211570310951,False,True,0.7748598995209728
main,Principle (accounts),layer_calm,16,2,0,45.0,4.5,True,True,10.0
main,Principle (accounts),layer_calm,16,2,1,0.0,0.0,False,False,10.0
main,Untaught IForest (accounts),layer_calm,16,2,0,0.6801927566233674,0.8778267620299751,False,True,0.7748598995209728
main,Untaught IForest (accounts),layer_calm,16,2,1,0.6878501079879675,0.8877090018636973,False,False,0.7748598995209728
main,Principle (accounts),layer_calm,16,3,0,45.0,4.5,True,True,10.0
main,Principle (accounts),layer_calm,16,3,1,45.0,4.5,True,True,10.0
main,Untaught IForest (accounts),layer_calm,16,3,0,0.6801927566233674,0.8778267620299751,False,True,0.7748598995209728
main,Untaught IForest (accounts),layer_calm,16,3,1,0.6864647787206183,0.8859211570310951,False,True,0.7748598995209728
main,Principle (accounts),layer_calm,16,4,0,45.0,4.5,True,True,10.0
main,Principle (accounts),layer_calm,16,4,1,0.0,0.0,False,False,10.0
main,Untaught IForest (accounts),layer_calm,16,4,0,0.6801927566233674,0.8778267620299751,False,True,0.7748598995209728
main,Untaught IForest (accounts),layer_calm,16,4,1,0.6852502742847401,0.8843537711893074,False,False,0.7748598995209728
main,Principle (accounts),layer_calm,16,5,0,45.0,4.5,True,False,10.0
main,Principle (accounts),layer_calm,16,5,1,45.0,4.5,True,True,10.0
main,Untaught IForest (accounts),layer_calm,16,5,0,0.7016330670215187,0.9054966806970863,False,False,0.7748598995209728
main,Untaught IForest (accounts),layer_calm,16,5,1,0.6801927566233674,0.8778267620299751,False,True,0.7748598995209728
main,Principle (accounts),layer_calm,16,6,0,45.0,4.5,True,True,10.0
main,Principle (accounts),layer_calm,16,6,1,45.0,4.5,True,True,10.0
main,Untaught IForest (accounts),layer_calm,16,6,0,0.6801927566233674,0.8778267620299751,False,True,0.7748598995209728
main,Untaught IForest (accounts),layer_calm,16,6,1,0.6801927566233674,0.8778267620299751,False,True,0.7748598995209728
main,Principle (accounts),layer_calm,16,7,0,45.0,4.5,True,True,10.0
main,Principle (accounts),layer_calm,16,7,1,45.0,4.5,True,True,10.0
main,Untaught IForest (accounts),layer_calm,16,7,0,0.6801927566233674,0.8778267620299751,False,True,0.7748598995209728
main,Untaught IForest (accounts),layer_calm,16,7,1,0.6864647787206183,0.8859211570310951,False,True,0.7748598995209728
main,Principle (accounts),layer_calm,16,8,0,45.0,4.5,True,True,10.0
main,Principle (accounts),layer_calm,16,8,1,45.0,4.5,True,True,10.0
main,Untaught IForest (accounts),layer_calm,16,8,0,0.6864647787206183,0.8859211570310951,False,True,0.7748598995209728
main,Untaught IForest (accounts),layer_calm,16,8,1,0.6801927566233674,0.8778267620299751,False,True,0.7748598995209728
main,Principle (accounts),layer_calm,16,9,0,45.0,4.5,True,True,10.0
main,Principle (accounts),layer_calm,16,9,1,45.0,4.5,True,True,10.0
main,Untaught IForest (accounts),layer_calm,16,9,0,0.6864647787206183,0.8859211570310951,False,True,0.7748598995209728
main,Untaught IForest (accounts),layer_calm,16,9,1,0.6864647787206183,0.8859211570310951,False,True,0.7748598995209728
main,Principle (accounts),layer_calm,16,10,0,45.0,4.5,True,True,10.0
main,Principle (accounts),layer_calm,16,10,1,0.0,0.0,False,True,10.0
main,Untaught IForest (accounts),layer_calm,16,10,0,0.6801927566233674,0.8778267620299751,False,True,0.7748598995209728
main,Untaught IForest (accounts),layer_calm,16,10,1,0.7101751529197827,0.916520719886035,False,True,0.7748598995209728
main,Principle (accounts),layer_calm,16,11,0,45.0,4.5,True,True,10.0
main,Principle (accounts),layer_calm,16,11,1,45.0,4.5,True,True,10.0
main,Untaught IForest (accounts),layer_calm,16,11,0,0.6864647787206183,0.8859211570310951,False,True,0.7748598995209728
main,Untaught IForest (accounts),layer_calm,16,11,1,0.6864647787206183,0.8859211570310951,False,True,0.7748598995209728
main,Principle (accounts),layer_calm,16,12,0,45.0,4.5,True,True,10.0
main,Principle (accounts),layer_calm,16,12,1,0.0,0.0,False,False,10.0
main,Untaught IForest (accounts),layer_calm,16,12,0,0.6864647787206183,0.8859211570310951,False,True,0.7748598995209728
main,Untaught IForest (accounts),layer_calm,16,12,1,0.6994312433631427,0.9026551042266338,False,False,0.7748598995209728
main,Principle (accounts),layer_calm,16,13,0,45.0,4.5,True,True,10.0
main,Principle (accounts),layer_calm,16,13,1,45.0,4.5,True,True,10.0
main,Untaught IForest (accounts),layer_calm,16,13,0,0.6801927566233674,0.8778267620299751,False,True,0.7748598995209728
main,Untaught IForest (accounts),layer_calm,16,13,1,0.6801927566233674,0.8778267620299751,False,True,0.7748598995209728
main,Principle (accounts),layer_calm,16,14,0,45.0,4.5,True,True,10.0
main,Principle (accounts),layer_calm,16,14,1,45.0,4.5,True,True,10.0
main,Untaught IForest (accounts),layer_calm,16,14,0,0.6864647787206183,0.8859211570310951,False,True,0.7748598995209728
main,Untaught IForest (accounts),layer_calm,16,14,1,0.6801927566233674,0.8778267620299751,False,True,0.7748598995209728
main,Principle (accounts),layer_calm,16,15,0,0.0,0.0,False,False,10.0
main,Principle (accounts),layer_calm,16,15,1,45.0,4.5,True,True,10.0
main,Untaught IForest (accounts),layer_calm,16,15,0,0.6852502742847401,0.8843537711893074,False,False,0.7748598995209728
main,Untaught IForest (accounts),layer_calm,16,15,1,0.6801927566233674,0.8778267620299751,False,True,0.7748598995209728
main,Principle (accounts),layer_calm,16,16,0,45.0,4.5,True,True,10.0
main,Principle (accounts),layer_calm,16,16,1,45.0,4.5,True,True,10.0
main,Untaught IForest (accounts),layer_calm,16,16,0,0.6801927566233674,0.8778267620299751,False,True,0.7748598995209728
main,Untaught IForest (accounts),layer_calm,16,16,1,0.6864647787206183,0.8859211570310951,False,True,0.7748598995209728
main,Principle (accounts),layer_calm,16,17,0,45.0,4.5,True,True,10.0
main,Principle (accounts),layer_calm,16,17,1,0.0,0.0,False,False,10.0
main,Untaught IForest (accounts),layer_calm,16,17,0,0.6801927566233674,0.8778267620299751,False,True,0.7748598995209728
main,Untaught IForest (accounts),layer_calm,16,17,1,0.6878501079879675,0.8877090018636973,False,False,0.7748598995209728
main,Principle (accounts),layer_calm,16,18,0,45.0,4.5,True,True,10.0
main,Principle (accounts),layer_calm,16,18,1,45.0,4.5,True,True,10.0
main,Untaught IForest (accounts),layer_calm,16,18,0,0.6864647787206183,0.8859211570310951,False,True,0.7748598995209728
main,Untaught IForest (accounts),layer_calm,16,18,1,0.6864647787206183,0.8859211570310951,False,True,0.7748598995209728
main,Principle (accounts),layer_calm,16,19,0,0.0,0.0,False,False,10.0
main,Principle (accounts),layer_calm,16,19,1,45.0,4.5,True,True,10.0
main,Untaught IForest (accounts),layer_calm,16,19,0,0.6878501079879675,0.8877090018636973,False,False,0.7748598995209728
main,Untaught IForest (accounts),layer_calm,16,19,1,0.6864647787206183,0.8859211570310951,False,True,0.7748598995209728
main,Principle (accounts),layer_calm,16,20,0,45.0,4.5,True,True,10.0
main,Principle (accounts),layer_calm,16,20,1,45.0,4.5,True,True,10.0
main,Untaught IForest (accounts),layer_calm,16,20,0,0.6864647787206183,0.8859211570310951,False,True,0.7748598995209728
main,Untaught IForest (accounts),layer_calm,16,20,1,0.6801927566233674,0.8778267620299751,False,True,0.7748598995209728
main,Principle (accounts),layer_calm,16,21,0,45.0,4.5,True,True,10.0
main,Principle (accounts),layer_calm,16,21,1,45.0,4.5,True,True,10.0
main,Untaught IForest (accounts),layer_calm,16,21,0,0.6864647787206183,0.8859211570310951,False,True,0.7748598995209728
main,Untaught IForest (accounts),layer_calm,16,21,1,0.6801927566233674,0.8778267620299751,False,True,0.7748598995209728
main,Principle (accounts),layer_calm,16,22,0,45.0,4.5,True,True,10.0
main,Principle (accounts),layer_calm,16,22,1,0.0,0.0,False,False,10.0
main,Untaught IForest (accounts),layer_calm,16,22,0,0.6864647787206183,0.8859211570310951,False,True,0.7748598995209728
main,Untaught IForest (accounts),layer_calm,16,22,1,0.6878501079879675,0.8877090018636973,False,False,0.7748598995209728
main,Principle (accounts),layer_calm,16,23,0,45.0,4.5,True,True,10.0
main,Principle (accounts),layer_calm,16,23,1,45.0,4.5,True,True,10.0
main,Untaught IForest (accounts),layer_calm,16,23,0,0.6801927566233674,0.8778267620299751,False,True,0.7748598995209728
main,Untaught IForest (accounts),layer_calm,16,23,1,0.6801927566233674,0.8778267620299751,False,True,0.7748598995209728
main,Principle (accounts),layer_calm,16,24,0,45.0,4.5,True,True,10.0
main,Principle (accounts),layer_calm,16,24,1,45.0,4.5,True,True,10.0
main,Untaught IForest (accounts),layer_calm,16,24,0,0.6801927566233674,0.8778267620299751,False,True,0.7748598995209728
main,Untaught IForest (accounts),layer_calm,16,24,1,0.6801927566233674,0.8778267620299751,False,True,0.7748598995209728
main,Principle (accounts),layer_calm,16,25,0,45.0,4.5,True,True,10.0
main,Principle (accounts),layer_calm,16,25,1,45.0,4.5,True,True,10.0
main,Untaught IForest (accounts),layer_calm,16,25,0,0.6801927566233674,0.8778267620299751,False,True,0.7748598995209728
main,Untaught IForest (accounts),layer_calm,16,25,1,0.6864647787206183,0.8859211570310951,False,True,0.7748598995209728
main,Principle (accounts),layer_calm,16,26,0,45.0,4.5,True,True,10.0
main,Principle (accounts),layer_calm,16,26,1,45.0,4.5,True,True,10.0
main,Untaught IForest (accounts),layer_calm,16,26,0,0.6864647787206183,0.8859211570310951,False,True,0.7748598995209728
main,Untaught IForest (accounts),layer_calm,16,26,1,0.6864647787206183,0.8859211570310951,False,True,0.7748598995209728
main,Principle (accounts),layer_calm,16,27,0,45.0,4.5,True,True,10.0
main,Principle (accounts),layer_calm,16,27,1,45.0,4.5,True,True,10.0
main,Untaught IForest (accounts),layer_calm,16,27,0,0.6801927566233674,0.8778267620299751,False,True,0.7748598995209728
main,Untaught IForest (accounts),layer_calm,16,27,1,0.6801927566233674,0.8778267620299751,False,True,0.7748598995209728
main,Principle (accounts),layer_calm,16,28,0,45.0,4.5,True,True,10.0
main,Principle (accounts),layer_calm,16,28,1,45.0,4.5,True,True,10.0
main,Untaught IForest (accounts),layer_calm,16,28,0,0.6801927566233674,0.8778267620299751,False,True,0.7748598995209728
main,Untaught IForest (accounts),layer_calm,16,28,1,0.6864647787206183,0.8859211570310951,False,True,0.7748598995209728
main,Principle (accounts),layer_calm,16,29,0,0.0,0.0,False,False,10.0
main,Principle (accounts),layer_calm,16,29,1,45.0,4.5,True,True,10.0
main,Untaught IForest (accounts),layer_calm,16,29,0,0.6878501079879675,0.8877090018636973,False,False,0.7748598995209728
main,Untaught IForest (accounts),layer_calm,16,29,1,0.6864647787206183,0.8859211570310951,False,True,0.7748598995209728
main,Principle (accounts),control_calm,16,0,0,0.0,0.0,False,False,10.0
main,Principle (accounts),control_calm,16,0,1,0.0,0.0,False,False,10.0
main,Untaught IForest (accounts),control_calm,16,0,0,0.5879413219870548,0.7587711305624757,False,False,0.7748598995209728
main,Untaught IForest (accounts),control_calm,16,0,1,0.46831936267606444,0.6043923075198301,False,False,0.7748598995209728
main,Principle (accounts),control_calm,16,1,0,0.0,0.0,False,False,10.0
main,Principle (accounts),control_calm,16,1,1,0.0,0.0,False,False,10.0
main,Untaught IForest (accounts),control_calm,16,1,0,0.46831936267606444,0.6043923075198301,False,False,0.7748598995209728
main,Untaught IForest (accounts),control_calm,16,1,1,0.4562357754921652,0.5887977630204059,False,False,0.7748598995209728
main,Principle (accounts),control_calm,16,2,0,0.0,0.0,False,False,10.0
main,Principle (accounts),control_calm,16,2,1,0.0,0.0,False,False,10.0
main,Untaught IForest (accounts),control_calm,16,2,0,0.4562357754921652,0.5887977630204059,False,False,0.7748598995209728
main,Untaught IForest (accounts),control_calm,16,2,1,0.5712543922457077,0.7372357152549303,False,False,0.7748598995209728
main,Principle (accounts),control_calm,16,3,0,0.0,0.0,False,False,10.0
main,Principle (accounts),control_calm,16,3,1,0.0,0.0,False,False,10.0
main,Untaught IForest (accounts),control_calm,16,3,0,0.4562357754921652,0.5887977630204059,False,False,0.7748598995209728
main,Untaught IForest (accounts),control_calm,16,3,1,0.4562357754921652,0.5887977630204059,False,False,0.7748598995209728
main,Principle (accounts),control_calm,16,4,0,0.0,0.0,False,False,10.0
main,Principle (accounts),control_calm,16,4,1,0.0,0.0,False,False,10.0
main,Untaught IForest (accounts),control_calm,16,4,0,0.46831936267606444,0.6043923075198301,False,False,0.7748598995209728
main,Untaught IForest (accounts),control_calm,16,4,1,0.46831936267606444,0.6043923075198301,False,False,0.7748598995209728
main,Principle (accounts),control_calm,16,5,0,0.0,0.0,False,False,10.0
main,Principle (accounts),control_calm,16,5,1,0.0,0.0,False,False,10.0
main,Untaught IForest (accounts),control_calm,16,5,0,0.4562357754921652,0.5887977630204059,False,False,0.7748598995209728
main,Untaught IForest (accounts),control_calm,16,5,1,0.46831936267606444,0.6043923075198301,False,False,0.7748598995209728
main,Principle (accounts),control_calm,16,6,0,0.0,0.0,False,False,10.0
main,Principle (accounts),control_calm,16,6,1,0.0,0.0,False,False,10.0
main,Untaught IForest (accounts),control_calm,16,6,0,0.4562357754921652,0.5887977630204059,False,False,0.7748598995209728
main,Untaught IForest (accounts),control_calm,16,6,1,0.4562357754921652,0.5887977630204059,False,False,0.7748598995209728
main,Principle (accounts),control_calm,16,7,0,0.0,0.0,False,False,10.0
main,Principle (accounts),control_calm,16,7,1,0.0,0.0,False,False,10.0
main,Untaught IForest (accounts),control_calm,16,7,0,0.5825567717853113,0.7518220676350067,False,False,0.7748598995209728
main,Untaught IForest (accounts),control_calm,16,7,1,0.5649621003159608,0.7291151609022829,False,False,0.7748598995209728
main,Principle (accounts),control_calm,16,8,0,0.0,0.0,False,False,10.0
main,Principle (accounts),control_calm,16,8,1,0.0,0.0,False,False,10.0
main,Untaught IForest (accounts),control_calm,16,8,0,0.46831936267606444,0.6043923075198301,False,False,0.7748598995209728
main,Untaught IForest (accounts),control_calm,16,8,1,0.46831936267606444,0.6043923075198301,False,False,0.7748598995209728
main,Principle (accounts),control_calm,16,9,0,0.0,0.0,False,False,10.0
main,Principle (accounts),control_calm,16,9,1,0.0,0.0,False,False,10.0
main,Untaught IForest (accounts),control_calm,16,9,0,0.5819658467855436,0.7510594459015385,False,False,0.7748598995209728
main,Untaught IForest (accounts),control_calm,16,9,1,0.4562357754921652,0.5887977630204059,False,False,0.7748598995209728
main,Principle (accounts),control_calm,16,10,0,0.0,0.0,False,False,10.0
main,Principle (accounts),control_calm,16,10,1,0.0,0.0,False,False,10.0
main,Untaught IForest (accounts),control_calm,16,10,0,0.5291400231190136,0.6828847685189723,False,False,0.7748598995209728
main,Untaught IForest (accounts),control_calm,16,10,1,0.4562357754921652,0.5887977630204059,False,False,0.7748598995209728
main,Principle (accounts),control_calm,16,11,0,0.0,0.0,False,False,10.0
main,Principle (accounts),control_calm,16,11,1,0.0,0.0,False,False,10.0
main,Untaught IForest (accounts),control_calm,16,11,0,0.46831936267606444,0.6043923075198301,False,False,0.7748598995209728
main,Untaught IForest (accounts),control_calm,16,11,1,0.46831936267606444,0.6043923075198301,False,False,0.7748598995209728
main,Principle (accounts),control_calm,16,12,0,0.0,0.0,False,False,10.0
main,Principle (accounts),control_calm,16,12,1,0.0,0.0,False,False,10.0
main,Untaught IForest (accounts),control_calm,16,12,0,0.46831936267606444,0.6043923075198301,False,False,0.7748598995209728
main,Untaught IForest (accounts),control_calm,16,12,1,0.4562357754921652,0.5887977630204059,False,False,0.7748598995209728
main,Principle (accounts),control_calm,16,13,0,0.0,0.0,False,False,10.0
main,Principle (accounts),control_calm,16,13,1,0.0,0.0,False,False,10.0
main,Untaught IForest (accounts),control_calm,16,13,0,0.4562357754921652,0.5887977630204059,False,False,0.7748598995209728
main,Untaught IForest (accounts),control_calm,16,13,1,0.46831936267606444,0.6043923075198301,False,False,0.7748598995209728
main,Principle (accounts),control_calm,16,14,0,0.0,0.0,False,False,10.0
main,Principle (accounts),control_calm,16,14,1,0.0,0.0,False,False,10.0
main,Untaught IForest (accounts),control_calm,16,14,0,0.46831936267606444,0.6043923075198301,False,False,0.7748598995209728
main,Untaught IForest (accounts),control_calm,16,14,1,0.46831936267606444,0.6043923075198301,False,False,0.7748598995209728
main,Principle (accounts),reversal_calm,1,0,0,0.0,0.0,False,True,10.0
main,Principle (accounts),reversal_calm,1,0,1,0.0,0.0,False,True,10.0
main,Untaught IForest (accounts),reversal_calm,1,0,0,0.5598863126788832,0.7225645733183654,False,True,0.7748598995209728
main,Untaught IForest (accounts),reversal_calm,1,0,1,0.5823908354541952,0.7516079175270728,False,True,0.7748598995209728
main,Principle (accounts),reversal_calm,1,1,0,0.0,0.0,False,True,10.0
main,Principle (accounts),reversal_calm,1,1,1,0.0,0.0,False,True,10.0
main,Untaught IForest (accounts),reversal_calm,1,1,0,0.5564827407994727,0.7181720736142064,False,True,0.7748598995209728
main,Untaught IForest (accounts),reversal_calm,1,1,1,0.5638380450727962,0.727664504798051,False,True,0.7748598995209728
main,Principle (accounts),reversal_calm,1,2,0,0.0,0.0,False,True,10.0
main,Principle (accounts),reversal_calm,1,2,1,0.0,0.0,False,True,10.0
main,Untaught IForest (accounts),reversal_calm,1,2,0,0.5738686392226764,0.7406095470645061,False,True,0.7748598995209728
main,Untaught IForest (accounts),reversal_calm,1,2,1,0.5598863126788832,0.7225645733183654,False,True,0.7748598995209728
main,Principle (accounts),reversal_calm,1,3,0,0.0,0.0,False,True,10.0
main,Principle (accounts),reversal_calm,1,3,1,0.0,0.0,False,True,10.0
main,Untaught IForest (accounts),reversal_calm,1,3,0,0.5638380450727962,0.727664504798051,False,True,0.7748598995209728
main,Untaught IForest (accounts),reversal_calm,1,3,1,0.5638380450727962,0.727664504798051,False,True,0.7748598995209728
main,Principle (accounts),reversal_calm,1,4,0,0.0,0.0,False,True,10.0
main,Principle (accounts),reversal_calm,1,4,1,0.0,0.0,False,True,10.0
main,Untaught IForest (accounts),reversal_calm,1,4,0,0.5638380450727962,0.727664504798051,False,True,0.7748598995209728
main,Untaught IForest (accounts),reversal_calm,1,4,1,0.5738686392226764,0.7406095470645061,False,True,0.7748598995209728
main,Principle (accounts),reversal_calm,1,5,0,0.0,0.0,False,True,10.0
main,Principle (accounts),reversal_calm,1,5,1,0.0,0.0,False,False,10.0
main,Untaught IForest (accounts),reversal_calm,1,5,0,0.5638380450727962,0.727664504798051,False,True,0.7748598995209728
main,Untaught IForest (accounts),reversal_calm,1,5,1,0.6160218169327878,0.7950105784460126,False,False,0.7748598995209728
main,Principle (accounts),reversal_calm,1,6,0,0.0,0.0,False,True,10.0
main,Principle (accounts),reversal_calm,1,6,1,0.0,0.0,False,True,10.0
main,Untaught IForest (accounts),reversal_calm,1,6,0,0.5598863126788832,0.7225645733183654,False,True,0.7748598995209728
main,Untaught IForest (accounts),reversal_calm,1,6,1,0.5638380450727962,0.727664504798051,False,True,0.7748598995209728
main,Principle (accounts),reversal_calm,1,7,0,0.0,0.0,False,True,10.0
main,Principle (accounts),reversal_calm,1,7,1,0.0,0.0,False,True,10.0
main,Untaught IForest (accounts),reversal_calm,1,7,0,0.5598863126788832,0.7225645733183654,False,True,0.7748598995209728
main,Untaught IForest (accounts),reversal_calm,1,7,1,0.5598863126788832,0.7225645733183654,False,True,0.7748598995209728
main,Principle (accounts),reversal_calm,1,8,0,0.0,0.0,False,True,10.0
main,Principle (accounts),reversal_calm,1,8,1,0.0,0.0,False,True,10.0
main,Untaught IForest (accounts),reversal_calm,1,8,0,0.5638380450727962,0.727664504798051,False,True,0.7748598995209728
main,Untaught IForest (accounts),reversal_calm,1,8,1,0.5598863126788832,0.7225645733183654,False,True,0.7748598995209728
main,Principle (accounts),reversal_calm,1,9,0,0.0,0.0,False,True,10.0
main,Principle (accounts),reversal_calm,1,9,1,0.0,0.0,False,True,10.0
main,Untaught IForest (accounts),reversal_calm,1,9,0,0.5598863126788832,0.7225645733183654,False,True,0.7748598995209728
main,Untaught IForest (accounts),reversal_calm,1,9,1,0.5638380450727962,0.727664504798051,False,True,0.7748598995209728
main,Principle (accounts),reversal_calm,1,10,0,0.0,0.0,False,True,10.0
main,Principle (accounts),reversal_calm,1,10,1,0.0,0.0,False,True,10.0
main,Untaught IForest (accounts),reversal_calm,1,10,0,0.5598863126788832,0.7225645733183654,False,True,0.7748598995209728
main,Untaught IForest (accounts),reversal_calm,1,10,1,0.5849437079142621,0.7549025420929396,False,True,0.7748598995209728
main,Principle (accounts),reversal_calm,1,11,0,0.0,0.0,False,True,10.0
main,Principle (accounts),reversal_calm,1,11,1,0.0,0.0,False,True,10.0
main,Untaught IForest (accounts),reversal_calm,1,11,0,0.5598863126788832,0.7225645733183654,False,True,0.7748598995209728
main,Untaught IForest (accounts),reversal_calm,1,11,1,0.5738686392226764,0.7406095470645061,False,True,0.7748598995209728
main,Principle (accounts),reversal_calm,1,12,0,0.0,0.0,False,False,10.0
main,Principle (accounts),reversal_calm,1,12,1,0.0,0.0,False,True,10.0
main,Untaught IForest (accounts),reversal_calm,1,12,0,0.6235443649682157,0.8047188470505416,False,False,0.7748598995209728
main,Untaught IForest (accounts),reversal_calm,1,12,1,0.5598863126788832,0.7225645733183654,False,True,0.7748598995209728
main,Principle (accounts),reversal_calm,1,13,0,0.0,0.0,False,True,10.0
main,Principle (accounts),reversal_calm,1,13,1,0.0,0.0,False,True,10.0
main,Untaught IForest (accounts),reversal_calm,1,13,0,0.5638380450727962,0.727664504798051,False,True,0.7748598995209728
main,Untaught IForest (accounts),reversal_calm,1,13,1,0.5638380450727962,0.727664504798051,False,True,0.7748598995209728
main,Principle (accounts),reversal_calm,1,14,0,0.0,0.0,False,True,10.0
main,Principle (accounts),reversal_calm,1,14,1,0.0,0.0,False,True,10.0
main,Untaught IForest (accounts),reversal_calm,1,14,0,0.5564827407994727,0.7181720736142064,False,True,0.7748598995209728
main,Untaught IForest (accounts),reversal_calm,1,14,1,0.5598863126788832,0.7225645733183654,False,True,0.7748598995209728
main,Principle (accounts),reversal_calm,1,15,0,0.0,0.0,False,True,10.0
main,Principle (accounts),reversal_calm,1,15,1,0.0,0.0,False,True,10.0
main,Untaught IForest (accounts),reversal_calm,1,15,0,0.5598863126788832,0.7225645733183654,False,True,0.7748598995209728
main,Untaught IForest (accounts),reversal_calm,1,15,1,0.5638380450727962,0.727664504798051,False,True,0.7748598995209728
main,Principle (accounts),reversal_calm,1,16,0,0.0,0.0,False,False,10.0
main,Principle (accounts),reversal_calm,1,16,1,0.0,0.0,False,True,10.0
main,Untaught IForest (accounts),reversal_calm,1,16,0,0.6228082409999296,0.8037688379343888,False,False,0.7748598995209728
main,Untaught IForest (accounts),reversal_calm,1,16,1,0.5738686392226764,0.7406095470645061,False,True,0.7748598995209728
main,Principle (accounts),reversal_calm,1,17,0,0.0,0.0,False,True,10.0
main,Principle (accounts),reversal_calm,1,17,1,0.0,0.0,False,True,10.0
main,Untaught IForest (accounts),reversal_calm,1,17,0,0.5638380450727962,0.727664504798051,False,True,0.7748598995209728
main,Untaught IForest (accounts),reversal_calm,1,17,1,0.5738686392226764,0.7406095470645061,False,True,0.7748598995209728
main,Principle (accounts),reversal_calm,1,18,0,0.0,0.0,False,True,10.0
main,Principle (accounts),reversal_calm,1,18,1,0.0,0.0,False,True,10.0
main,Untaught IForest (accounts),reversal_calm,1,18,0,0.5638380450727962,0.727664504798051,False,True,0.7748598995209728
main,Untaught IForest (accounts),reversal_calm,1,18,1,0.5638380450727962,0.727664504798051,False,True,0.7748598995209728
main,Principle (accounts),reversal_calm,1,19,0,0.0,0.0,False,True,10.0
main,Principle (accounts),reversal_calm,1,19,1,0.0,0.0,False,True,10.0
main,Untaught IForest (accounts),reversal_calm,1,19,0,0.5638380450727962,0.727664504798051,False,True,0.7748598995209728
main,Untaught IForest (accounts),reversal_calm,1,19,1,0.5598863126788832,0.7225645733183654,False,True,0.7748598995209728
main,Principle (accounts),reversal_calm,1,20,0,0.0,0.0,False,True,10.0
main,Principle (accounts),reversal_calm,1,20,1,0.0,0.0,False,True,10.0
main,Untaught IForest (accounts),reversal_calm,1,20,0,0.5598863126788832,0.7225645733183654,False,True,0.7748598995209728
main,Untaught IForest (accounts),reversal_calm,1,20,1,0.5738686392226764,0.7406095470645061,False,True,0.7748598995209728
main,Principle (accounts),reversal_calm,1,21,0,0.0,0.0,False,True,10.0
main,Principle (accounts),reversal_calm,1,21,1,0.0,0.0,False,False,10.0
main,Untaught IForest (accounts),reversal_calm,1,21,0,0.5738686392226764,0.7406095470645061,False,True,0.7748598995209728
main,Untaught IForest (accounts),reversal_calm,1,21,1,0.6228082409999296,0.8037688379343888,False,False,0.7748598995209728
main,Principle (accounts),reversal_calm,1,22,0,0.0,0.0,False,False,10.0
main,Principle (accounts),reversal_calm,1,22,1,0.0,0.0,False,True,10.0
main,Untaught IForest (accounts),reversal_calm,1,22,0,0.6235443649682157,0.8047188470505416,False,False,0.7748598995209728
main,Untaught IForest (accounts),reversal_calm,1,22,1,0.5849437079142621,0.7549025420929396,False,True,0.7748598995209728
main,Principle (accounts),reversal_calm,1,23,0,0.0,0.0,False,True,10.0
main,Principle (accounts),reversal_calm,1,23,1,0.0,0.0,False,True,10.0
main,Untaught IForest (accounts),reversal_calm,1,23,0,0.5598863126788832,0.7225645733183654,False,True,0.7748598995209728
main,Untaught IForest (accounts),reversal_calm,1,23,1,0.5638380450727962,0.727664504798051,False,True,0.7748598995209728
main,Principle (accounts),reversal_calm,1,24,0,0.0,0.0,False,True,10.0
main,Principle (accounts),reversal_calm,1,24,1,0.0,0.0,False,True,10.0
main,Untaught IForest (accounts),reversal_calm,1,24,0,0.5638380450727962,0.727664504798051,False,True,0.7748598995209728
main,Untaught IForest (accounts),reversal_calm,1,24,1,0.5738686392226764,0.7406095470645061,False,True,0.7748598995209728
main,Principle (accounts),reversal_calm,1,25,0,0.0,0.0,False,True,10.0
main,Principle (accounts),reversal_calm,1,25,1,0.0,0.0,False,False,10.0
main,Untaught IForest (accounts),reversal_calm,1,25,0,0.5638380450727962,0.727664504798051,False,True,0.7748598995209728
main,Untaught IForest (accounts),reversal_calm,1,25,1,0.6160218169327878,0.7950105784460126,False,False,0.7748598995209728
main,Principle (accounts),reversal_calm,1,26,0,0.0,0.0,False,False,10.0
main,Principle (accounts),reversal_calm,1,26,1,0.0,0.0,False,True,10.0
main,Untaught IForest (accounts),reversal_calm,1,26,0,0.6235443649682157,0.8047188470505416,False,False,0.7748598995209728
main,Untaught IForest (accounts),reversal_calm,1,26,1,0.5738686392226764,0.7406095470645061,False,True,0.7748598995209728
main,Principle (accounts),reversal_calm,1,27,0,0.0,0.0,False,False,10.0
main,Principle (accounts),reversal_calm,1,27,1,0.0,0.0,False,False,10.0
main,Untaught IForest (accounts),reversal_calm,1,27,0,0.6228082409999296,0.8037688379343888,False,False,0.7748598995209728
main,Untaught IForest (accounts),reversal_calm,1,27,1,0.6316704985239174,0.8152060764977299,False,False,0.7748598995209728
main,Principle (accounts),reversal_calm,1,28,0,0.0,0.0,False,False,10.0
main,Principle (accounts),reversal_calm,1,28,1,0.0,0.0,False,True,10.0
main,Untaught IForest (accounts),reversal_calm,1,28,0,0.6235443649682157,0.8047188470505416,False,False,0.7748598995209728
main,Untaught IForest (accounts),reversal_calm,1,28,1,0.5638380450727962,0.727664504798051,False,True,0.7748598995209728
main,Principle (accounts),reversal_calm,1,29,0,0.0,0.0,False,True,10.0
main,Principle (accounts),reversal_calm,1,29,1,0.0,0.0,False,False,10.0
main,Untaught IForest (accounts),reversal_calm,1,29,0,0.5598863126788832,0.7225645733183654,False,True,0.7748598995209728
main,Untaught IForest (accounts),reversal_calm,1,29,1,0.6316704985239174,0.8152060764977299,False,False,0.7748598995209728
main,Principle (accounts),withdrawal_calm,1,0,0,0.0,0.0,False,False,10.0
main,Principle (accounts),withdrawal_calm,1,0,1,0.0,0.0,False,False,10.0
main,Untaught IForest (accounts),withdrawal_calm,1,0,0,0.41147251314705746,0.531028271564233,False,False,0.7748598995209728
main,Untaught IForest (accounts),withdrawal_calm,1,0,1,0.41147251314705746,0.531028271564233,False,False,0.7748598995209728
main,Principle (accounts),withdrawal_calm,1,1,0,0.0,0.0,False,False,10.0
main,Principle (accounts),withdrawal_calm,1,1,1,0.0,0.0,False,False,10.0
main,Untaught IForest (accounts),withdrawal_calm,1,1,0,0.45920405882767734,0.5926284985344609,False,False,0.7748598995209728
main,Untaught IForest (accounts),withdrawal_calm,1,1,1,0.4110975781581661,0.5305443970094611,False,False,0.7748598995209728
main,Principle (accounts),withdrawal_calm,1,2,0,0.0,0.0,False,False,10.0
main,Principle (accounts),withdrawal_calm,1,2,1,0.0,0.0,False,False,10.0
main,Untaught IForest (accounts),withdrawal_calm,1,2,0,0.4110975781581661,0.5305443970094611,False,False,0.7748598995209728
main,Untaught IForest (accounts),withdrawal_calm,1,2,1,0.4110975781581661,0.5305443970094611,False,False,0.7748598995209728
main,Principle (accounts),withdrawal_calm,1,3,0,0.0,0.0,False,False,10.0
main,Principle (accounts),withdrawal_calm,1,3,1,0.0,0.0,False,False,10.0
main,Untaught IForest (accounts),withdrawal_calm,1,3,0,0.41147251314705746,0.531028271564233,False,False,0.7748598995209728
main,Untaught IForest (accounts),withdrawal_calm,1,3,1,0.41147251314705746,0.531028271564233,False,False,0.7748598995209728
main,Principle (accounts),withdrawal_calm,1,4,0,0.0,0.0,False,False,10.0
main,Principle (accounts),withdrawal_calm,1,4,1,0.0,0.0,False,False,10.0
main,Untaught IForest (accounts),withdrawal_calm,1,4,0,0.4110975781581661,0.5305443970094611,False,False,0.7748598995209728
main,Untaught IForest (accounts),withdrawal_calm,1,4,1,0.41147251314705746,0.531028271564233,False,False,0.7748598995209728
main,Principle (accounts),withdrawal_calm,1,5,0,0.0,0.0,False,False,10.0
main,Principle (accounts),withdrawal_calm,1,5,1,0.0,0.0,False,False,10.0
main,Untaught IForest (accounts),withdrawal_calm,1,5,0,0.45920405882767734,0.5926284985344609,False,False,0.7748598995209728
main,Untaught IForest (accounts),withdrawal_calm,1,5,1,0.41147251314705746,0.531028271564233,False,False,0.7748598995209728
main,Principle (accounts),withdrawal_calm,1,6,0,0.0,0.0,False,False,10.0
main,Principle (accounts),withdrawal_calm,1,6,1,0.0,0.0,False,False,10.0
main,Untaught IForest (accounts),withdrawal_calm,1,6,0,0.41147251314705746,0.531028271564233,False,False,0.7748598995209728
main,Untaught IForest (accounts),withdrawal_calm,1,6,1,0.4110975781581661,0.5305443970094611,False,False,0.7748598995209728
main,Principle (accounts),withdrawal_calm,1,7,0,0.0,0.0,False,False,10.0
main,Principle (accounts),withdrawal_calm,1,7,1,0.0,0.0,False,False,10.0
main,Untaught IForest (accounts),withdrawal_calm,1,7,0,0.4110975781581661,0.5305443970094611,False,False,0.7748598995209728
main,Untaught IForest (accounts),withdrawal_calm,1,7,1,0.41147251314705746,0.531028271564233,False,False,0.7748598995209728
main,Principle (accounts),withdrawal_calm,1,8,0,0.0,0.0,False,False,10.0
main,Principle (accounts),withdrawal_calm,1,8,1,0.0,0.0,False,False,10.0
main,Untaught IForest (accounts),withdrawal_calm,1,8,0,0.4110975781581661,0.5305443970094611,False,False,0.7748598995209728
main,Untaught IForest (accounts),withdrawal_calm,1,8,1,0.4110975781581661,0.5305443970094611,False,False,0.7748598995209728
main,Principle (accounts),withdrawal_calm,1,9,0,0.0,0.0,False,False,10.0
main,Principle (accounts),withdrawal_calm,1,9,1,0.0,0.0,False,False,10.0
main,Untaught IForest (accounts),withdrawal_calm,1,9,0,0.4110975781581661,0.5305443970094611,False,False,0.7748598995209728
main,Untaught IForest (accounts),withdrawal_calm,1,9,1,0.41147251314705746,0.531028271564233,False,False,0.7748598995209728
main,Principle (accounts),withdrawal_calm,1,10,0,0.0,0.0,False,False,10.0
main,Principle (accounts),withdrawal_calm,1,10,1,0.0,0.0,False,False,10.0
main,Untaught IForest (accounts),withdrawal_calm,1,10,0,0.4110975781581661,0.5305443970094611,False,False,0.7748598995209728
main,Untaught IForest (accounts),withdrawal_calm,1,10,1,0.4110975781581661,0.5305443970094611,False,False,0.7748598995209728
main,Principle (accounts),withdrawal_calm,1,11,0,0.0,0.0,False,False,10.0
main,Principle (accounts),withdrawal_calm,1,11,1,0.0,0.0,False,False,10.0
main,Untaught IForest (accounts),withdrawal_calm,1,11,0,0.4583559856985373,0.5915340127704353,False,False,0.7748598995209728
main,Untaught IForest (accounts),withdrawal_calm,1,11,1,0.41147251314705746,0.531028271564233,False,False,0.7748598995209728
main,Principle (accounts),withdrawal_calm,1,12,0,0.0,0.0,False,False,10.0
main,Principle (accounts),withdrawal_calm,1,12,1,0.0,0.0,False,False,10.0
main,Untaught IForest (accounts),withdrawal_calm,1,12,0,0.44026771850796315,0.5681900931770268,False,False,0.7748598995209728
main,Untaught IForest (accounts),withdrawal_calm,1,12,1,0.43348390872337117,0.5594352075663689,False,False,0.7748598995209728
main,Principle (accounts),withdrawal_calm,1,13,0,0.0,0.0,False,False,10.0
main,Principle (accounts),withdrawal_calm,1,13,1,0.0,0.0,False,False,10.0
main,Untaught IForest (accounts),withdrawal_calm,1,13,0,0.43348390872337117,0.5594352075663689,False,False,0.7748598995209728
main,Untaught IForest (accounts),withdrawal_calm,1,13,1,0.41147251314705746,0.531028271564233,False,False,0.7748598995209728
main,Principle (accounts),withdrawal_calm,1,14,0,0.0,0.0,False,False,10.0
main,Principle (accounts),withdrawal_calm,1,14,1,0.0,0.0,False,False,10.0
main,Untaught IForest (accounts),withdrawal_calm,1,14,0,0.43348390872337117,0.5594352075663689,False,False,0.7748598995209728
main,Untaught IForest (accounts),withdrawal_calm,1,14,1,0.4522040405287423,0.5835945837541728,False,False,0.7748598995209728
main,Principle (accounts),withdrawal_calm,1,15,0,0.0,0.0,False,False,10.0
main,Principle (accounts),withdrawal_calm,1,15,1,0.0,0.0,False,False,10.0
main,Untaught IForest (accounts),withdrawal_calm,1,15,0,0.41147251314705746,0.531028271564233,False,False,0.7748598995209728
main,Untaught IForest (accounts),withdrawal_calm,1,15,1,0.455509529295212,0.5878605017201344,False,False,0.7748598995209728
main,Principle (accounts),withdrawal_calm,1,16,0,0.0,0.0,False,False,10.0
main,Principle (accounts),withdrawal_calm,1,16,1,0.0,0.0,False,False,10.0
main,Untaught IForest (accounts),withdrawal_calm,1,16,0,0.44026771850796315,0.5681900931770268,False,False,0.7748598995209728
main,Untaught IForest (accounts),withdrawal_calm,1,16,1,0.4110975781581661,0.5305443970094611,False,False,0.7748598995209728
main,Principle (accounts),withdrawal_calm,1,17,0,0.0,0.0,False,False,10.0
main,Principle (accounts),withdrawal_calm,1,17,1,0.0,0.0,False,False,10.0
main,Untaught IForest (accounts),withdrawal_calm,1,17,0,0.4110975781581661,0.5305443970094611,False,False,0.7748598995209728
main,Untaught IForest (accounts),withdrawal_calm,1,17,1,0.4110975781581661,0.5305443970094611,False,False,0.7748598995209728
main,Principle (accounts),withdrawal_calm,1,18,0,0.0,0.0,False,False,10.0
main,Principle (accounts),withdrawal_calm,1,18,1,0.0,0.0,False,False,10.0
main,Untaught IForest (accounts),withdrawal_calm,1,18,0,0.4110975781581661,0.5305443970094611,False,False,0.7748598995209728
main,Untaught IForest (accounts),withdrawal_calm,1,18,1,0.41147251314705746,0.531028271564233,False,False,0.7748598995209728
main,Principle (accounts),withdrawal_calm,1,19,0,0.0,0.0,False,False,10.0
main,Principle (accounts),withdrawal_calm,1,19,1,0.0,0.0,False,False,10.0
main,Untaught IForest (accounts),withdrawal_calm,1,19,0,0.4110975781581661,0.5305443970094611,False,False,0.7748598995209728
main,Untaught IForest (accounts),withdrawal_calm,1,19,1,0.41147251314705746,0.531028271564233,False,False,0.7748598995209728
main,Principle (accounts),withdrawal_calm,1,20,0,0.0,0.0,False,False,10.0
main,Principle (accounts),withdrawal_calm,1,20,1,0.0,0.0,False,False,10.0
main,Untaught IForest (accounts),withdrawal_calm,1,20,0,0.43348390872337117,0.5594352075663689,False,False,0.7748598995209728
main,Untaught IForest (accounts),withdrawal_calm,1,20,1,0.41147251314705746,0.531028271564233,False,False,0.7748598995209728
main,Principle (accounts),withdrawal_calm,1,21,0,0.0,0.0,False,False,10.0
main,Principle (accounts),withdrawal_calm,1,21,1,0.0,0.0,False,False,10.0
main,Untaught IForest (accounts),withdrawal_calm,1,21,0,0.4110975781581661,0.5305443970094611,False,False,0.7748598995209728
main,Untaught IForest (accounts),withdrawal_calm,1,21,1,0.41147251314705746,0.531028271564233,False,False,0.7748598995209728
main,Principle (accounts),withdrawal_calm,1,22,0,0.0,0.0,False,False,10.0
main,Principle (accounts),withdrawal_calm,1,22,1,0.0,0.0,False,False,10.0
main,Untaught IForest (accounts),withdrawal_calm,1,22,0,0.41147251314705746,0.531028271564233,False,False,0.7748598995209728
main,Untaught IForest (accounts),withdrawal_calm,1,22,1,0.41147251314705746,0.531028271564233,False,False,0.7748598995209728
main,Principle (accounts),withdrawal_calm,1,23,0,0.0,0.0,False,False,10.0
main,Principle (accounts),withdrawal_calm,1,23,1,0.0,0.0,False,False,10.0
main,Untaught IForest (accounts),withdrawal_calm,1,23,0,0.41147251314705746,0.531028271564233,False,False,0.7748598995209728
main,Untaught IForest (accounts),withdrawal_calm,1,23,1,0.4110975781581661,0.5305443970094611,False,False,0.7748598995209728
main,Principle (accounts),withdrawal_calm,1,24,0,0.0,0.0,False,False,10.0
main,Principle (accounts),withdrawal_calm,1,24,1,0.0,0.0,False,False,10.0
main,Untaught IForest (accounts),withdrawal_calm,1,24,0,0.4110975781581661,0.5305443970094611,False,False,0.7748598995209728
main,Untaught IForest (accounts),withdrawal_calm,1,24,1,0.4110975781581661,0.5305443970094611,False,False,0.7748598995209728
main,Principle (accounts),withdrawal_calm,1,25,0,0.0,0.0,False,False,10.0
main,Principle (accounts),withdrawal_calm,1,25,1,0.0,0.0,False,False,10.0
main,Untaught IForest (accounts),withdrawal_calm,1,25,0,0.41147251314705746,0.531028271564233,False,False,0.7748598995209728
main,Untaught IForest (accounts),withdrawal_calm,1,25,1,0.4110975781581661,0.5305443970094611,False,False,0.7748598995209728
main,Principle (accounts),withdrawal_calm,1,26,0,0.0,0.0,False,False,10.0
main,Principle (accounts),withdrawal_calm,1,26,1,0.0,0.0,False,False,10.0
main,Untaught IForest (accounts),withdrawal_calm,1,26,0,0.41147251314705746,0.531028271564233,False,False,0.7748598995209728
main,Untaught IForest (accounts),withdrawal_calm,1,26,1,0.44026771850796315,0.5681900931770268,False,False,0.7748598995209728
main,Principle (accounts),withdrawal_calm,1,27,0,0.0,0.0,False,False,10.0
main,Principle (accounts),withdrawal_calm,1,27,1,0.0,0.0,False,False,10.0
main,Untaught IForest (accounts),withdrawal_calm,1,27,0,0.4110975781581661,0.5305443970094611,False,False,0.7748598995209728
main,Untaught IForest (accounts),withdrawal_calm,1,27,1,0.41147251314705746,0.531028271564233,False,False,0.7748598995209728
main,Principle (accounts),withdrawal_calm,1,28,0,0.0,0.0,False,False,10.0
main,Principle (accounts),withdrawal_calm,1,28,1,0.0,0.0,False,False,10.0
main,Untaught IForest (accounts),withdrawal_calm,1,28,0,0.4110975781581661,0.5305443970094611,False,False,0.7748598995209728
main,Untaught IForest (accounts),withdrawal_calm,1,28,1,0.41147251314705746,0.531028271564233,False,False,0.7748598995209728
main,Principle (accounts),withdrawal_calm,1,29,0,0.0,0.0,False,False,10.0
main,Principle (accounts),withdrawal_calm,1,29,1,0.0,0.0,False,False,10.0
main,Untaught IForest (accounts),withdrawal_calm,1,29,0,0.41147251314705746,0.531028271564233,False,False,0.7748598995209728
main,Untaught IForest (accounts),withdrawal_calm,1,29,1,0.43348390872337117,0.5594352075663689,False,False,0.7748598995209728
main,Principle (accounts),reversal_calm,2,0,0,3.0,0.3,False,True,10.0
main,Principle (accounts),reversal_calm,2,0,1,3.0,0.3,False,False,10.0
main,Untaught IForest (accounts),reversal_calm,2,0,0,0.6009691355028037,0.775584251907125,False,True,0.7748598995209728
main,Untaught IForest (accounts),reversal_calm,2,0,1,0.6466900774650465,0.8345896824249618,False,False,0.7748598995209728
main,Principle (accounts),reversal_calm,2,1,0,3.0,0.3,False,True,10.0
main,Principle (accounts),reversal_calm,2,1,1,3.0,0.3,False,True,10.0
main,Untaught IForest (accounts),reversal_calm,2,1,0,0.6009691355028037,0.775584251907125,False,True,0.7748598995209728
main,Untaught IForest (accounts),reversal_calm,2,1,1,0.5830145892191579,0.7524129066165176,False,True,0.7748598995209728
main,Principle (accounts),reversal_calm,2,2,0,0.0,0.0,False,True,10.0
main,Principle (accounts),reversal_calm,2,2,1,3.0,0.3,False,True,10.0
main,Untaught IForest (accounts),reversal_calm,2,2,0,0.6005013822136975,0.7749805901491796,False,True,0.7748598995209728
main,Untaught IForest (accounts),reversal_calm,2,2,1,0.5830145892191579,0.7524129066165176,False,True,0.7748598995209728
main,Principle (accounts),reversal_calm,2,3,0,0.0,0.0,False,True,10.0
main,Principle (accounts),reversal_calm,2,3,1,3.0,0.3,False,True,10.0
main,Untaught IForest (accounts),reversal_calm,2,3,0,0.6165226138790039,0.795656884889959,False,True,0.7748598995209728
main,Untaught IForest (accounts),reversal_calm,2,3,1,0.5830145892191579,0.7524129066165176,False,True,0.7748598995209728
main,Principle (accounts),reversal_calm,2,4,0,0.0,0.0,False,True,10.0
main,Principle (accounts),reversal_calm,2,4,1,3.0,0.3,False,True,10.0
main,Untaught IForest (accounts),reversal_calm,2,4,0,0.6005013822136975,0.7749805901491796,False,True,0.7748598995209728
main,Untaught IForest (accounts),reversal_calm,2,4,1,0.5830145892191579,0.7524129066165176,False,True,0.7748598995209728
main,Principle (accounts),reversal_calm,2,5,0,3.0,0.3,False,True,10.0
main,Principle (accounts),reversal_calm,2,5,1,3.0,0.3,False,True,10.0
main,Untaught IForest (accounts),reversal_calm,2,5,0,0.5830145892191579,0.7524129066165176,False,True,0.7748598995209728
main,Untaught IForest (accounts),reversal_calm,2,5,1,0.5830145892191579,0.7524129066165176,False,True,0.7748598995209728
main,Principle (accounts),reversal_calm,2,6,0,3.0,0.3,False,True,10.0
main,Principle (accounts),reversal_calm,2,6,1,0.0,0.0,False,True,10.0
main,Untaught IForest (accounts),reversal_calm,2,6,0,0.5830145892191579,0.7524129066165176,False,True,0.7748598995209728
main,Untaught IForest (accounts),reversal_calm,2,6,1,0.6147316682561781,0.7933455694845123,False,True,0.7748598995209728
main,Principle (accounts),reversal_calm,2,7,0,3.0,0.3,False,True,10.0
main,Principle (accounts),reversal_calm,2,7,1,0.0,0.0,False,True,10.0
main,Untaught IForest (accounts),reversal_calm,2,7,0,0.6009691355028037,0.775584251907125,False,True,0.7748598995209728
main,Untaught IForest (accounts),reversal_calm,2,7,1,0.6147316682561781,0.7933455694845123,False,True,0.7748598995209728
main,Principle (accounts),reversal_calm,2,8,0,3.0,0.3,False,False,10.0
main,Principle (accounts),reversal_calm,2,8,1,3.0,0.3,False,True,10.0
main,Untaught IForest (accounts),reversal_calm,2,8,0,0.6415473536607668,0.827952709976834,False,False,0.7748598995209728
main,Untaught IForest (accounts),reversal_calm,2,8,1,0.6009691355028037,0.775584251907125,False,True,0.7748598995209728
main,Principle (accounts),reversal_calm,2,9,0,3.0,0.3,False,True,10.0
main,Principle (accounts),reversal_calm,2,9,1,0.0,0.0,False,True,10.0
main,Untaught IForest (accounts),reversal_calm,2,9,0,0.6069653581588373,0.7833227123175044,False,True,0.7748598995209728
main,Untaught IForest (accounts),reversal_calm,2,9,1,0.6005013822136975,0.7749805901491796,False,True,0.7748598995209728
main,Principle (accounts),reversal_calm,2,10,0,3.0,0.3,False,True,10.0
main,Principle (accounts),reversal_calm,2,10,1,3.0,0.3,False,True,10.0
main,Untaught IForest (accounts),reversal_calm,2,10,0,0.5830145892191579,0.7524129066165176,False,True,0.7748598995209728
main,Untaught IForest (accounts),reversal_calm,2,10,1,0.6009691355028037,0.775584251907125,False,True,0.7748598995209728
main,Principle (accounts),reversal_calm,2,11,0,3.0,0.3,False,True,10.0
main,Principle (accounts),reversal_calm,2,11,1,0.0,0.0,False,False,10.0
main,Untaught IForest (accounts),reversal_calm,2,11,0,0.5830145892191579,0.7524129066165176,False,True,0.7748598995209728
main,Untaught IForest (accounts),reversal_calm,2,11,1,0.6552922531910608,0.8456912708944803,False,False,0.7748598995209728
main,Principle (accounts),reversal_calm,2,12,0,3.0,0.3,False,True,10.0
main,Principle (accounts),reversal_calm,2,12,1,3.0,0.3,False,True,10.0
main,Untaught IForest (accounts),reversal_calm,2,12,0,0.6069653581588373,0.7833227123175044,False,True,0.7748598995209728
main,Untaught IForest (accounts),reversal_calm,2,12,1,0.5830145892191579,0.7524129066165176,False,True,0.7748598995209728
main,Principle (accounts),reversal_calm,2,13,0,3.0,0.3,False,True,10.0
main,Principle (accounts),reversal_calm,2,13,1,0.0,0.0,False,True,10.0
main,Untaught IForest (accounts),reversal_calm,2,13,0,0.5830145892191579,0.7524129066165176,False,True,0.7748598995209728
main,Untaught IForest (accounts),reversal_calm,2,13,1,0.5915719092029129,0.7634566062440828,False,True,0.7748598995209728
main,Principle (accounts),reversal_calm,2,14,0,3.0,0.3,False,True,10.0
main,Principle (accounts),reversal_calm,2,14,1,3.0,0.3,False,True,10.0
main,Untaught IForest (accounts),reversal_calm,2,14,0,0.6009691355028037,0.775584251907125,False,True,0.7748598995209728
main,Untaught IForest (accounts),reversal_calm,2,14,1,0.6009691355028037,0.775584251907125,False,True,0.7748598995209728
main,Principle (accounts),reversal_calm,2,15,0,3.0,0.3,False,True,10.0
main,Principle (accounts),reversal_calm,2,15,1,3.0,0.3,False,False,10.0
main,Untaught IForest (accounts),reversal_calm,2,15,0,0.6009691355028037,0.775584251907125,False,True,0.7748598995209728
main,Untaught IForest (accounts),reversal_calm,2,15,1,0.6474052561516906,0.8355126604847198,False,False,0.7748598995209728
main,Principle (accounts),reversal_calm,2,16,0,3.0,0.3,False,True,10.0
main,Principle (accounts),reversal_calm,2,16,1,3.0,0.3,False,True,10.0
main,Untaught IForest (accounts),reversal_calm,2,16,0,0.5830145892191579,0.7524129066165176,False,True,0.7748598995209728
main,Untaught IForest (accounts),reversal_calm,2,16,1,0.6009691355028037,0.775584251907125,False,True,0.7748598995209728
main,Principle (accounts),reversal_calm,2,17,0,0.0,0.0,False,True,10.0
main,Principle (accounts),reversal_calm,2,17,1,3.0,0.3,False,True,10.0
main,Untaught IForest (accounts),reversal_calm,2,17,0,0.6161203313234449,0.7951377167722029,False,True,0.7748598995209728
main,Untaught IForest (accounts),reversal_calm,2,17,1,0.6009691355028037,0.775584251907125,False,True,0.7748598995209728
main,Principle (accounts),reversal_calm,2,18,0,3.0,0.3,False,True,10.0
main,Principle (accounts),reversal_calm,2,18,1,3.0,0.3,False,True,10.0
main,Untaught IForest (accounts),reversal_calm,2,18,0,0.6009691355028037,0.775584251907125,False,True,0.7748598995209728
main,Untaught IForest (accounts),reversal_calm,2,18,1,0.5830145892191579,0.7524129066165176,False,True,0.7748598995209728
main,Principle (accounts),reversal_calm,2,19,0,0.0,0.0,False,True,10.0
main,Principle (accounts),reversal_calm,2,19,1,3.0,0.3,False,True,10.0
main,Untaught IForest (accounts),reversal_calm,2,19,0,0.5915719092029129,0.7634566062440828,False,True,0.7748598995209728
main,Untaught IForest (accounts),reversal_calm,2,19,1,0.6009691355028037,0.775584251907125,False,True,0.7748598995209728
main,Principle (accounts),reversal_calm,2,20,0,3.0,0.3,False,True,10.0
main,Principle (accounts),reversal_calm,2,20,1,3.0,0.3,False,True,10.0
main,Untaught IForest (accounts),reversal_calm,2,20,0,0.6009691355028037,0.775584251907125,False,True,0.7748598995209728
main,Untaught IForest (accounts),reversal_calm,2,20,1,0.5830145892191579,0.7524129066165176,False,True,0.7748598995209728
main,Principle (accounts),reversal_calm,2,21,0,3.0,0.3,False,True,10.0
main,Principle (accounts),reversal_calm,2,21,1,3.0,0.3,False,True,10.0
main,Untaught IForest (accounts),reversal_calm,2,21,0,0.6009691355028037,0.775584251907125,False,True,0.7748598995209728
main,Untaught IForest (accounts),reversal_calm,2,21,1,0.5830145892191579,0.7524129066165176,False,True,0.7748598995209728
main,Principle (accounts),reversal_calm,2,22,0,2.0,0.2,False,False,10.0
main,Principle (accounts),reversal_calm,2,22,1,0.0,0.0,False,True,10.0
main,Untaught IForest (accounts),reversal_calm,2,22,0,0.6310122048492023,0.8143565117246372,False,False,0.7748598995209728
main,Untaught IForest (accounts),reversal_calm,2,22,1,0.5915719092029129,0.7634566062440828,False,True,0.7748598995209728
main,Principle (accounts),reversal_calm,2,23,0,3.0,0.3,False,False,10.0
main,Principle (accounts),reversal_calm,2,23,1,3.0,0.3,False,True,10.0
main,Untaught IForest (accounts),reversal_calm,2,23,0,0.6474052561516906,0.8355126604847198,False,False,0.7748598995209728
main,Untaught IForest (accounts),reversal_calm,2,23,1,0.6009691355028037,0.775584251907125,False,True,0.7748598995209728
main,Principle (accounts),reversal_calm,2,24,0,3.0,0.3,False,True,10.0
main,Principle (accounts),reversal_calm,2,24,1,3.0,0.3,False,True,10.0
main,Untaught IForest (accounts),reversal_calm,2,24,0,0.5830145892191579,0.7524129066165176,False,True,0.7748598995209728
main,Untaught IForest (accounts),reversal_calm,2,24,1,0.6009691355028037,0.775584251907125,False,True,0.7748598995209728
main,Principle (accounts),reversal_calm,2,25,0,3.0,0.3,False,False,10.0
main,Principle (accounts),reversal_calm,2,25,1,3.0,0.3,False,True,10.0
main,Untaught IForest (accounts),reversal_calm,2,25,0,0.6466900774650465,0.8345896824249618,False,False,0.7748598995209728
main,Untaught IForest (accounts),reversal_calm,2,25,1,0.6009691355028037,0.775584251907125,False,True,0.7748598995209728
main,Principle (accounts),reversal_calm,2,26,0,3.0,0.3,False,True,10.0
main,Principle (accounts),reversal_calm,2,26,1,3.0,0.3,False,False,10.0
main,Untaught IForest (accounts),reversal_calm,2,26,0,0.5830145892191579,0.7524129066165176,False,True,0.7748598995209728
main,Untaught IForest (accounts),reversal_calm,2,26,1,0.6466900774650465,0.8345896824249618,False,False,0.7748598995209728
main,Principle (accounts),reversal_calm,2,27,0,3.0,0.3,False,True,10.0
main,Principle (accounts),reversal_calm,2,27,1,3.0,0.3,False,True,10.0
main,Untaught IForest (accounts),reversal_calm,2,27,0,0.6009691355028037,0.775584251907125,False,True,0.7748598995209728
main,Untaught IForest (accounts),reversal_calm,2,27,1,0.5830145892191579,0.7524129066165176,False,True,0.7748598995209728
main,Principle (accounts),reversal_calm,2,28,0,0.0,0.0,False,True,10.0
main,Principle (accounts),reversal_calm,2,28,1,3.0,0.3,False,True,10.0
main,Untaught IForest (accounts),reversal_calm,2,28,0,0.5915719092029129,0.7634566062440828,False,True,0.7748598995209728
main,Untaught IForest (accounts),reversal_calm,2,28,1,0.6009691355028037,0.775584251907125,False,True,0.7748598995209728
main,Principle (accounts),reversal_calm,2,29,0,3.0,0.3,False,True,10.0
main,Principle (accounts),reversal_calm,2,29,1,3.0,0.3,False,True,10.0
main,Untaught IForest (accounts),reversal_calm,2,29,0,0.5830145892191579,0.7524129066165176,False,True,0.7748598995209728
main,Untaught IForest (accounts),reversal_calm,2,29,1,0.5830145892191579,0.7524129066165176,False,True,0.7748598995209728
main,Principle (accounts),withdrawal_calm,2,0,0,0.0,0.0,False,False,10.0
main,Principle (accounts),withdrawal_calm,2,0,1,0.0,0.0,False,False,10.0
main,Untaught IForest (accounts),withdrawal_calm,2,0,0,0.5097644378430369,0.6578794930001916,False,False,0.7748598995209728
main,Untaught IForest (accounts),withdrawal_calm,2,0,1,0.4536964301967333,0.585520596016407,False,False,0.7748598995209728
main,Principle (accounts),withdrawal_calm,2,1,0,0.0,0.0,False,False,10.0
main,Principle (accounts),withdrawal_calm,2,1,1,0.0,0.0,False,False,10.0
main,Untaught IForest (accounts),withdrawal_calm,2,1,0,0.4536964301967333,0.585520596016407,False,False,0.7748598995209728
main,Untaught IForest (accounts),withdrawal_calm,2,1,1,0.4910702789625339,0.6337536363233136,False,False,0.7748598995209728
main,Principle (accounts),withdrawal_calm,2,2,0,0.0,0.0,False,False,10.0
main,Principle (accounts),withdrawal_calm,2,2,1,0.0,0.0,False,False,10.0
main,Untaught IForest (accounts),withdrawal_calm,2,2,0,0.4839232448606103,0.6245299894339315,False,False,0.7748598995209728
main,Untaught IForest (accounts),withdrawal_calm,2,2,1,0.4536964301967333,0.585520596016407,False,False,0.7748598995209728
main,Principle (accounts),withdrawal_calm,2,3,0,0.0,0.0,False,False,10.0
main,Principle (accounts),withdrawal_calm,2,3,1,0.0,0.0,False,False,10.0
main,Untaught IForest (accounts),withdrawal_calm,2,3,0,0.4536964301967333,0.585520596016407,False,False,0.7748598995209728
main,Untaught IForest (accounts),withdrawal_calm,2,3,1,0.46807805803948094,0.6040808904020613,False,False,0.7748598995209728
main,Principle (accounts),withdrawal_calm,2,4,0,0.0,0.0,False,False,10.0
main,Principle (accounts),withdrawal_calm,2,4,1,0.0,0.0,False,False,10.0
main,Untaught IForest (accounts),withdrawal_calm,2,4,0,0.46807805803948094,0.6040808904020613,False,False,0.7748598995209728
main,Untaught IForest (accounts),withdrawal_calm,2,4,1,0.46807805803948094,0.6040808904020613,False,False,0.7748598995209728
main,Principle (accounts),withdrawal_calm,2,5,0,0.0,0.0,False,False,10.0
main,Principle (accounts),withdrawal_calm,2,5,1,0.0,0.0,False,False,10.0
main,Untaught IForest (accounts),withdrawal_calm,2,5,0,0.4839232448606103,0.6245299894339315,False,False,0.7748598995209728
main,Untaught IForest (accounts),withdrawal_calm,2,5,1,0.46807805803948094,0.6040808904020613,False,False,0.7748598995209728
main,Principle (accounts),withdrawal_calm,2,6,0,0.0,0.0,False,False,10.0
main,Principle (accounts),withdrawal_calm,2,6,1,0.0,0.0,False,False,10.0
main,Untaught IForest (accounts),withdrawal_calm,2,6,0,0.4536964301967333,0.585520596016407,False,False,0.7748598995209728
main,Untaught IForest (accounts),withdrawal_calm,2,6,1,0.4536964301967333,0.585520596016407,False,False,0.7748598995209728
main,Principle (accounts),withdrawal_calm,2,7,0,0.0,0.0,False,False,10.0
main,Principle (accounts),withdrawal_calm,2,7,1,0.0,0.0,False,False,10.0
main,Untaught IForest (accounts),withdrawal_calm,2,7,0,0.4536964301967333,0.585520596016407,False,False,0.7748598995209728
main,Untaught IForest (accounts),withdrawal_calm,2,7,1,0.48924761220946117,0.631401383026686,False,False,0.7748598995209728
main,Principle (accounts),withdrawal_calm,2,8,0,0.0,0.0,False,False,10.0
main,Principle (accounts),withdrawal_calm,2,8,1,0.0,0.0,False,False,10.0
main,Untaught IForest (accounts),withdrawal_calm,2,8,0,0.4536964301967333,0.585520596016407,False,False,0.7748598995209728
main,Untaught IForest (accounts),withdrawal_calm,2,8,1,0.46807805803948094,0.6040808904020613,False,False,0.7748598995209728
main,Principle (accounts),withdrawal_calm,2,9,0,0.0,0.0,False,False,10.0
main,Principle (accounts),withdrawal_calm,2,9,1,0.0,0.0,False,False,10.0
main,Untaught IForest (accounts),withdrawal_calm,2,9,0,0.46807805803948094,0.6040808904020613,False,False,0.7748598995209728
main,Untaught IForest (accounts),withdrawal_calm,2,9,1,0.46807805803948094,0.6040808904020613,False,False,0.7748598995209728
main,Principle (accounts),withdrawal_calm,2,10,0,0.0,0.0,False,False,10.0
main,Principle (accounts),withdrawal_calm,2,10,1,0.0,0.0,False,False,10.0
main,Untaught IForest (accounts),withdrawal_calm,2,10,0,0.46807805803948094,0.6040808904020613,False,False,0.7748598995209728
main,Untaught IForest (accounts),withdrawal_calm,2,10,1,0.4536964301967333,0.585520596016407,False,False,0.7748598995209728
main,Principle (accounts),withdrawal_calm,2,11,0,0.0,0.0,False,False,10.0
main,Principle (accounts),withdrawal_calm,2,11,1,0.0,0.0,False,False,10.0
main,Untaught IForest (accounts),withdrawal_calm,2,11,0,0.4839232448606103,0.6245299894339315,False,False,0.7748598995209728
main,Untaught IForest (accounts),withdrawal_calm,2,11,1,0.46807805803948094,0.6040808904020613,False,False,0.7748598995209728
main,Principle (accounts),withdrawal_calm,2,12,0,0.0,0.0,False,False,10.0
main,Principle (accounts),withdrawal_calm,2,12,1,0.0,0.0,False,False,10.0
main,Untaught IForest (accounts),withdrawal_calm,2,12,0,0.46807805803948094,0.6040808904020613,False,False,0.7748598995209728
main,Untaught IForest (accounts),withdrawal_calm,2,12,1,0.46807805803948094,0.6040808904020613,False,False,0.7748598995209728
main,Principle (accounts),withdrawal_calm,2,13,0,0.0,0.0,False,False,10.0
main,Principle (accounts),withdrawal_calm,2,13,1,0.0,0.0,False,False,10.0
main,Untaught IForest (accounts),withdrawal_calm,2,13,0,0.46807805803948094,0.6040808904020613,False,False,0.7748598995209728
main,Untaught IForest (accounts),withdrawal_calm,2,13,1,0.4536964301967333,0.585520596016407,False,False,0.7748598995209728
main,Principle (accounts),withdrawal_calm,2,14,0,0.0,0.0,False,False,10.0
main,Principle (accounts),withdrawal_calm,2,14,1,0.0,0.0,False,False,10.0
main,Untaught IForest (accounts),withdrawal_calm,2,14,0,0.4910702789625339,0.6337536363233136,False,False,0.7748598995209728
main,Untaught IForest (accounts),withdrawal_calm,2,14,1,0.46807805803948094,0.6040808904020613,False,False,0.7748598995209728
main,Principle (accounts),withdrawal_calm,2,15,0,0.0,0.0,False,False,10.0
main,Principle (accounts),withdrawal_calm,2,15,1,0.0,0.0,False,False,10.0
main,Untaught IForest (accounts),withdrawal_calm,2,15,0,0.4536964301967333,0.585520596016407,False,False,0.7748598995209728
main,Untaught IForest (accounts),withdrawal_calm,2,15,1,0.46807805803948094,0.6040808904020613,False,False,0.7748598995209728
main,Principle (accounts),withdrawal_calm,2,16,0,0.0,0.0,False,False,10.0
main,Principle (accounts),withdrawal_calm,2,16,1,0.0,0.0,False,False,10.0
main,Untaught IForest (accounts),withdrawal_calm,2,16,0,0.46807805803948094,0.6040808904020613,False,False,0.7748598995209728
main,Untaught IForest (accounts),withdrawal_calm,2,16,1,0.46807805803948094,0.6040808904020613,False,False,0.7748598995209728
main,Principle (accounts),withdrawal_calm,2,17,0,0.0,0.0,False,False,10.0
main,Principle (accounts),withdrawal_calm,2,17,1,0.0,0.0,False,False,10.0
main,Untaught IForest (accounts),withdrawal_calm,2,17,0,0.46807805803948094,0.6040808904020613,False,False,0.7748598995209728
main,Untaught IForest (accounts),withdrawal_calm,2,17,1,0.4536964301967333,0.585520596016407,False,False,0.7748598995209728
main,Principle (accounts),withdrawal_calm,2,18,0,0.0,0.0,False,False,10.0
main,Principle (accounts),withdrawal_calm,2,18,1,0.0,0.0,False,False,10.0
main,Untaught IForest (accounts),withdrawal_calm,2,18,0,0.4839232448606103,0.6245299894339315,False,False,0.7748598995209728
main,Untaught IForest (accounts),withdrawal_calm,2,18,1,0.5097644378430369,0.6578794930001916,False,False,0.7748598995209728
main,Principle (accounts),withdrawal_calm,2,19,0,0.0,0.0,False,False,10.0
main,Principle (accounts),withdrawal_calm,2,19,1,0.0,0.0,False,False,10.0
main,Untaught IForest (accounts),withdrawal_calm,2,19,0,0.46807805803948094,0.6040808904020613,False,False,0.7748598995209728
main,Untaught IForest (accounts),withdrawal_calm,2,19,1,0.4536964301967333,0.585520596016407,False,False,0.7748598995209728
main,Principle (accounts),withdrawal_calm,2,20,0,0.0,0.0,False,False,10.0
main,Principle (accounts),withdrawal_calm,2,20,1,0.0,0.0,False,False,10.0
main,Untaught IForest (accounts),withdrawal_calm,2,20,0,0.46807805803948094,0.6040808904020613,False,False,0.7748598995209728
main,Untaught IForest (accounts),withdrawal_calm,2,20,1,0.4536964301967333,0.585520596016407,False,False,0.7748598995209728
main,Principle (accounts),withdrawal_calm,2,21,0,0.0,0.0,False,False,10.0
main,Principle (accounts),withdrawal_calm,2,21,1,0.0,0.0,False,False,10.0
main,Untaught IForest (accounts),withdrawal_calm,2,21,0,0.4536964301967333,0.585520596016407,False,False,0.7748598995209728
main,Untaught IForest (accounts),withdrawal_calm,2,21,1,0.4536964301967333,0.585520596016407,False,False,0.7748598995209728
main,Principle (accounts),withdrawal_calm,2,22,0,0.0,0.0,False,False,10.0
main,Principle (accounts),withdrawal_calm,2,22,1,0.0,0.0,False,False,10.0
main,Untaught IForest (accounts),withdrawal_calm,2,22,0,0.48924761220946117,0.631401383026686,False,False,0.7748598995209728
main,Untaught IForest (accounts),withdrawal_calm,2,22,1,0.4536964301967333,0.585520596016407,False,False,0.7748598995209728
main,Principle (accounts),withdrawal_calm,2,23,0,0.0,0.0,False,False,10.0
main,Principle (accounts),withdrawal_calm,2,23,1,0.0,0.0,False,False,10.0
main,Untaught IForest (accounts),withdrawal_calm,2,23,0,0.46807805803948094,0.6040808904020613,False,False,0.7748598995209728
main,Untaught IForest (accounts),withdrawal_calm,2,23,1,0.4536964301967333,0.585520596016407,False,False,0.7748598995209728
main,Principle (accounts),withdrawal_calm,2,24,0,0.0,0.0,False,False,10.0
main,Principle (accounts),withdrawal_calm,2,24,1,0.0,0.0,False,False,10.0
main,Untaught IForest (accounts),withdrawal_calm,2,24,0,0.4536964301967333,0.585520596016407,False,False,0.7748598995209728
main,Untaught IForest (accounts),withdrawal_calm,2,24,1,0.46807805803948094,0.6040808904020613,False,False,0.7748598995209728
main,Principle (accounts),withdrawal_calm,2,25,0,0.0,0.0,False,False,10.0
main,Principle (accounts),withdrawal_calm,2,25,1,0.0,0.0,False,False,10.0
main,Untaught IForest (accounts),withdrawal_calm,2,25,0,0.46807805803948094,0.6040808904020613,False,False,0.7748598995209728
main,Untaught IForest (accounts),withdrawal_calm,2,25,1,0.4536964301967333,0.585520596016407,False,False,0.7748598995209728
main,Principle (accounts),withdrawal_calm,2,26,0,0.0,0.0,False,False,10.0
main,Principle (accounts),withdrawal_calm,2,26,1,0.0,0.0,False,False,10.0
main,Untaught IForest (accounts),withdrawal_calm,2,26,0,0.4536964301967333,0.585520596016407,False,False,0.7748598995209728
main,Untaught IForest (accounts),withdrawal_calm,2,26,1,0.46807805803948094,0.6040808904020613,False,False,0.7748598995209728
main,Principle (accounts),withdrawal_calm,2,27,0,0.0,0.0,False,False,10.0
main,Principle (accounts),withdrawal_calm,2,27,1,0.0,0.0,False,False,10.0
main,Untaught IForest (accounts),withdrawal_calm,2,27,0,0.46807805803948094,0.6040808904020613,False,False,0.7748598995209728
main,Untaught IForest (accounts),withdrawal_calm,2,27,1,0.4536964301967333,0.585520596016407,False,False,0.7748598995209728
main,Principle (accounts),withdrawal_calm,2,28,0,0.0,0.0,False,False,10.0
main,Principle (accounts),withdrawal_calm,2,28,1,0.0,0.0,False,False,10.0
main,Untaught IForest (accounts),withdrawal_calm,2,28,0,0.4910702789625339,0.6337536363233136,False,False,0.7748598995209728
main,Untaught IForest (accounts),withdrawal_calm,2,28,1,0.46807805803948094,0.6040808904020613,False,False,0.7748598995209728
main,Principle (accounts),withdrawal_calm,2,29,0,0.0,0.0,False,False,10.0
main,Principle (accounts),withdrawal_calm,2,29,1,0.0,0.0,False,False,10.0
main,Untaught IForest (accounts),withdrawal_calm,2,29,0,0.46807805803948094,0.6040808904020613,False,False,0.7748598995209728
main,Untaught IForest (accounts),withdrawal_calm,2,29,1,0.4536964301967333,0.585520596016407,False,False,0.7748598995209728
main,Principle (accounts),reversal_calm,4,0,0,9.0,0.9,False,True,10.0
main,Principle (accounts),reversal_calm,4,0,1,9.0,0.9,False,True,10.0
main,Untaught IForest (accounts),reversal_calm,4,0,0,0.6510374893928981,0.8402002604540213,False,True,0.7748598995209728
main,Untaught IForest (accounts),reversal_calm,4,0,1,0.6361716459992093,0.821015058841602,False,True,0.7748598995209728
main,Principle (accounts),reversal_calm,4,1,0,9.0,0.9,False,False,10.0
main,Principle (accounts),reversal_calm,4,1,1,0.0,0.0,False,True,10.0
main,Untaught IForest (accounts),reversal_calm,4,1,0,0.6788038889089548,0.8760343506337069,False,False,0.7748598995209728
main,Untaught IForest (accounts),reversal_calm,4,1,1,0.6254807139161905,0.8072178135723242,False,True,0.7748598995209728
main,Principle (accounts),reversal_calm,4,2,0,9.0,0.9,False,True,10.0
main,Principle (accounts),reversal_calm,4,2,1,9.0,0.9,False,True,10.0
main,Untaught IForest (accounts),reversal_calm,4,2,0,0.6361716459992093,0.821015058841602,False,True,0.7748598995209728
main,Untaught IForest (accounts),reversal_calm,4,2,1,0.6510374893928981,0.8402002604540213,False,True,0.7748598995209728
main,Principle (accounts),reversal_calm,4,3,0,9.0,0.9,False,False,10.0
main,Principle (accounts),reversal_calm,4,3,1,2.0,0.2,False,False,10.0
main,Untaught IForest (accounts),reversal_calm,4,3,0,0.688365786210304,0.8883745134260523,False,False,0.7748598995209728
main,Untaught IForest (accounts),reversal_calm,4,3,1,0.6596850261275533,0.8513603898399932,False,False,0.7748598995209728
main,Principle (accounts),reversal_calm,4,4,0,9.0,0.9,False,True,10.0
main,Principle (accounts),reversal_calm,4,4,1,9.0,0.9,False,True,10.0
main,Untaught IForest (accounts),reversal_calm,4,4,0,0.6361716459992093,0.821015058841602,False,True,0.7748598995209728
main,Untaught IForest (accounts),reversal_calm,4,4,1,0.6510374893928981,0.8402002604540213,False,True,0.7748598995209728
main,Principle (accounts),reversal_calm,4,5,0,9.0,0.9,False,True,10.0
main,Principle (accounts),reversal_calm,4,5,1,9.0,0.9,False,True,10.0
main,Untaught IForest (accounts),reversal_calm,4,5,0,0.6510374893928981,0.8402002604540213,False,True,0.7748598995209728
main,Untaught IForest (accounts),reversal_calm,4,5,1,0.6510374893928981,0.8402002604540213,False,True,0.7748598995209728
main,Principle (accounts),reversal_calm,4,6,0,9.0,0.9,False,True,10.0
main,Principle (accounts),reversal_calm,4,6,1,9.0,0.9,False,True,10.0
main,Untaught IForest (accounts),reversal_calm,4,6,0,0.6361716459992093,0.821015058841602,False,True,0.7748598995209728
main,Untaught IForest (accounts),reversal_calm,4,6,1,0.6510374893928981,0.8402002604540213,False,True,0.7748598995209728
main,Principle (accounts),reversal_calm,4,7,0,9.0,0.9,False,False,10.0
main,Principle (accounts),reversal_calm,4,7,1,9.0,0.9,False,True,10.0
main,Untaught IForest (accounts),reversal_calm,4,7,0,0.688365786210304,0.8883745134260523,False,False,0.7748598995209728
main,Untaught IForest (accounts),reversal_calm,4,7,1,0.6510374893928981,0.8402002604540213,False,True,0.7748598995209728
main,Principle (accounts),reversal_calm,4,8,0,1.0,0.1,False,False,10.0
main,Principle (accounts),reversal_calm,4,8,1,9.0,0.9,False,True,10.0
main,Untaught IForest (accounts),reversal_calm,4,8,0,0.6592909954079947,0.8508518711777134,False,False,0.7748598995209728
main,Untaught IForest (accounts),reversal_calm,4,8,1,0.6361716459992093,0.821015058841602,False,True,0.7748598995209728
main,Principle (accounts),reversal_calm,4,9,0,0.0,0.0,False,True,10.0
main,Principle (accounts),reversal_calm,4,9,1,0.0,0.0,False,False,10.0
main,Untaught IForest (accounts),reversal_calm,4,9,0,0.656262036444614,0.8469428303753009,False,True,0.7748598995209728
main,Untaught IForest (accounts),reversal_calm,4,9,1,0.6954222248963037,0.8974812418686547,False,False,0.7748598995209728
main,Principle (accounts),reversal_calm,4,10,0,9.0,0.9,False,False,10.0
main,Principle (accounts),reversal_calm,4,10,1,9.0,0.9,False,True,10.0
main,Untaught IForest (accounts),reversal_calm,4,10,0,0.688365786210304,0.8883745134260523,False,False,0.7748598995209728
main,Untaught IForest (accounts),reversal_calm,4,10,1,0.6510374893928981,0.8402002604540213,False,True,0.7748598995209728
main,Principle (accounts),reversal_calm,4,11,0,9.0,0.9,False,True,10.0
main,Principle (accounts),reversal_calm,4,11,1,9.0,0.9,False,True,10.0
main,Untaught IForest (accounts),reversal_calm,4,11,0,0.6361716459992093,0.821015058841602,False,True,0.7748598995209728
main,Untaught IForest (accounts),reversal_calm,4,11,1,0.6361716459992093,0.821015058841602,False,True,0.7748598995209728
main,Principle (accounts),reversal_calm,4,12,0,2.0,0.2,False,False,10.0
main,Principle (accounts),reversal_calm,4,12,1,0.0,0.0,False,True,10.0
main,Untaught IForest (accounts),reversal_calm,4,12,0,0.6596850261275533,0.8513603898399932,False,False,0.7748598995209728
main,Untaught IForest (accounts),reversal_calm,4,12,1,0.6254807139161905,0.8072178135723242,False,True,0.7748598995209728
main,Principle (accounts),reversal_calm,4,13,0,9.0,0.9,False,True,10.0
main,Principle (accounts),reversal_calm,4,13,1,9.0,0.9,False,True,10.0
main,Untaught IForest (accounts),reversal_calm,4,13,0,0.6361716459992093,0.821015058841602,False,True,0.7748598995209728
main,Untaught IForest (accounts),reversal_calm,4,13,1,0.6361716459992093,0.821015058841602,False,True,0.7748598995209728
main,Principle (accounts),reversal_calm,4,14,0,9.0,0.9,False,False,10.0
main,Principle (accounts),reversal_calm,4,14,1,9.0,0.9,False,True,10.0
main,Untaught IForest (accounts),reversal_calm,4,14,0,0.6780099476746827,0.8750097251049334,False,False,0.7748598995209728
main,Untaught IForest (accounts),reversal_calm,4,14,1,0.6361716459992093,0.821015058841602,False,True,0.7748598995209728
main,Principle (accounts),reversal_calm,4,15,0,9.0,0.9,False,True,10.0
main,Principle (accounts),reversal_calm,4,15,1,9.0,0.9,False,True,10.0
main,Untaught IForest (accounts),reversal_calm,4,15,0,0.6510374893928981,0.8402002604540213,False,True,0.7748598995209728
main,Untaught IForest (accounts),reversal_calm,4,15,1,0.6361716459992093,0.821015058841602,False,True,0.7748598995209728
main,Principle (accounts),reversal_calm,4,16,0,9.0,0.9,False,True,10.0
main,Principle (accounts),reversal_calm,4,16,1,9.0,0.9,False,False,10.0
main,Untaught IForest (accounts),reversal_calm,4,16,0,0.6510374893928981,0.8402002604540213,False,True,0.7748598995209728
main,Untaught IForest (accounts),reversal_calm,4,16,1,0.6788038889089548,0.8760343506337069,False,False,0.7748598995209728
main,Principle (accounts),reversal_calm,4,17,0,9.0,0.9,False,False,10.0
main,Principle (accounts),reversal_calm,4,17,1,9.0,0.9,False,True,10.0
main,Untaught IForest (accounts),reversal_calm,4,17,0,0.6826900776034485,0.8810496943066679,False,False,0.7748598995209728
main,Untaught IForest (accounts),reversal_calm,4,17,1,0.6510374893928981,0.8402002604540213,False,True,0.7748598995209728
main,Principle (accounts),reversal_calm,4,18,0,9.0,0.9,False,True,10.0
main,Principle (accounts),reversal_calm,4,18,1,9.0,0.9,False,True,10.0
main,Untaught IForest (accounts),reversal_calm,4,18,0,0.6361716459992093,0.821015058841602,False,True,0.7748598995209728
main,Untaught IForest (accounts),reversal_calm,4,18,1,0.6361716459992093,0.821015058841602,False,True,0.7748598995209728
main,Principle (accounts),reversal_calm,4,19,0,9.0,0.9,False,True,10.0
main,Principle (accounts),reversal_calm,4,19,1,9.0,0.9,False,True,10.0
main,Untaught IForest (accounts),reversal_calm,4,19,0,0.6510374893928981,0.8402002604540213,False,True,0.7748598995209728
main,Untaught IForest (accounts),reversal_calm,4,19,1,0.6510374893928981,0.8402002604540213,False,True,0.7748598995209728
main,Principle (accounts),reversal_calm,4,20,0,9.0,0.9,False,True,10.0
main,Principle (accounts),reversal_calm,4,20,1,9.0,0.9,False,True,10.0
main,Untaught IForest (accounts),reversal_calm,4,20,0,0.6510374893928981,0.8402002604540213,False,True,0.7748598995209728
main,Untaught IForest (accounts),reversal_calm,4,20,1,0.6510374893928981,0.8402002604540213,False,True,0.7748598995209728
main,Principle (accounts),reversal_calm,4,21,0,9.0,0.9,False,False,10.0
main,Principle (accounts),reversal_calm,4,21,1,9.0,0.9,False,True,10.0
main,Untaught IForest (accounts),reversal_calm,4,21,0,0.688365786210304,0.8883745134260523,False,False,0.7748598995209728
main,Untaught IForest (accounts),reversal_calm,4,21,1,0.6510374893928981,0.8402002604540213,False,True,0.7748598995209728
main,Principle (accounts),reversal_calm,4,22,0,0.0,0.0,False,True,10.0
main,Principle (accounts),reversal_calm,4,22,1,9.0,0.9,False,True,10.0
main,Untaught IForest (accounts),reversal_calm,4,22,0,0.6570684624128227,0.8479835681508746,False,True,0.7748598995209728
main,Untaught IForest (accounts),reversal_calm,4,22,1,0.6361716459992093,0.821015058841602,False,True,0.7748598995209728
main,Principle (accounts),reversal_calm,4,23,0,9.0,0.9,False,True,10.0
main,Principle (accounts),reversal_calm,4,23,1,9.0,0.9,False,True,10.0
main,Untaught IForest (accounts),reversal_calm,4,23,0,0.6510374893928981,0.8402002604540213,False,True,0.7748598995209728
main,Untaught IForest (accounts),reversal_calm,4,23,1,0.6510374893928981,0.8402002604540213,False,True,0.7748598995209728
main,Principle (accounts),reversal_calm,4,24,0,9.0,0.9,False,True,10.0
main,Principle (accounts),reversal_calm,4,24,1,9.0,0.9,False,True,10.0
main,Untaught IForest (accounts),reversal_calm,4,24,0,0.6361716459992093,0.821015058841602,False,True,0.7748598995209728
main,Untaught IForest (accounts),reversal_calm,4,24,1,0.6361716459992093,0.821015058841602,False,True,0.7748598995209728
main,Principle (accounts),reversal_calm,4,25,0,9.0,0.9,False,False,10.0
main,Principle (accounts),reversal_calm,4,25,1,9.0,0.9,False,True,10.0
main,Untaught IForest (accounts),reversal_calm,4,25,0,0.688365786210304,0.8883745134260523,False,False,0.7748598995209728
main,Untaught IForest (accounts),reversal_calm,4,25,1,0.6361716459992093,0.821015058841602,False,True,0.7748598995209728
main,Principle (accounts),reversal_calm,4,26,0,9.0,0.9,False,True,10.0
main,Principle (accounts),reversal_calm,4,26,1,9.0,0.9,False,True,10.0
main,Untaught IForest (accounts),reversal_calm,4,26,0,0.6361716459992093,0.821015058841602,False,True,0.7748598995209728
main,Untaught IForest (accounts),reversal_calm,4,26,1,0.6510374893928981,0.8402002604540213,False,True,0.7748598995209728
main,Principle (accounts),reversal_calm,4,27,0,9.0,0.9,False,False,10.0
main,Principle (accounts),reversal_calm,4,27,1,9.0,0.9,False,True,10.0
main,Untaught IForest (accounts),reversal_calm,4,27,0,0.6826900776034485,0.8810496943066679,False,False,0.7748598995209728
main,Untaught IForest (accounts),reversal_calm,4,27,1,0.6510374893928981,0.8402002604540213,False,True,0.7748598995209728
main,Principle (accounts),reversal_calm,4,28,0,9.0,0.9,False,True,10.0
main,Principle (accounts),reversal_calm,4,28,1,9.0,0.9,False,False,10.0
main,Untaught IForest (accounts),reversal_calm,4,28,0,0.6361716459992093,0.821015058841602,False,True,0.7748598995209728
main,Untaught IForest (accounts),reversal_calm,4,28,1,0.688365786210304,0.8883745134260523,False,False,0.7748598995209728
main,Principle (accounts),reversal_calm,4,29,0,9.0,0.9,False,True,10.0
main,Principle (accounts),reversal_calm,4,29,1,9.0,0.9,False,True,10.0
main,Untaught IForest (accounts),reversal_calm,4,29,0,0.6361716459992093,0.821015058841602,False,True,0.7748598995209728
main,Untaught IForest (accounts),reversal_calm,4,29,1,0.6361716459992093,0.821015058841602,False,True,0.7748598995209728
main,Principle (accounts),withdrawal_calm,4,0,0,0.0,0.0,False,False,10.0
main,Principle (accounts),withdrawal_calm,4,0,1,0.0,0.0,False,False,10.0
main,Untaught IForest (accounts),withdrawal_calm,4,0,0,0.549888971079657,0.7096624453267031,False,False,0.7748598995209728
main,Untaught IForest (accounts),withdrawal_calm,4,0,1,0.559213764256344,0.7216966119966413,False,False,0.7748598995209728
main,Principle (accounts),withdrawal_calm,4,1,0,0.0,0.0,False,False,10.0
main,Principle (accounts),withdrawal_calm,4,1,1,0.0,0.0,False,False,10.0
main,Untaught IForest (accounts),withdrawal_calm,4,1,0,0.5817103242591164,0.7507296798024216,False,False,0.7748598995209728
main,Untaught IForest (accounts),withdrawal_calm,4,1,1,0.549888971079657,0.7096624453267031,False,False,0.7748598995209728
main,Principle (accounts),withdrawal_calm,4,2,0,0.0,0.0,False,False,10.0
main,Principle (accounts),withdrawal_calm,4,2,1,0.0,0.0,False,False,10.0
main,Untaught IForest (accounts),withdrawal_calm,4,2,0,0.549888971079657,0.7096624453267031,False,False,0.7748598995209728
main,Untaught IForest (accounts),withdrawal_calm,4,2,1,0.5583470503773157,0.7205780693032279,False,False,0.7748598995209728
main,Principle (accounts),withdrawal_calm,4,3,0,0.0,0.0,False,False,10.0
main,Principle (accounts),withdrawal_calm,4,3,1,0.0,0.0,False,False,10.0
main,Untaught IForest (accounts),withdrawal_calm,4,3,0,0.549888971079657,0.7096624453267031,False,False,0.7748598995209728
main,Untaught IForest (accounts),withdrawal_calm,4,3,1,0.5583470503773157,0.7205780693032279,False,False,0.7748598995209728
main,Principle (accounts),withdrawal_calm,4,4,0,0.0,0.0,False,False,10.0
main,Principle (accounts),withdrawal_calm,4,4,1,0.0,0.0,False,False,10.0
main,Untaught IForest (accounts),withdrawal_calm,4,4,0,0.549888971079657,0.7096624453267031,False,False,0.7748598995209728
main,Untaught IForest (accounts),withdrawal_calm,4,4,1,0.549888971079657,0.7096624453267031,False,False,0.7748598995209728
main,Principle (accounts),withdrawal_calm,4,5,0,0.0,0.0,False,False,10.0
main,Principle (accounts),withdrawal_calm,4,5,1,0.0,0.0,False,False,10.0
main,Untaught IForest (accounts),withdrawal_calm,4,5,0,0.5583470503773157,0.7205780693032279,False,False,0.7748598995209728
main,Untaught IForest (accounts),withdrawal_calm,4,5,1,0.549888971079657,0.7096624453267031,False,False,0.7748598995209728
main,Principle (accounts),withdrawal_calm,4,6,0,0.0,0.0,False,False,10.0
main,Principle (accounts),withdrawal_calm,4,6,1,0.0,0.0,False,False,10.0
main,Untaught IForest (accounts),withdrawal_calm,4,6,0,0.549888971079657,0.7096624453267031,False,False,0.7748598995209728
main,Untaught IForest (accounts),withdrawal_calm,4,6,1,0.549888971079657,0.7096624453267031,False,False,0.7748598995209728
main,Principle (accounts),withdrawal_calm,4,7,0,0.0,0.0,False,False,10.0
main,Principle (accounts),withdrawal_calm,4,7,1,0.0,0.0,False,False,10.0
main,Untaught IForest (accounts),withdrawal_calm,4,7,0,0.549888971079657,0.7096624453267031,False,False,0.7748598995209728
main,Untaught IForest (accounts),withdrawal_calm,4,7,1,0.549888971079657,0.7096624453267031,False,False,0.7748598995209728
main,Principle (accounts),withdrawal_calm,4,8,0,0.0,0.0,False,False,10.0
main,Principle (accounts),withdrawal_calm,4,8,1,0.0,0.0,False,False,10.0
main,Untaught IForest (accounts),withdrawal_calm,4,8,0,0.5583470503773157,0.7205780693032279,False,False,0.7748598995209728
main,Untaught IForest (accounts),withdrawal_calm,4,8,1,0.5583470503773157,0.7205780693032279,False,False,0.7748598995209728
main,Principle (accounts),withdrawal_calm,4,9,0,0.0,0.0,False,False,10.0
main,Principle (accounts),withdrawal_calm,4,9,1,0.0,0.0,False,False,10.0
main,Untaught IForest (accounts),withdrawal_calm,4,9,0,0.5583470503773157,0.7205780693032279,False,False,0.7748598995209728
main,Untaught IForest (accounts),withdrawal_calm,4,9,1,0.549888971079657,0.7096624453267031,False,False,0.7748598995209728
main,Principle (accounts),withdrawal_calm,4,10,0,0.0,0.0,False,False,10.0
main,Principle (accounts),withdrawal_calm,4,10,1,0.0,0.0,False,False,10.0
main,Untaught IForest (accounts),withdrawal_calm,4,10,0,0.5583470503773157,0.7205780693032279,False,False,0.7748598995209728
main,Untaught IForest (accounts),withdrawal_calm,4,10,1,0.5583470503773157,0.7205780693032279,False,False,0.7748598995209728
main,Principle (accounts),withdrawal_calm,4,11,0,0.0,0.0,False,False,10.0
main,Principle (accounts),withdrawal_calm,4,11,1,0.0,0.0,False,False,10.0
main,Untaught IForest (accounts),withdrawal_calm,4,11,0,0.5583470503773157,0.7205780693032279,False,False,0.7748598995209728
main,Untaught IForest (accounts),withdrawal_calm,4,11,1,0.549888971079657,0.7096624453267031,False,False,0.7748598995209728
main,Principle (accounts),withdrawal_calm,4,12,0,0.0,0.0,False,False,10.0
main,Principle (accounts),withdrawal_calm,4,12,1,0.0,0.0,False,False,10.0
main,Untaught IForest (accounts),withdrawal_calm,4,12,0,0.5583470503773157,0.7205780693032279,False,False,0.7748598995209728
main,Untaught IForest (accounts),withdrawal_calm,4,12,1,0.5866624230624843,0.7571206400346252,False,False,0.7748598995209728
main,Principle (accounts),withdrawal_calm,4,13,0,0.0,0.0,False,False,10.0
main,Principle (accounts),withdrawal_calm,4,13,1,0.0,0.0,False,False,10.0
main,Untaught IForest (accounts),withdrawal_calm,4,13,0,0.549888971079657,0.7096624453267031,False,False,0.7748598995209728
main,Untaught IForest (accounts),withdrawal_calm,4,13,1,0.5583470503773157,0.7205780693032279,False,False,0.7748598995209728
main,Principle (accounts),withdrawal_calm,4,14,0,0.0,0.0,False,False,10.0
main,Principle (accounts),withdrawal_calm,4,14,1,0.0,0.0,False,False,10.0
main,Untaught IForest (accounts),withdrawal_calm,4,14,0,0.5583470503773157,0.7205780693032279,False,False,0.7748598995209728
main,Untaught IForest (accounts),withdrawal_calm,4,14,1,0.5583470503773157,0.7205780693032279,False,False,0.7748598995209728
main,Principle (accounts),withdrawal_calm,4,15,0,0.0,0.0,False,False,10.0
main,Principle (accounts),withdrawal_calm,4,15,1,0.0,0.0,False,False,10.0
main,Untaught IForest (accounts),withdrawal_calm,4,15,0,0.5583470503773157,0.7205780693032279,False,False,0.7748598995209728
main,Untaught IForest (accounts),withdrawal_calm,4,15,1,0.549888971079657,0.7096624453267031,False,False,0.7748598995209728
main,Principle (accounts),withdrawal_calm,4,16,0,0.0,0.0,False,False,10.0
main,Principle (accounts),withdrawal_calm,4,16,1,0.0,0.0,False,False,10.0
main,Untaught IForest (accounts),withdrawal_calm,4,16,0,0.5583470503773157,0.7205780693032279,False,False,0.7748598995209728
main,Untaught IForest (accounts),withdrawal_calm,4,16,1,0.5583470503773157,0.7205780693032279,False,False,0.7748598995209728
main,Principle (accounts),withdrawal_calm,4,17,0,0.0,0.0,False,False,10.0
main,Principle (accounts),withdrawal_calm,4,17,1,0.0,0.0,False,False,10.0
main,Untaught IForest (accounts),withdrawal_calm,4,17,0,0.5583470503773157,0.7205780693032279,False,False,0.7748598995209728
main,Untaught IForest (accounts),withdrawal_calm,4,17,1,0.5583470503773157,0.7205780693032279,False,False,0.7748598995209728
main,Principle (accounts),withdrawal_calm,4,18,0,0.0,0.0,False,False,10.0
main,Principle (accounts),withdrawal_calm,4,18,1,0.0,0.0,False,False,10.0
main,Untaught IForest (accounts),withdrawal_calm,4,18,0,0.5583470503773157,0.7205780693032279,False,False,0.7748598995209728
main,Untaught IForest (accounts),withdrawal_calm,4,18,1,0.549888971079657,0.7096624453267031,False,False,0.7748598995209728
main,Principle (accounts),withdrawal_calm,4,19,0,0.0,0.0,False,False,10.0
main,Principle (accounts),withdrawal_calm,4,19,1,0.0,0.0,False,False,10.0
main,Untaught IForest (accounts),withdrawal_calm,4,19,0,0.5583470503773157,0.7205780693032279,False,False,0.7748598995209728
main,Untaught IForest (accounts),withdrawal_calm,4,19,1,0.5583470503773157,0.7205780693032279,False,False,0.7748598995209728
main,Principle (accounts),withdrawal_calm,4,20,0,0.0,0.0,False,False,10.0
main,Principle (accounts),withdrawal_calm,4,20,1,0.0,0.0,False,False,10.0
main,Untaught IForest (accounts),withdrawal_calm,4,20,0,0.559213764256344,0.7216966119966413,False,False,0.7748598995209728
main,Untaught IForest (accounts),withdrawal_calm,4,20,1,0.5866624230624843,0.7571206400346252,False,False,0.7748598995209728
main,Principle (accounts),withdrawal_calm,4,21,0,0.0,0.0,False,False,10.0
main,Principle (accounts),withdrawal_calm,4,21,1,0.0,0.0,False,False,10.0
main,Untaught IForest (accounts),withdrawal_calm,4,21,0,0.5583470503773157,0.7205780693032279,False,False,0.7748598995209728
main,Untaught IForest (accounts),withdrawal_calm,4,21,1,0.5583470503773157,0.7205780693032279,False,False,0.7748598995209728
main,Principle (accounts),withdrawal_calm,4,22,0,0.0,0.0,False,False,10.0
main,Principle (accounts),withdrawal_calm,4,22,1,0.0,0.0,False,False,10.0
main,Untaught IForest (accounts),withdrawal_calm,4,22,0,0.549888971079657,0.7096624453267031,False,False,0.7748598995209728
main,Untaught IForest (accounts),withdrawal_calm,4,22,1,0.5583470503773157,0.7205780693032279,False,False,0.7748598995209728
main,Principle (accounts),withdrawal_calm,4,23,0,0.0,0.0,False,False,10.0
main,Principle (accounts),withdrawal_calm,4,23,1,0.0,0.0,False,False,10.0
main,Untaught IForest (accounts),withdrawal_calm,4,23,0,0.5534915464792588,0.7143117701941133,False,False,0.7748598995209728
main,Untaught IForest (accounts),withdrawal_calm,4,23,1,0.5583470503773157,0.7205780693032279,False,False,0.7748598995209728
main,Principle (accounts),withdrawal_calm,4,24,0,0.0,0.0,False,False,10.0
main,Principle (accounts),withdrawal_calm,4,24,1,0.0,0.0,False,False,10.0
main,Untaught IForest (accounts),withdrawal_calm,4,24,0,0.5583470503773157,0.7205780693032279,False,False,0.7748598995209728
main,Untaught IForest (accounts),withdrawal_calm,4,24,1,0.5534915464792588,0.7143117701941133,False,False,0.7748598995209728
main,Principle (accounts),withdrawal_calm,4,25,0,0.0,0.0,False,False,10.0
main,Principle (accounts),withdrawal_calm,4,25,1,0.0,0.0,False,False,10.0
main,Untaught IForest (accounts),withdrawal_calm,4,25,0,0.5764451152682752,0.7439346333764855,False,False,0.7748598995209728
main,Untaught IForest (accounts),withdrawal_calm,4,25,1,0.5583470503773157,0.7205780693032279,False,False,0.7748598995209728
main,Principle (accounts),withdrawal_calm,4,26,0,0.0,0.0,False,False,10.0
main,Principle (accounts),withdrawal_calm,4,26,1,0.0,0.0,False,False,10.0
main,Untaught IForest (accounts),withdrawal_calm,4,26,0,0.5743722331630063,0.7412594631856544,False,False,0.7748598995209728
main,Untaught IForest (accounts),withdrawal_calm,4,26,1,0.549888971079657,0.7096624453267031,False,False,0.7748598995209728
main,Principle (accounts),withdrawal_calm,4,27,0,0.0,0.0,False,False,10.0
main,Principle (accounts),withdrawal_calm,4,27,1,0.0,0.0,False,False,10.0
main,Untaught IForest (accounts),withdrawal_calm,4,27,0,0.5951938360562297,0.7681309052438838,False,False,0.7748598995209728
main,Untaught IForest (accounts),withdrawal_calm,4,27,1,0.5583470503773157,0.7205780693032279,False,False,0.7748598995209728
main,Principle (accounts),withdrawal_calm,4,28,0,0.0,0.0,False,False,10.0
main,Principle (accounts),withdrawal_calm,4,28,1,0.0,0.0,False,False,10.0
main,Untaught IForest (accounts),withdrawal_calm,4,28,0,0.5583470503773157,0.7205780693032279,False,False,0.7748598995209728
main,Untaught IForest (accounts),withdrawal_calm,4,28,1,0.5583470503773157,0.7205780693032279,False,False,0.7748598995209728
main,Principle (accounts),withdrawal_calm,4,29,0,0.0,0.0,False,False,10.0
main,Principle (accounts),withdrawal_calm,4,29,1,0.0,0.0,False,False,10.0
main,Untaught IForest (accounts),withdrawal_calm,4,29,0,0.549888971079657,0.7096624453267031,False,False,0.7748598995209728
main,Untaught IForest (accounts),withdrawal_calm,4,29,1,0.559213764256344,0.7216966119966413,False,False,0.7748598995209728
main,Principle (accounts),reversal_calm,8,0,0,21.0,2.1,True,True,10.0
main,Principle (accounts),reversal_calm,8,0,1,21.0,2.1,True,True,10.0
main,Untaught IForest (accounts),reversal_calm,8,0,0,0.6695009573300692,0.8640283975773715,False,True,0.7748598995209728
main,Untaught IForest (accounts),reversal_calm,8,0,1,0.6524593788327528,0.8420352882322477,False,True,0.7748598995209728
main,Principle (accounts),reversal_calm,8,1,0,21.0,2.1,True,True,10.0
main,Principle (accounts),reversal_calm,8,1,1,0.0,0.0,False,True,10.0
main,Untaught IForest (accounts),reversal_calm,8,1,0,0.6524593788327528,0.8420352882322477,False,True,0.7748598995209728
main,Untaught IForest (accounts),reversal_calm,8,1,1,0.6506762466163478,0.8397340564644051,False,True,0.7748598995209728
main,Principle (accounts),reversal_calm,8,2,0,21.0,2.1,True,True,10.0
main,Principle (accounts),reversal_calm,8,2,1,21.0,2.1,True,True,10.0
main,Untaught IForest (accounts),reversal_calm,8,2,0,0.6524593788327528,0.8420352882322477,False,True,0.7748598995209728
main,Untaught IForest (accounts),reversal_calm,8,2,1,0.6524593788327528,0.8420352882322477,False,True,0.7748598995209728
main,Principle (accounts),reversal_calm,8,3,0,21.0,2.1,True,True,10.0
main,Principle (accounts),reversal_calm,8,3,1,21.0,2.1,True,True,10.0
main,Untaught IForest (accounts),reversal_calm,8,3,0,0.6695009573300692,0.8640283975773715,False,True,0.7748598995209728
main,Untaught IForest (accounts),reversal_calm,8,3,1,0.6524593788327528,0.8420352882322477,False,True,0.7748598995209728
main,Principle (accounts),reversal_calm,8,4,0,21.0,2.1,True,True,10.0
main,Principle (accounts),reversal_calm,8,4,1,0.0,0.0,False,True,10.0
main,Untaught IForest (accounts),reversal_calm,8,4,0,0.6695009573300692,0.8640283975773715,False,True,0.7748598995209728
main,Untaught IForest (accounts),reversal_calm,8,4,1,0.687802560045311,0.8876476385866896,False,True,0.7748598995209728
main,Principle (accounts),reversal_calm,8,5,0,21.0,2.1,True,True,10.0
main,Principle (accounts),reversal_calm,8,5,1,21.0,2.1,True,True,10.0
main,Untaught IForest (accounts),reversal_calm,8,5,0,0.6695009573300692,0.8640283975773715,False,True,0.7748598995209728
main,Untaught IForest (accounts),reversal_calm,8,5,1,0.6524593788327528,0.8420352882322477,False,True,0.7748598995209728
main,Principle (accounts),reversal_calm,8,6,0,21.0,2.1,True,True,10.0
main,Principle (accounts),reversal_calm,8,6,1,21.0,2.1,True,True,10.0
main,Untaught IForest (accounts),reversal_calm,8,6,0,0.6695009573300692,0.8640283975773715,False,True,0.7748598995209728
main,Untaught IForest (accounts),reversal_calm,8,6,1,0.6695009573300692,0.8640283975773715,False,True,0.7748598995209728
main,Principle (accounts),reversal_calm,8,7,0,21.0,2.1,True,True,10.0
main,Principle (accounts),reversal_calm,8,7,1,21.0,2.1,True,True,10.0
main,Untaught IForest (accounts),reversal_calm,8,7,0,0.6765288083145237,0.8730982319936307,False,True,0.7748598995209728
main,Untaught IForest (accounts),reversal_calm,8,7,1,0.6695009573300692,0.8640283975773715,False,True,0.7748598995209728
main,Principle (accounts),reversal_calm,8,8,0,21.0,2.1,True,True,10.0
main,Principle (accounts),reversal_calm,8,8,1,0.0,0.0,False,True,10.0
main,Untaught IForest (accounts),reversal_calm,8,8,0,0.6695009573300692,0.8640283975773715,False,True,0.7748598995209728
main,Untaught IForest (accounts),reversal_calm,8,8,1,0.6915720197051821,0.8925123369175767,False,True,0.7748598995209728
main,Principle (accounts),reversal_calm,8,9,0,21.0,2.1,True,True,10.0
main,Principle (accounts),reversal_calm,8,9,1,21.0,2.1,True,True,10.0
main,Untaught IForest (accounts),reversal_calm,8,9,0,0.6695009573300692,0.8640283975773715,False,True,0.7748598995209728
main,Untaught IForest (accounts),reversal_calm,8,9,1,0.6695009573300692,0.8640283975773715,False,True,0.7748598995209728
main,Principle (accounts),reversal_calm,8,10,0,21.0,2.1,True,True,10.0
main,Principle (accounts),reversal_calm,8,10,1,21.0,2.1,True,False,10.0
main,Untaught IForest (accounts),reversal_calm,8,10,0,0.6524593788327528,0.8420352882322477,False,True,0.7748598995209728
main,Untaught IForest (accounts),reversal_calm,8,10,1,0.6893909206420102,0.8896975066953388,False,False,0.7748598995209728
main,Principle (accounts),reversal_calm,8,11,0,21.0,2.1,True,True,10.0
main,Principle (accounts),reversal_calm,8,11,1,0.0,0.0,False,True,10.0
main,Untaught IForest (accounts),reversal_calm,8,11,0,0.6524593788327528,0.8420352882322477,False,True,0.7748598995209728
main,Untaught IForest (accounts),reversal_calm,8,11,1,0.6920246813618776,0.8930965220805659,False,True,0.7748598995209728
main,Principle (accounts),reversal_calm,8,12,0,21.0,2.1,True,True,10.0
main,Principle (accounts),reversal_calm,8,12,1,21.0,2.1,True,True,10.0
main,Untaught IForest (accounts),reversal_calm,8,12,0,0.6695009573300692,0.8640283975773715,False,True,0.7748598995209728
main,Untaught IForest (accounts),reversal_calm,8,12,1,0.6695009573300692,0.8640283975773715,False,True,0.7748598995209728
main,Principle (accounts),reversal_calm,8,13,0,21.0,2.1,True,True,10.0
main,Principle (accounts),reversal_calm,8,13,1,21.0,2.1,True,False,10.0
main,Untaught IForest (accounts),reversal_calm,8,13,0,0.6695009573300692,0.8640283975773715,False,True,0.7748598995209728
main,Untaught IForest (accounts),reversal_calm,8,13,1,0.6972823065135553,0.8998817811382718,False,False,0.7748598995209728
main,Principle (accounts),reversal_calm,8,14,0,21.0,2.1,True,True,10.0
main,Principle (accounts),reversal_calm,8,14,1,21.0,2.1,True,True,10.0
main,Untaught IForest (accounts),reversal_calm,8,14,0,0.6699024743480755,0.8645465777261371,False,True,0.7748598995209728
main,Untaught IForest (accounts),reversal_calm,8,14,1,0.6695009573300692,0.8640283975773715,False,True,0.7748598995209728
main,Principle (accounts),reversal_calm,8,15,0,0.0,0.0,False,True,10.0
main,Principle (accounts),reversal_calm,8,15,1,21.0,2.1,True,True,10.0
main,Untaught IForest (accounts),reversal_calm,8,15,0,0.6834110087630634,0.8819800962542466,False,True,0.7748598995209728
main,Untaught IForest (accounts),reversal_calm,8,15,1,0.6695009573300692,0.8640283975773715,False,True,0.7748598995209728
main,Principle (accounts),reversal_calm,8,16,0,21.0,2.1,True,True,10.0
main,Principle (accounts),reversal_calm,8,16,1,21.0,2.1,True,False,10.0
main,Untaught IForest (accounts),reversal_calm,8,16,0,0.6695009573300692,0.8640283975773715,False,True,0.7748598995209728
main,Untaught IForest (accounts),reversal_calm,8,16,1,0.6972823065135553,0.8998817811382718,False,False,0.7748598995209728
main,Principle (accounts),reversal_calm,8,17,0,21.0,2.1,True,True,10.0
main,Principle (accounts),reversal_calm,8,17,1,0.0,0.0,False,True,10.0
main,Untaught IForest (accounts),reversal_calm,8,17,0,0.6695009573300692,0.8640283975773715,False,True,0.7748598995209728
main,Untaught IForest (accounts),reversal_calm,8,17,1,0.6833065897903075,0.8818453377349058,False,True,0.7748598995209728
main,Principle (accounts),reversal_calm,8,18,0,21.0,2.1,True,True,10.0
main,Principle (accounts),reversal_calm,8,18,1,21.0,2.1,True,True,10.0
main,Untaught IForest (accounts),reversal_calm,8,18,0,0.6524593788327528,0.8420352882322477,False,True,0.7748598995209728
main,Untaught IForest (accounts),reversal_calm,8,18,1,0.6695009573300692,0.8640283975773715,False,True,0.7748598995209728
main,Principle (accounts),reversal_calm,8,19,0,21.0,2.1,True,True,10.0
main,Principle (accounts),reversal_calm,8,19,1,21.0,2.1,True,True,10.0
main,Untaught IForest (accounts),reversal_calm,8,19,0,0.6695009573300692,0.8640283975773715,False,True,0.7748598995209728
main,Untaught IForest (accounts),reversal_calm,8,19,1,0.6695009573300692,0.8640283975773715,False,True,0.7748598995209728
main,Principle (accounts),reversal_calm,8,20,0,0.0,0.0,False,False,10.0
main,Principle (accounts),reversal_calm,8,20,1,21.0,2.1,True,True,10.0
main,Untaught IForest (accounts),reversal_calm,8,20,0,0.704881604165967,0.9096890994123361,False,False,0.7748598995209728
main,Untaught IForest (accounts),reversal_calm,8,20,1,0.6524593788327528,0.8420352882322477,False,True,0.7748598995209728
main,Principle (accounts),reversal_calm,8,21,0,21.0,2.1,True,True,10.0
main,Principle (accounts),reversal_calm,8,21,1,21.0,2.1,True,False,10.0
main,Untaught IForest (accounts),reversal_calm,8,21,0,0.6524593788327528,0.8420352882322477,False,True,0.7748598995209728
main,Untaught IForest (accounts),reversal_calm,8,21,1,0.6972823065135553,0.8998817811382718,False,False,0.7748598995209728
main,Principle (accounts),reversal_calm,8,22,0,21.0,2.1,True,False,10.0
main,Principle (accounts),reversal_calm,8,22,1,21.0,2.1,True,True,10.0
main,Untaught IForest (accounts),reversal_calm,8,22,0,0.6987376996837219,0.9017600473526757,False,False,0.7748598995209728
main,Untaught IForest (accounts),reversal_calm,8,22,1,0.6695009573300692,0.8640283975773715,False,True,0.7748598995209728
main,Principle (accounts),reversal_calm,8,23,0,21.0,2.1,True,False,10.0
main,Principle (accounts),reversal_calm,8,23,1,21.0,2.1,True,True,10.0
main,Untaught IForest (accounts),reversal_calm,8,23,0,0.6987376996837219,0.9017600473526757,False,False,0.7748598995209728
main,Untaught IForest (accounts),reversal_calm,8,23,1,0.6695009573300692,0.8640283975773715,False,True,0.7748598995209728
main,Principle (accounts),reversal_calm,8,24,0,21.0,2.1,True,True,10.0
main,Principle (accounts),reversal_calm,8,24,1,21.0,2.1,True,True,10.0
main,Untaught IForest (accounts),reversal_calm,8,24,0,0.6764682550287829,0.8730200845946259,False,True,0.7748598995209728
main,Untaught IForest (accounts),reversal_calm,8,24,1,0.6524593788327528,0.8420352882322477,False,True,0.7748598995209728
main,Principle (accounts),reversal_calm,8,25,0,21.0,2.1,True,True,10.0
main,Principle (accounts),reversal_calm,8,25,1,21.0,2.1,True,True,10.0
main,Untaught IForest (accounts),reversal_calm,8,25,0,0.6695009573300692,0.8640283975773715,False,True,0.7748598995209728
main,Untaught IForest (accounts),reversal_calm,8,25,1,0.6695009573300692,0.8640283975773715,False,True,0.7748598995209728
main,Principle (accounts),reversal_calm,8,26,0,21.0,2.1,True,True,10.0
main,Principle (accounts),reversal_calm,8,26,1,21.0,2.1,True,True,10.0
main,Untaught IForest (accounts),reversal_calm,8,26,0,0.6765288083145237,0.8730982319936307,False,True,0.7748598995209728
main,Untaught IForest (accounts),reversal_calm,8,26,1,0.6524593788327528,0.8420352882322477,False,True,0.7748598995209728
main,Principle (accounts),reversal_calm,8,27,0,21.0,2.1,True,True,10.0
main,Principle (accounts),reversal_calm,8,27,1,21.0,2.1,True,False,10.0
main,Untaught IForest (accounts),reversal_calm,8,27,0,0.6524593788327528,0.8420352882322477,False,True,0.7748598995209728
main,Untaught IForest (accounts),reversal_calm,8,27,1,0.6922244838997291,0.8933543784207574,False,False,0.7748598995209728
main,Principle (accounts),reversal_calm,8,28,0,21.0,2.1,True,True,10.0
main,Principle (accounts),reversal_calm,8,28,1,21.0,2.1,True,True,10.0
main,Untaught IForest (accounts),reversal_calm,8,28,0,0.6524593788327528,0.8420352882322477,False,True,0.7748598995209728
main,Untaught IForest (accounts),reversal_calm,8,28,1,0.6524593788327528,0.8420352882322477,False,True,0.7748598995209728
main,Principle (accounts),reversal_calm,8,29,0,21.0,2.1,True,True,10.0
main,Principle (accounts),reversal_calm,8,29,1,21.0,2.1,True,True,10.0
main,Untaught IForest (accounts),reversal_calm,8,29,0,0.6695009573300692,0.8640283975773715,False,True,0.7748598995209728
main,Untaught IForest (accounts),reversal_calm,8,29,1,0.6765288083145237,0.8730982319936307,False,True,0.7748598995209728
main,Principle (accounts),withdrawal_calm,8,0,0,0.0,0.0,False,False,10.0
main,Principle (accounts),withdrawal_calm,8,0,1,0.0,0.0,False,False,10.0
main,Untaught IForest (accounts),withdrawal_calm,8,0,0,0.5866711646453735,0.757131921535829,False,False,0.7748598995209728
main,Untaught IForest (accounts),withdrawal_calm,8,0,1,0.6394928961929183,0.8253013178101746,False,False,0.7748598995209728
main,Principle (accounts),withdrawal_calm,8,1,0,0.0,0.0,False,False,10.0
main,Principle (accounts),withdrawal_calm,8,1,1,0.0,0.0,False,False,10.0
main,Untaught IForest (accounts),withdrawal_calm,8,1,0,0.5739733866029083,0.7407447294120463,False,False,0.7748598995209728
main,Untaught IForest (accounts),withdrawal_calm,8,1,1,0.5739733866029083,0.7407447294120463,False,False,0.7748598995209728
main,Principle (accounts),withdrawal_calm,8,2,0,0.0,0.0,False,False,10.0
main,Principle (accounts),withdrawal_calm,8,2,1,0.0,0.0,False,False,10.0
main,Untaught IForest (accounts),withdrawal_calm,8,2,0,0.6451214150573346,0.832565235929948,False,False,0.7748598995209728
main,Untaught IForest (accounts),withdrawal_calm,8,2,1,0.5866711646453735,0.757131921535829,False,False,0.7748598995209728
main,Principle (accounts),withdrawal_calm,8,3,0,0.0,0.0,False,False,10.0
main,Principle (accounts),withdrawal_calm,8,3,1,0.0,0.0,False,False,10.0
main,Untaught IForest (accounts),withdrawal_calm,8,3,0,0.5739733866029083,0.7407447294120463,False,False,0.7748598995209728
main,Untaught IForest (accounts),withdrawal_calm,8,3,1,0.5866711646453735,0.757131921535829,False,False,0.7748598995209728
main,Principle (accounts),withdrawal_calm,8,4,0,0.0,0.0,False,False,10.0
main,Principle (accounts),withdrawal_calm,8,4,1,0.0,0.0,False,False,10.0
main,Untaught IForest (accounts),withdrawal_calm,8,4,0,0.5866711646453735,0.757131921535829,False,False,0.7748598995209728
main,Untaught IForest (accounts),withdrawal_calm,8,4,1,0.5739733866029083,0.7407447294120463,False,False,0.7748598995209728
main,Principle (accounts),withdrawal_calm,8,5,0,0.0,0.0,False,False,10.0
main,Principle (accounts),withdrawal_calm,8,5,1,0.0,0.0,False,False,10.0
main,Untaught IForest (accounts),withdrawal_calm,8,5,0,0.5866711646453735,0.757131921535829,False,False,0.7748598995209728
main,Untaught IForest (accounts),withdrawal_calm,8,5,1,0.5739733866029083,0.7407447294120463,False,False,0.7748598995209728
main,Principle (accounts),withdrawal_calm,8,6,0,0.0,0.0,False,False,10.0
main,Principle (accounts),withdrawal_calm,8,6,1,0.0,0.0,False,False,10.0
main,Untaught IForest (accounts),withdrawal_calm,8,6,0,0.5866711646453735,0.757131921535829,False,False,0.7748598995209728
main,Untaught IForest (accounts),withdrawal_calm,8,6,1,0.5866711646453735,0.757131921535829,False,False,0.7748598995209728
main,Principle (accounts),withdrawal_calm,8,7,0,0.0,0.0,False,False,10.0
main,Principle (accounts),withdrawal_calm,8,7,1,0.0,0.0,False,False,10.0
main,Untaught IForest (accounts),withdrawal_calm,8,7,0,0.5866711646453735,0.757131921535829,False,False,0.7748598995209728
main,Untaught IForest (accounts),withdrawal_calm,8,7,1,0.5866711646453735,0.757131921535829,False,False,0.7748598995209728
main,Principle (accounts),withdrawal_calm,8,8,0,0.0,0.0,False,False,10.0
main,Principle (accounts),withdrawal_calm,8,8,1,0.0,0.0,False,False,10.0
main,Untaught IForest (accounts),withdrawal_calm,8,8,0,0.642322755781545,0.8289534097436662,False,False,0.7748598995209728
main,Untaught IForest (accounts),withdrawal_calm,8,8,1,0.5866711646453735,0.757131921535829,False,False,0.7748598995209728
main,Principle (accounts),withdrawal_calm,8,9,0,0.0,0.0,False,False,10.0
main,Principle (accounts),withdrawal_calm,8,9,1,0.0,0.0,False,False,10.0
main,Untaught IForest (accounts),withdrawal_calm,8,9,0,0.5739733866029083,0.7407447294120463,False,False,0.7748598995209728
main,Untaught IForest (accounts),withdrawal_calm,8,9,1,0.5739733866029083,0.7407447294120463,False,False,0.7748598995209728
main,Principle (accounts),withdrawal_calm,8,10,0,0.0,0.0,False,False,10.0
main,Principle (accounts),withdrawal_calm,8,10,1,0.0,0.0,False,False,10.0
main,Untaught IForest (accounts),withdrawal_calm,8,10,0,0.5866711646453735,0.757131921535829,False,False,0.7748598995209728
main,Untaught IForest (accounts),withdrawal_calm,8,10,1,0.5866711646453735,0.757131921535829,False,False,0.7748598995209728
main,Principle (accounts),withdrawal_calm,8,11,0,0.0,0.0,False,False,10.0
main,Principle (accounts),withdrawal_calm,8,11,1,0.0,0.0,False,False,10.0
main,Untaught IForest (accounts),withdrawal_calm,8,11,0,0.5866711646453735,0.757131921535829,False,False,0.7748598995209728
main,Untaught IForest (accounts),withdrawal_calm,8,11,1,0.5739733866029083,0.7407447294120463,False,False,0.7748598995209728
main,Principle (accounts),withdrawal_calm,8,12,0,0.0,0.0,False,False,10.0
main,Principle (accounts),withdrawal_calm,8,12,1,0.0,0.0,False,False,10.0
main,Untaught IForest (accounts),withdrawal_calm,8,12,0,0.5739733866029083,0.7407447294120463,False,False,0.7748598995209728
main,Untaught IForest (accounts),withdrawal_calm,8,12,1,0.5866711646453735,0.757131921535829,False,False,0.7748598995209728
main,Principle (accounts),withdrawal_calm,8,13,0,0.0,0.0,False,False,10.0
main,Principle (accounts),withdrawal_calm,8,13,1,0.0,0.0,False,False,10.0
main,Untaught IForest (accounts),withdrawal_calm,8,13,0,0.5739733866029083,0.7407447294120463,False,False,0.7748598995209728
main,Untaught IForest (accounts),withdrawal_calm,8,13,1,0.5866711646453735,0.757131921535829,False,False,0.7748598995209728
main,Principle (accounts),withdrawal_calm,8,14,0,0.0,0.0,False,False,10.0
main,Principle (accounts),withdrawal_calm,8,14,1,0.0,0.0,False,False,10.0
main,Untaught IForest (accounts),withdrawal_calm,8,14,0,0.5866711646453735,0.757131921535829,False,False,0.7748598995209728
main,Untaught IForest (accounts),withdrawal_calm,8,14,1,0.5866711646453735,0.757131921535829,False,False,0.7748598995209728
main,Principle (accounts),withdrawal_calm,8,15,0,0.0,0.0,False,False,10.0
main,Principle (accounts),withdrawal_calm,8,15,1,0.0,0.0,False,False,10.0
main,Untaught IForest (accounts),withdrawal_calm,8,15,0,0.5739733866029083,0.7407447294120463,False,False,0.7748598995209728
main,Untaught IForest (accounts),withdrawal_calm,8,15,1,0.5739733866029083,0.7407447294120463,False,False,0.7748598995209728
main,Principle (accounts),withdrawal_calm,8,16,0,0.0,0.0,False,False,10.0
main,Principle (accounts),withdrawal_calm,8,16,1,0.0,0.0,False,False,10.0
main,Untaught IForest (accounts),withdrawal_calm,8,16,0,0.5739733866029083,0.7407447294120463,False,False,0.7748598995209728
main,Untaught IForest (accounts),withdrawal_calm,8,16,1,0.5739733866029083,0.7407447294120463,False,False,0.7748598995209728
main,Principle (accounts),withdrawal_calm,8,17,0,0.0,0.0,False,False,10.0
main,Principle (accounts),withdrawal_calm,8,17,1,0.0,0.0,False,False,10.0
main,Untaught IForest (accounts),withdrawal_calm,8,17,0,0.5866711646453735,0.757131921535829,False,False,0.7748598995209728
main,Untaught IForest (accounts),withdrawal_calm,8,17,1,0.5739733866029083,0.7407447294120463,False,False,0.7748598995209728
main,Principle (accounts),withdrawal_calm,8,18,0,0.0,0.0,False,False,10.0
main,Principle (accounts),withdrawal_calm,8,18,1,0.0,0.0,False,False,10.0
main,Untaught IForest (accounts),withdrawal_calm,8,18,0,0.5739733866029083,0.7407447294120463,False,False,0.7748598995209728
main,Untaught IForest (accounts),withdrawal_calm,8,18,1,0.5866711646453735,0.757131921535829,False,False,0.7748598995209728
main,Principle (accounts),withdrawal_calm,8,19,0,0.0,0.0,False,False,10.0
main,Principle (accounts),withdrawal_calm,8,19,1,0.0,0.0,False,False,10.0
main,Untaught IForest (accounts),withdrawal_calm,8,19,0,0.5739733866029083,0.7407447294120463,False,False,0.7748598995209728
main,Untaught IForest (accounts),withdrawal_calm,8,19,1,0.5739733866029083,0.7407447294120463,False,False,0.7748598995209728
main,Principle (accounts),withdrawal_calm,8,20,0,0.0,0.0,False,False,10.0
main,Principle (accounts),withdrawal_calm,8,20,1,0.0,0.0,False,False,10.0
main,Untaught IForest (accounts),withdrawal_calm,8,20,0,0.5739733866029083,0.7407447294120463,False,False,0.7748598995209728
main,Untaught IForest (accounts),withdrawal_calm,8,20,1,0.5739733866029083,0.7407447294120463,False,False,0.7748598995209728
main,Principle (accounts),withdrawal_calm,8,21,0,0.0,0.0,False,False,10.0
main,Principle (accounts),withdrawal_calm,8,21,1,0.0,0.0,False,False,10.0
main,Untaught IForest (accounts),withdrawal_calm,8,21,0,0.5866711646453735,0.757131921535829,False,False,0.7748598995209728
main,Untaught IForest (accounts),withdrawal_calm,8,21,1,0.5866711646453735,0.757131921535829,False,False,0.7748598995209728
main,Principle (accounts),withdrawal_calm,8,22,0,0.0,0.0,False,False,10.0
main,Principle (accounts),withdrawal_calm,8,22,1,0.0,0.0,False,False,10.0
main,Untaught IForest (accounts),withdrawal_calm,8,22,0,0.5739733866029083,0.7407447294120463,False,False,0.7748598995209728
main,Untaught IForest (accounts),withdrawal_calm,8,22,1,0.5739733866029083,0.7407447294120463,False,False,0.7748598995209728
main,Principle (accounts),withdrawal_calm,8,23,0,0.0,0.0,False,False,10.0
main,Principle (accounts),withdrawal_calm,8,23,1,0.0,0.0,False,False,10.0
main,Untaught IForest (accounts),withdrawal_calm,8,23,0,0.5819075398279773,0.7509841975145689,False,False,0.7748598995209728
main,Untaught IForest (accounts),withdrawal_calm,8,23,1,0.5866711646453735,0.757131921535829,False,False,0.7748598995209728
main,Principle (accounts),withdrawal_calm,8,24,0,0.0,0.0,False,False,10.0
main,Principle (accounts),withdrawal_calm,8,24,1,0.0,0.0,False,False,10.0
main,Untaught IForest (accounts),withdrawal_calm,8,24,0,0.5866711646453735,0.757131921535829,False,False,0.7748598995209728
main,Untaught IForest (accounts),withdrawal_calm,8,24,1,0.5739733866029083,0.7407447294120463,False,False,0.7748598995209728
main,Principle (accounts),withdrawal_calm,8,25,0,0.0,0.0,False,False,10.0
main,Principle (accounts),withdrawal_calm,8,25,1,0.0,0.0,False,False,10.0
main,Untaught IForest (accounts),withdrawal_calm,8,25,0,0.5866711646453735,0.757131921535829,False,False,0.7748598995209728
main,Untaught IForest (accounts),withdrawal_calm,8,25,1,0.6347685089627846,0.8192042320878984,False,False,0.7748598995209728
main,Principle (accounts),withdrawal_calm,8,26,0,0.0,0.0,False,False,10.0
main,Principle (accounts),withdrawal_calm,8,26,1,0.0,0.0,False,False,10.0
main,Untaught IForest (accounts),withdrawal_calm,8,26,0,0.6293041480317391,0.8121521689543905,False,False,0.7748598995209728
main,Untaught IForest (accounts),withdrawal_calm,8,26,1,0.5866711646453735,0.757131921535829,False,False,0.7748598995209728
main,Principle (accounts),withdrawal_calm,8,27,0,0.0,0.0,False,False,10.0
main,Principle (accounts),withdrawal_calm,8,27,1,0.0,0.0,False,False,10.0
main,Untaught IForest (accounts),withdrawal_calm,8,27,0,0.5866711646453735,0.757131921535829,False,False,0.7748598995209728
main,Untaught IForest (accounts),withdrawal_calm,8,27,1,0.5739733866029083,0.7407447294120463,False,False,0.7748598995209728
main,Principle (accounts),withdrawal_calm,8,28,0,0.0,0.0,False,False,10.0
main,Principle (accounts),withdrawal_calm,8,28,1,0.0,0.0,False,False,10.0
main,Untaught IForest (accounts),withdrawal_calm,8,28,0,0.5866711646453735,0.757131921535829,False,False,0.7748598995209728
main,Untaught IForest (accounts),withdrawal_calm,8,28,1,0.5739733866029083,0.7407447294120463,False,False,0.7748598995209728
main,Principle (accounts),withdrawal_calm,8,29,0,0.0,0.0,False,False,10.0
main,Principle (accounts),withdrawal_calm,8,29,1,0.0,0.0,False,False,10.0
main,Untaught IForest (accounts),withdrawal_calm,8,29,0,0.5866711646453735,0.757131921535829,False,False,0.7748598995209728
main,Untaught IForest (accounts),withdrawal_calm,8,29,1,0.5866711646453735,0.757131921535829,False,False,0.7748598995209728
main,Principle (accounts),reversal_calm,16,0,0,45.0,4.5,True,True,10.0
main,Principle (accounts),reversal_calm,16,0,1,45.0,4.5,True,True,10.0
main,Untaught IForest (accounts),reversal_calm,16,0,0,0.6649542515299595,0.8581606196694935,False,True,0.7748598995209728
main,Untaught IForest (accounts),reversal_calm,16,0,1,0.6649542515299595,0.8581606196694935,False,True,0.7748598995209728
main,Principle (accounts),reversal_calm,16,1,0,45.0,4.5,True,True,10.0
main,Principle (accounts),reversal_calm,16,1,1,45.0,4.5,True,True,10.0
main,Untaught IForest (accounts),reversal_calm,16,1,0,0.6649542515299595,0.8581606196694935,False,True,0.7748598995209728
main,Untaught IForest (accounts),reversal_calm,16,1,1,0.6748454603197828,0.8709257773398519,False,True,0.7748598995209728
main,Principle (accounts),reversal_calm,16,2,0,45.0,4.5,True,True,10.0
main,Principle (accounts),reversal_calm,16,2,1,45.0,4.5,True,True,10.0
main,Untaught IForest (accounts),reversal_calm,16,2,0,0.6748454603197828,0.8709257773398519,False,True,0.7748598995209728
main,Untaught IForest (accounts),reversal_calm,16,2,1,0.6748454603197828,0.8709257773398519,False,True,0.7748598995209728
main,Principle (accounts),reversal_calm,16,3,0,45.0,4.5,True,True,10.0
main,Principle (accounts),reversal_calm,16,3,1,45.0,4.5,True,True,10.0
main,Untaught IForest (accounts),reversal_calm,16,3,0,0.6748454603197828,0.8709257773398519,False,True,0.7748598995209728
main,Untaught IForest (accounts),reversal_calm,16,3,1,0.6748454603197828,0.8709257773398519,False,True,0.7748598995209728
main,Principle (accounts),reversal_calm,16,4,0,45.0,4.5,True,True,10.0
main,Principle (accounts),reversal_calm,16,4,1,45.0,4.5,True,True,10.0
main,Untaught IForest (accounts),reversal_calm,16,4,0,0.6649542515299595,0.8581606196694935,False,True,0.7748598995209728
main,Untaught IForest (accounts),reversal_calm,16,4,1,0.6748454603197828,0.8709257773398519,False,True,0.7748598995209728
main,Principle (accounts),reversal_calm,16,5,0,45.0,4.5,True,True,10.0
main,Principle (accounts),reversal_calm,16,5,1,0.0,0.0,False,True,10.0
main,Untaught IForest (accounts),reversal_calm,16,5,0,0.6649542515299595,0.8581606196694935,False,True,0.7748598995209728
main,Untaught IForest (accounts),reversal_calm,16,5,1,0.6943437429094985,0.8960894005984175,False,True,0.7748598995209728
main,Principle (accounts),reversal_calm,16,6,0,45.0,4.5,True,False,10.0
main,Principle (accounts),reversal_calm,16,6,1,0.0,0.0,False,True,10.0
main,Untaught IForest (accounts),reversal_calm,16,6,0,0.6985768508575935,0.9015524629542213,False,False,0.7748598995209728
main,Untaught IForest (accounts),reversal_calm,16,6,1,0.6887613006044473,0.8888849468532923,False,True,0.7748598995209728
main,Principle (accounts),reversal_calm,16,7,0,45.0,4.5,True,True,10.0
main,Principle (accounts),reversal_calm,16,7,1,45.0,4.5,True,True,10.0
main,Untaught IForest (accounts),reversal_calm,16,7,0,0.6748454603197828,0.8709257773398519,False,True,0.7748598995209728
main,Untaught IForest (accounts),reversal_calm,16,7,1,0.6748454603197828,0.8709257773398519,False,True,0.7748598995209728
main,Principle (accounts),reversal_calm,16,8,0,45.0,4.5,True,True,10.0
main,Principle (accounts),reversal_calm,16,8,1,45.0,4.5,True,True,10.0
main,Untaught IForest (accounts),reversal_calm,16,8,0,0.6649542515299595,0.8581606196694935,False,True,0.7748598995209728
main,Untaught IForest (accounts),reversal_calm,16,8,1,0.6649542515299595,0.8581606196694935,False,True,0.7748598995209728
main,Principle (accounts),reversal_calm,16,9,0,45.0,4.5,True,True,10.0
main,Principle (accounts),reversal_calm,16,9,1,45.0,4.5,True,True,10.0
main,Untaught IForest (accounts),reversal_calm,16,9,0,0.6748454603197828,0.8709257773398519,False,True,0.7748598995209728
main,Untaught IForest (accounts),reversal_calm,16,9,1,0.6649542515299595,0.8581606196694935,False,True,0.7748598995209728
main,Principle (accounts),reversal_calm,16,10,0,45.0,4.5,True,True,10.0
main,Principle (accounts),reversal_calm,16,10,1,45.0,4.5,True,True,10.0
main,Untaught IForest (accounts),reversal_calm,16,10,0,0.6649542515299595,0.8581606196694935,False,True,0.7748598995209728
main,Untaught IForest (accounts),reversal_calm,16,10,1,0.6748454603197828,0.8709257773398519,False,True,0.7748598995209728
main,Principle (accounts),reversal_calm,16,11,0,45.0,4.5,True,True,10.0
main,Principle (accounts),reversal_calm,16,11,1,45.0,4.5,True,True,10.0
main,Untaught IForest (accounts),reversal_calm,16,11,0,0.6649542515299595,0.8581606196694935,False,True,0.7748598995209728
main,Untaught IForest (accounts),reversal_calm,16,11,1,0.6748454603197828,0.8709257773398519,False,True,0.7748598995209728
main,Principle (accounts),reversal_calm,16,12,0,45.0,4.5,True,True,10.0
main,Principle (accounts),reversal_calm,16,12,1,0.0,0.0,False,True,10.0
main,Untaught IForest (accounts),reversal_calm,16,12,0,0.6649542515299595,0.8581606196694935,False,True,0.7748598995209728
main,Untaught IForest (accounts),reversal_calm,16,12,1,0.6887613006044473,0.8888849468532923,False,True,0.7748598995209728
main,Principle (accounts),reversal_calm,16,13,0,45.0,4.5,True,True,10.0
main,Principle (accounts),reversal_calm,16,13,1,45.0,4.5,True,True,10.0
main,Untaught IForest (accounts),reversal_calm,16,13,0,0.6649542515299595,0.8581606196694935,False,True,0.7748598995209728
main,Untaught IForest (accounts),reversal_calm,16,13,1,0.6649542515299595,0.8581606196694935,False,True,0.7748598995209728
main,Principle (accounts),reversal_calm,16,14,0,45.0,4.5,True,True,10.0
main,Principle (accounts),reversal_calm,16,14,1,45.0,4.5,True,True,10.0
main,Untaught IForest (accounts),reversal_calm,16,14,0,0.6649542515299595,0.8581606196694935,False,True,0.7748598995209728
main,Untaught IForest (accounts),reversal_calm,16,14,1,0.6748454603197828,0.8709257773398519,False,True,0.7748598995209728
main,Principle (accounts),reversal_calm,16,15,0,0.0,0.0,False,True,10.0
main,Principle (accounts),reversal_calm,16,15,1,45.0,4.5,True,True,10.0
main,Untaught IForest (accounts),reversal_calm,16,15,0,0.7086798736612754,0.9145909784457672,False,True,0.7748598995209728
main,Untaught IForest (accounts),reversal_calm,16,15,1,0.6649542515299595,0.8581606196694935,False,True,0.7748598995209728
main,Principle (accounts),reversal_calm,16,16,0,45.0,4.5,True,True,10.0
main,Principle (accounts),reversal_calm,16,16,1,45.0,4.5,True,True,10.0
main,Untaught IForest (accounts),reversal_calm,16,16,0,0.6748454603197828,0.8709257773398519,False,True,0.7748598995209728
main,Untaught IForest (accounts),reversal_calm,16,16,1,0.6748454603197828,0.8709257773398519,False,True,0.7748598995209728
main,Principle (accounts),reversal_calm,16,17,0,45.0,4.5,True,True,10.0
main,Principle (accounts),reversal_calm,16,17,1,45.0,4.5,True,True,10.0
main,Untaught IForest (accounts),reversal_calm,16,17,0,0.6649542515299595,0.8581606196694935,False,True,0.7748598995209728
main,Untaught IForest (accounts),reversal_calm,16,17,1,0.6649542515299595,0.8581606196694935,False,True,0.7748598995209728
main,Principle (accounts),reversal_calm,16,18,0,45.0,4.5,True,False,10.0
main,Principle (accounts),reversal_calm,16,18,1,45.0,4.5,True,True,10.0
main,Untaught IForest (accounts),reversal_calm,16,18,0,0.7024214412648685,0.9065141217129876,False,False,0.7748598995209728
main,Untaught IForest (accounts),reversal_calm,16,18,1,0.6649542515299595,0.8581606196694935,False,True,0.7748598995209728
main,Principle (accounts),reversal_calm,16,19,0,45.0,4.5,True,False,10.0
main,Principle (accounts),reversal_calm,16,19,1,45.0,4.5,True,True,10.0
main,Untaught IForest (accounts),reversal_calm,16,19,0,0.7030460101728657,0.9073201627900692,False,False,0.7748598995209728
main,Untaught IForest (accounts),reversal_calm,16,19,1,0.6649542515299595,0.8581606196694935,False,True,0.7748598995209728
main,Principle (accounts),reversal_calm,16,20,0,45.0,4.5,True,True,10.0
main,Principle (accounts),reversal_calm,16,20,1,45.0,4.5,True,True,10.0
main,Untaught IForest (accounts),reversal_calm,16,20,0,0.6649542515299595,0.8581606196694935,False,True,0.7748598995209728
main,Untaught IForest (accounts),reversal_calm,16,20,1,0.6748454603197828,0.8709257773398519,False,True,0.7748598995209728
main,Principle (accounts),reversal_calm,16,21,0,45.0,4.5,True,True,10.0
main,Principle (accounts),reversal_calm,16,21,1,45.0,4.5,True,True,10.0
main,Untaught IForest (accounts),reversal_calm,16,21,0,0.6649542515299595,0.8581606196694935,False,True,0.7748598995209728
main,Untaught IForest (accounts),reversal_calm,16,21,1,0.6649542515299595,0.8581606196694935,False,True,0.7748598995209728
main,Principle (accounts),reversal_calm,16,22,0,45.0,4.5,True,True,10.0
main,Principle (accounts),reversal_calm,16,22,1,45.0,4.5,True,False,10.0
main,Untaught IForest (accounts),reversal_calm,16,22,0,0.6748454603197828,0.8709257773398519,False,True,0.7748598995209728
main,Untaught IForest (accounts),reversal_calm,16,22,1,0.7030460101728657,0.9073201627900692,False,False,0.7748598995209728
main,Principle (accounts),reversal_calm,16,23,0,45.0,4.5,True,False,10.0
main,Principle (accounts),reversal_calm,16,23,1,45.0,4.5,True,True,10.0
main,Untaught IForest (accounts),reversal_calm,16,23,0,0.7108654396275756,0.9174115734561058,False,False,0.7748598995209728
main,Untaught IForest (accounts),reversal_calm,16,23,1,0.6812376882506939,0.8791753046864895,False,True,0.7748598995209728
main,Principle (accounts),reversal_calm,16,24,0,45.0,4.5,True,True,10.0
main,Principle (accounts),reversal_calm,16,24,1,45.0,4.5,True,True,10.0
main,Untaught IForest (accounts),reversal_calm,16,24,0,0.6649542515299595,0.8581606196694935,False,True,0.7748598995209728
main,Untaught IForest (accounts),reversal_calm,16,24,1,0.6748454603197828,0.8709257773398519,False,True,0.7748598995209728
main,Principle (accounts),reversal_calm,16,25,0,45.0,4.5,True,True,10.0
main,Principle (accounts),reversal_calm,16,25,1,45.0,4.5,True,True,10.0
main,Untaught IForest (accounts),reversal_calm,16,25,0,0.6649542515299595,0.8581606196694935,False,True,0.7748598995209728
main,Untaught IForest (accounts),reversal_calm,16,25,1,0.6649542515299595,0.8581606196694935,False,True,0.7748598995209728
main,Principle (accounts),reversal_calm,16,26,0,45.0,4.5,True,False,10.0
main,Principle (accounts),reversal_calm,16,26,1,45.0,4.5,True,True,10.0
main,Untaught IForest (accounts),reversal_calm,16,26,0,0.7108654396275756,0.9174115734561058,False,False,0.7748598995209728
main,Untaught IForest (accounts),reversal_calm,16,26,1,0.6748454603197828,0.8709257773398519,False,True,0.7748598995209728
main,Principle (accounts),reversal_calm,16,27,0,45.0,4.5,True,True,10.0
main,Principle (accounts),reversal_calm,16,27,1,45.0,4.5,True,False,10.0
main,Untaught IForest (accounts),reversal_calm,16,27,0,0.6649542515299595,0.8581606196694935,False,True,0.7748598995209728
main,Untaught IForest (accounts),reversal_calm,16,27,1,0.6985768508575935,0.9015524629542213,False,False,0.7748598995209728
main,Principle (accounts),reversal_calm,16,28,0,0.0,0.0,False,False,10.0
main,Principle (accounts),reversal_calm,16,28,1,45.0,4.5,True,True,10.0
main,Untaught IForest (accounts),reversal_calm,16,28,0,0.7084577271869953,0.9143042860070213,False,False,0.7748598995209728
main,Untaught IForest (accounts),reversal_calm,16,28,1,0.6748454603197828,0.8709257773398519,False,True,0.7748598995209728
main,Principle (accounts),reversal_calm,16,29,0,45.0,4.5,True,True,10.0
main,Principle (accounts),reversal_calm,16,29,1,45.0,4.5,True,True,10.0
main,Untaught IForest (accounts),reversal_calm,16,29,0,0.6649542515299595,0.8581606196694935,False,True,0.7748598995209728
main,Untaught IForest (accounts),reversal_calm,16,29,1,0.6748454603197828,0.8709257773398519,False,True,0.7748598995209728
main,Principle (accounts),withdrawal_calm,16,0,0,0.0,0.0,False,False,10.0
main,Principle (accounts),withdrawal_calm,16,0,1,0.0,0.0,False,False,10.0
main,Untaught IForest (accounts),withdrawal_calm,16,0,0,0.5926867383440287,0.7648953555480603,False,False,0.7748598995209728
main,Untaught IForest (accounts),withdrawal_calm,16,0,1,0.5982658710088312,0.7720955380174996,False,False,0.7748598995209728
main,Principle (accounts),withdrawal_calm,16,1,0,0.0,0.0,False,False,10.0
main,Principle (accounts),withdrawal_calm,16,1,1,0.0,0.0,False,False,10.0
main,Untaught IForest (accounts),withdrawal_calm,16,1,0,0.5926867383440287,0.7648953555480603,False,False,0.7748598995209728
main,Untaught IForest (accounts),withdrawal_calm,16,1,1,0.5926867383440287,0.7648953555480603,False,False,0.7748598995209728
main,Principle (accounts),withdrawal_calm,16,2,0,0.0,0.0,False,False,10.0
main,Principle (accounts),withdrawal_calm,16,2,1,0.0,0.0,False,False,10.0
main,Untaught IForest (accounts),withdrawal_calm,16,2,0,0.5982658710088312,0.7720955380174996,False,False,0.7748598995209728
main,Untaught IForest (accounts),withdrawal_calm,16,2,1,0.5982658710088312,0.7720955380174996,False,False,0.7748598995209728
main,Principle (accounts),withdrawal_calm,16,3,0,0.0,0.0,False,False,10.0
main,Principle (accounts),withdrawal_calm,16,3,1,0.0,0.0,False,False,10.0
main,Untaught IForest (accounts),withdrawal_calm,16,3,0,0.5926867383440287,0.7648953555480603,False,False,0.7748598995209728
main,Untaught IForest (accounts),withdrawal_calm,16,3,1,0.5982658710088312,0.7720955380174996,False,False,0.7748598995209728
main,Principle (accounts),withdrawal_calm,16,4,0,0.0,0.0,False,False,10.0
main,Principle (accounts),withdrawal_calm,16,4,1,0.0,0.0,False,False,10.0
main,Untaught IForest (accounts),withdrawal_calm,16,4,0,0.5926867383440287,0.7648953555480603,False,False,0.7748598995209728
main,Untaught IForest (accounts),withdrawal_calm,16,4,1,0.5926867383440287,0.7648953555480603,False,False,0.7748598995209728
main,Principle (accounts),withdrawal_calm,16,5,0,0.0,0.0,False,False,10.0
main,Principle (accounts),withdrawal_calm,16,5,1,0.0,0.0,False,False,10.0
main,Untaught IForest (accounts),withdrawal_calm,16,5,0,0.5926867383440287,0.7648953555480603,False,False,0.7748598995209728
main,Untaught IForest (accounts),withdrawal_calm,16,5,1,0.5982658710088312,0.7720955380174996,False,False,0.7748598995209728
main,Principle (accounts),withdrawal_calm,16,6,0,0.0,0.0,False,False,10.0
main,Principle (accounts),withdrawal_calm,16,6,1,0.0,0.0,False,False,10.0
main,Untaught IForest (accounts),withdrawal_calm,16,6,0,0.5926867383440287,0.7648953555480603,False,False,0.7748598995209728
main,Untaught IForest (accounts),withdrawal_calm,16,6,1,0.5926867383440287,0.7648953555480603,False,False,0.7748598995209728
main,Principle (accounts),withdrawal_calm,16,7,0,0.0,0.0,False,False,10.0
main,Principle (accounts),withdrawal_calm,16,7,1,0.0,0.0,False,False,10.0
main,Untaught IForest (accounts),withdrawal_calm,16,7,0,0.5982658710088312,0.7720955380174996,False,False,0.7748598995209728
main,Untaught IForest (accounts),withdrawal_calm,16,7,1,0.5926867383440287,0.7648953555480603,False,False,0.7748598995209728
main,Principle (accounts),withdrawal_calm,16,8,0,0.0,0.0,False,False,10.0
main,Principle (accounts),withdrawal_calm,16,8,1,0.0,0.0,False,False,10.0
main,Untaught IForest (accounts),withdrawal_calm,16,8,0,0.5926867383440287,0.7648953555480603,False,False,0.7748598995209728
main,Untaught IForest (accounts),withdrawal_calm,16,8,1,0.5982658710088312,0.7720955380174996,False,False,0.7748598995209728
main,Principle (accounts),withdrawal_calm,16,9,0,0.0,0.0,False,False,10.0
main,Principle (accounts),withdrawal_calm,16,9,1,0.0,0.0,False,False,10.0
main,Untaught IForest (accounts),withdrawal_calm,16,9,0,0.5926867383440287,0.7648953555480603,False,False,0.7748598995209728
main,Untaught IForest (accounts),withdrawal_calm,16,9,1,0.6375794890296317,0.8228319589435337,False,False,0.7748598995209728
main,Principle (accounts),withdrawal_calm,16,10,0,0.0,0.0,False,False,10.0
main,Principle (accounts),withdrawal_calm,16,10,1,0.0,0.0,False,False,10.0
main,Untaught IForest (accounts),withdrawal_calm,16,10,0,0.5926867383440287,0.7648953555480603,False,False,0.7748598995209728
main,Untaught IForest (accounts),withdrawal_calm,16,10,1,0.5926867383440287,0.7648953555480603,False,False,0.7748598995209728
main,Principle (accounts),withdrawal_calm,16,11,0,0.0,0.0,False,False,10.0
main,Principle (accounts),withdrawal_calm,16,11,1,0.0,0.0,False,False,10.0
main,Untaught IForest (accounts),withdrawal_calm,16,11,0,0.5926867383440287,0.7648953555480603,False,False,0.7748598995209728
main,Untaught IForest (accounts),withdrawal_calm,16,11,1,0.5982658710088312,0.7720955380174996,False,False,0.7748598995209728
main,Principle (accounts),withdrawal_calm,16,12,0,0.0,0.0,False,False,10.0
main,Principle (accounts),withdrawal_calm,16,12,1,0.0,0.0,False,False,10.0
main,Untaught IForest (accounts),withdrawal_calm,16,12,0,0.5926867383440287,0.7648953555480603,False,False,0.7748598995209728
main,Untaught IForest (accounts),withdrawal_calm,16,12,1,0.6392277766097912,0.8249591661730967,False,False,0.7748598995209728
main,Principle (accounts),withdrawal_calm,16,13,0,0.0,0.0,False,False,10.0
main,Principle (accounts),withdrawal_calm,16,13,1,0.0,0.0,False,False,10.0
main,Untaught IForest (accounts),withdrawal_calm,16,13,0,0.5982658710088312,0.7720955380174996,False,False,0.7748598995209728
main,Untaught IForest (accounts),withdrawal_calm,16,13,1,0.6602506576566122,0.8520903689360962,False,False,0.7748598995209728
main,Principle (accounts),withdrawal_calm,16,14,0,0.0,0.0,False,False,10.0
main,Principle (accounts),withdrawal_calm,16,14,1,0.0,0.0,False,False,10.0
main,Untaught IForest (accounts),withdrawal_calm,16,14,0,0.5926867383440287,0.7648953555480603,False,False,0.7748598995209728
main,Untaught IForest (accounts),withdrawal_calm,16,14,1,0.5926867383440287,0.7648953555480603,False,False,0.7748598995209728
main,Principle (accounts),withdrawal_calm,16,15,0,0.0,0.0,False,False,10.0
main,Principle (accounts),withdrawal_calm,16,15,1,0.0,0.0,False,False,10.0
main,Untaught IForest (accounts),withdrawal_calm,16,15,0,0.5982658710088312,0.7720955380174996,False,False,0.7748598995209728
main,Untaught IForest (accounts),withdrawal_calm,16,15,1,0.5982658710088312,0.7720955380174996,False,False,0.7748598995209728
main,Principle (accounts),withdrawal_calm,16,16,0,0.0,0.0,False,False,10.0
main,Principle (accounts),withdrawal_calm,16,16,1,0.0,0.0,False,False,10.0
main,Untaught IForest (accounts),withdrawal_calm,16,16,0,0.5982658710088312,0.7720955380174996,False,False,0.7748598995209728
main,Untaught IForest (accounts),withdrawal_calm,16,16,1,0.5926867383440287,0.7648953555480603,False,False,0.7748598995209728
main,Principle (accounts),withdrawal_calm,16,17,0,0.0,0.0,False,False,10.0
main,Principle (accounts),withdrawal_calm,16,17,1,0.0,0.0,False,False,10.0
main,Untaught IForest (accounts),withdrawal_calm,16,17,0,0.5926867383440287,0.7648953555480603,False,False,0.7748598995209728
main,Untaught IForest (accounts),withdrawal_calm,16,17,1,0.5982658710088312,0.7720955380174996,False,False,0.7748598995209728
main,Principle (accounts),withdrawal_calm,16,18,0,0.0,0.0,False,False,10.0
main,Principle (accounts),withdrawal_calm,16,18,1,0.0,0.0,False,False,10.0
main,Untaught IForest (accounts),withdrawal_calm,16,18,0,0.5926867383440287,0.7648953555480603,False,False,0.7748598995209728
main,Untaught IForest (accounts),withdrawal_calm,16,18,1,0.5926867383440287,0.7648953555480603,False,False,0.7748598995209728
main,Principle (accounts),withdrawal_calm,16,19,0,0.0,0.0,False,False,10.0
main,Principle (accounts),withdrawal_calm,16,19,1,0.0,0.0,False,False,10.0
main,Untaught IForest (accounts),withdrawal_calm,16,19,0,0.5926867383440287,0.7648953555480603,False,False,0.7748598995209728
main,Untaught IForest (accounts),withdrawal_calm,16,19,1,0.5926867383440287,0.7648953555480603,False,False,0.7748598995209728
main,Principle (accounts),withdrawal_calm,16,20,0,0.0,0.0,False,False,10.0
main,Principle (accounts),withdrawal_calm,16,20,1,0.0,0.0,False,False,10.0
main,Untaught IForest (accounts),withdrawal_calm,16,20,0,0.5982658710088312,0.7720955380174996,False,False,0.7748598995209728
main,Untaught IForest (accounts),withdrawal_calm,16,20,1,0.5926867383440287,0.7648953555480603,False,False,0.7748598995209728
main,Principle (accounts),withdrawal_calm,16,21,0,0.0,0.0,False,False,10.0
main,Principle (accounts),withdrawal_calm,16,21,1,0.0,0.0,False,False,10.0
main,Untaught IForest (accounts),withdrawal_calm,16,21,0,0.5982658710088312,0.7720955380174996,False,False,0.7748598995209728
main,Untaught IForest (accounts),withdrawal_calm,16,21,1,0.5926867383440287,0.7648953555480603,False,False,0.7748598995209728
main,Principle (accounts),withdrawal_calm,16,22,0,0.0,0.0,False,False,10.0
main,Principle (accounts),withdrawal_calm,16,22,1,0.0,0.0,False,False,10.0
main,Untaught IForest (accounts),withdrawal_calm,16,22,0,0.6188448527526419,0.7986538639245867,False,False,0.7748598995209728
main,Untaught IForest (accounts),withdrawal_calm,16,22,1,0.5926867383440287,0.7648953555480603,False,False,0.7748598995209728
main,Principle (accounts),withdrawal_calm,16,23,0,0.0,0.0,False,False,10.0
main,Principle (accounts),withdrawal_calm,16,23,1,0.0,0.0,False,False,10.0
main,Untaught IForest (accounts),withdrawal_calm,16,23,0,0.5982658710088312,0.7720955380174996,False,False,0.7748598995209728
main,Untaught IForest (accounts),withdrawal_calm,16,23,1,0.5926867383440287,0.7648953555480603,False,False,0.7748598995209728
main,Principle (accounts),withdrawal_calm,16,24,0,0.0,0.0,False,False,10.0
main,Principle (accounts),withdrawal_calm,16,24,1,0.0,0.0,False,False,10.0
main,Untaught IForest (accounts),withdrawal_calm,16,24,0,0.5982658710088312,0.7720955380174996,False,False,0.7748598995209728
main,Untaught IForest (accounts),withdrawal_calm,16,24,1,0.5982658710088312,0.7720955380174996,False,False,0.7748598995209728
main,Principle (accounts),withdrawal_calm,16,25,0,0.0,0.0,False,False,10.0
main,Principle (accounts),withdrawal_calm,16,25,1,0.0,0.0,False,False,10.0
main,Untaught IForest (accounts),withdrawal_calm,16,25,0,0.5982658710088312,0.7720955380174996,False,False,0.7748598995209728
main,Untaught IForest (accounts),withdrawal_calm,16,25,1,0.5982658710088312,0.7720955380174996,False,False,0.7748598995209728
main,Principle (accounts),withdrawal_calm,16,26,0,0.0,0.0,False,False,10.0
main,Principle (accounts),withdrawal_calm,16,26,1,0.0,0.0,False,False,10.0
main,Untaught IForest (accounts),withdrawal_calm,16,26,0,0.5926867383440287,0.7648953555480603,False,False,0.7748598995209728
main,Untaught IForest (accounts),withdrawal_calm,16,26,1,0.5926867383440287,0.7648953555480603,False,False,0.7748598995209728
main,Principle (accounts),withdrawal_calm,16,27,0,0.0,0.0,False,False,10.0
main,Principle (accounts),withdrawal_calm,16,27,1,0.0,0.0,False,False,10.0
main,Untaught IForest (accounts),withdrawal_calm,16,27,0,0.5926867383440287,0.7648953555480603,False,False,0.7748598995209728
main,Untaught IForest (accounts),withdrawal_calm,16,27,1,0.5926867383440287,0.7648953555480603,False,False,0.7748598995209728
main,Principle (accounts),withdrawal_calm,16,28,0,0.0,0.0,False,False,10.0
main,Principle (accounts),withdrawal_calm,16,28,1,0.0,0.0,False,False,10.0
main,Untaught IForest (accounts),withdrawal_calm,16,28,0,0.5926867383440287,0.7648953555480603,False,False,0.7748598995209728
main,Untaught IForest (accounts),withdrawal_calm,16,28,1,0.5982658710088312,0.7720955380174996,False,False,0.7748598995209728
main,Principle (accounts),withdrawal_calm,16,29,0,0.0,0.0,False,False,10.0
main,Principle (accounts),withdrawal_calm,16,29,1,0.0,0.0,False,False,10.0
main,Untaught IForest (accounts),withdrawal_calm,16,29,0,0.5982658710088312,0.7720955380174996,False,False,0.7748598995209728
main,Untaught IForest (accounts),withdrawal_calm,16,29,1,0.5926867383440287,0.7648953555480603,False,False,0.7748598995209728
